-- phpMyAdmin SQL Dump
-- version 4.1.12
-- http://www.phpmyadmin.net
--
-- Host: 127.0.0.1
-- Generation Time: Nov 13, 2014 at 11:28 PM
-- Server version: 5.5.36
-- PHP Version: 5.4.27

SET SQL_MODE = "NO_AUTO_VALUE_ON_ZERO";
SET time_zone = "+00:00";


/*!40101 SET @OLD_CHARACTER_SET_CLIENT=@@CHARACTER_SET_CLIENT */;
/*!40101 SET @OLD_CHARACTER_SET_RESULTS=@@CHARACTER_SET_RESULTS */;
/*!40101 SET @OLD_COLLATION_CONNECTION=@@COLLATION_CONNECTION */;
/*!40101 SET NAMES utf8 */;

--
-- Database: `dallnew`
--

--
-- Dumping data for table `andar`
--

INSERT INTO `andar` (`id`, `descricao`, `bloco`, `posicao`, `ativo`) VALUES
(1, 'Térreo', 1, 1, 1),
(2, '2° Andar', 1, 2, 1),
(3, '3° Andar', 1, 3, 1),
(4, '4° Andar', 1, 4, 1),
(5, '5° Andar', 1, 5, 1),
(6, 'Térreo', 2, 1, 1),
(7, '2° Andar', 2, 2, 1),
(8, '3° Andar', 2, 3, 1),
(9, '4° Andar', 2, 4, 1),
(10, '5° Andar', 2, 5, 1),
(11, 'Térreo', 3, 1, 1),
(12, '2° Andar', 3, 2, 1),
(13, '3° Andar', 3, 3, 1),
(14, '4° Andar', 3, 4, 1),
(15, '5° Andar', 3, 5, 1),
(16, 'Térreo', 4, 1, 1),
(17, '2° Andar', 4, 2, 1),
(18, '3° Andar', 4, 3, 1),
(19, '4° Andar', 4, 4, 1),
(20, '5° Andar', 4, 5, 1),
(21, 'Térreo', 5, 1, 1),
(22, '2° Andar', 5, 2, 1),
(23, '3° Andar', 5, 3, 1),
(24, '4° Andar', 5, 4, 1),
(25, '5° Andar', 5, 5, 1),
(26, 'Térreo', 6, 1, 1),
(27, '2° Andar', 6, 2, 1),
(28, '3° Andar', 6, 3, 1),
(29, '4° Andar', 6, 4, 1),
(30, '5° Andar', 6, 5, 1),
(31, 'Térreo', 7, 1, 1),
(32, '2° Andar', 7, 2, 1),
(33, '3° Andar', 7, 3, 1),
(34, '4° Andar', 7, 4, 1),
(35, '5° Andar', 7, 5, 1);

--
-- Dumping data for table `apartamento`
--

INSERT INTO `apartamento` (`id`, `numero`, `descricao`, `metragem`, `valor`, `box_estacionamento`, `bloco`, `andar`, `disponivel`, `ativo`) VALUES
(1, 101, '101H', '55,5', 126000.00, 196, 1, 1, 1, 1),
(2, 102, '102H', '56,16', 130000.00, 197, 1, 1, 1, 1),
(3, 103, '103H', '56,16', 127000.00, 198, 1, 1, 1, 1),
(4, 104, '104H', '55,5', 125000.00, 199, 1, 1, 1, 1),
(5, 105, '105H', '55,5', 125000.00, 83, 1, 1, 1, 1),
(6, 106, '106H', '56,16', 127000.00, 82, 1, 1, 1, 1),
(7, 107, '107H', '56,16', 130000.00, 81, 1, 1, 1, 1),
(8, 108, '108H', '55,5', 126000.00, 80, 1, 1, 1, 1),
(9, 201, '201H', '55,5', 132000.00, 184, 1, 2, 1, 1),
(10, 202, '202H', '56,16', 136000.00, 185, 1, 2, 1, 1),
(11, 203, '203H', '56,16', 133000.00, 186, 1, 2, 1, 1),
(12, 204, '204H', '55,5', 130000.00, 187, 1, 2, 1, 1),
(13, 205, '205H', '55,5', 130000.00, 95, 1, 2, 1, 1),
(14, 206, '206H', '56,16', 133000.00, 94, 1, 2, 1, 1),
(15, 207, '207H', '56,16', 136000.00, 93, 1, 2, 1, 1),
(16, 208, '208H', '55,5', 132000.00, 92, 1, 2, 1, 1),
(17, 301, '301H', '55,5', 137000.00, 173, 1, 3, 1, 1),
(18, 302, '302H', '56,16', 141000.00, 174, 1, 3, 1, 1),
(19, 303, '303H', '56,16', 138000.00, 175, 1, 3, 1, 1),
(20, 304, '304H', '55,5', 135000.00, 176, 1, 3, 1, 1),
(21, 305, '305H', '55,5', 135000.00, 177, 1, 3, 1, 1),
(22, 306, '306H', '56,16', 138000.00, 178, 1, 3, 1, 1),
(23, 307, '307H', '56,16', 145000.00, 179, 1, 3, 1, 1),
(24, 308, '308H', '55,5', 137000.00, 180, 1, 3, 1, 1),
(25, 401, '401H', '55,5', 142000.00, 165, 1, 4, 1, 1),
(26, 402, '402H', '56,16', 147000.00, 166, 1, 4, 1, 1),
(27, 403, '403H', '56,16', 143000.00, 167, 1, 4, 1, 1),
(28, 404, '404H', '55,5', 139000.00, 168, 1, 4, 1, 1),
(29, 405, '405H', '55,5', 139000.00, 169, 1, 4, 1, 1),
(30, 406, '406H', '56,16', 143000.00, 170, 1, 4, 1, 1),
(31, 407, '407H', '56,16', 147000.00, 171, 1, 4, 1, 1),
(32, 408, '408H', '55,5', 142000.00, 172, 1, 4, 1, 1),
(33, 501, '501H', '55,5', 147000.00, 155, 1, 5, 1, 1),
(34, 502, '502H', '56,16', 152000.00, 156, 1, 5, 1, 1),
(35, 503, '503H', '56,16', 148000.00, 158, 1, 5, 1, 1),
(36, 504, '504H', '55,5', 145000.00, 159, 1, 5, 1, 1),
(37, 505, '505H', '55,5', 145000.00, 160, 1, 5, 1, 1),
(38, 506, '506H', '56,16', 148000.00, 161, 1, 5, 1, 1),
(39, 507, '507H', '56,16', 152000.00, 157, 1, 5, 1, 1),
(40, 508, '508H', '55,5', 147000.00, 154, 1, 5, 1, 1),
(41, 101, '101I', '55,5', 126000.00, 188, 2, 6, 1, 1),
(42, 102, '102I', '56,16', 130000.00, 189, 2, 6, 1, 1),
(43, 103, '103I', '56,16', 127000.00, 190, 2, 6, 1, 1),
(44, 104, '104I', '55,5', 125000.00, 191, 2, 6, 1, 1),
(45, 105, '105I', '55,5', 125000.00, 91, 2, 6, 1, 1),
(46, 106, '106I', '56,16', 127000.00, 90, 2, 6, 1, 1),
(47, 107, '107I', '56,16', 130000.00, 89, 2, 6, 1, 1),
(48, 108, '108I', '55,5', 126000.00, 88, 2, 6, 1, 1),
(49, 201, '201I', '55,5', 132000.00, 108, 2, 7, 1, 1),
(50, 202, '202I', '56,16', 136000.00, 107, 2, 7, 1, 1),
(51, 203, '203I', '56,16', 133000.00, 106, 2, 7, 1, 1),
(52, 204, '204I', '55,5', 130000.00, 105, 2, 7, 1, 1),
(53, 205, '205I', '55,5', 130000.00, 104, 2, 7, 1, 1),
(54, 206, '206I', '56,16', 133000.00, 103, 2, 7, 1, 1),
(55, 207, '207I', '56,16', 136000.00, 102, 2, 7, 1, 1),
(56, 208, '208I', '55,5', 132000.00, 101, 2, 7, 1, 1),
(57, 301, '301I', '55,5', 137000.00, 124, 2, 8, 1, 1),
(58, 302, '302I', '56,16', 141000.00, 123, 2, 8, 1, 1),
(59, 303, '303I', '56,16', 138000.00, 122, 2, 8, 1, 1),
(60, 304, '304I', '55,5', 135000.00, 121, 2, 8, 1, 1),
(61, 305, '305I', '55,5', 135000.00, 120, 2, 8, 1, 1),
(62, 306, '306I', '56,16', 138000.00, 119, 2, 8, 1, 1),
(63, 307, '307I', '56,16', 141000.00, 118, 2, 8, 1, 1),
(64, 308, '308I', '55,5', 137000.00, 117, 2, 8, 1, 1),
(65, 401, '401I', '55,5', 142000.00, 137, 2, 9, 1, 1),
(66, 402, '402I', '56,16', 147000.00, 163, 2, 9, 1, 1),
(67, 403, '403I', '56,16', 143000.00, 136, 2, 9, 1, 1),
(68, 404, '404I', '55,5', 139000.00, 133, 2, 9, 1, 1),
(69, 405, '405I', '55,5', 139000.00, 134, 2, 9, 1, 1),
(70, 406, '406I', '56,16', 143000.00, 135, 2, 9, 1, 1),
(71, 407, '407I', '56,16', 147000.00, 162, 2, 9, 1, 1),
(72, 408, '408I', '55,5', 142000.00, 164, 2, 9, 1, 1),
(73, 501, '501I', '55,5', 147000.00, 147, 2, 10, 1, 1),
(74, 502, '502I', '56,16', 152000.00, 149, 2, 10, 1, 1),
(75, 503, '503I', '56,16', 148000.00, 148, 2, 10, 1, 1),
(76, 504, '504I', '55,5', 145000.00, 146, 2, 10, 1, 1),
(77, 505, '505I', '55,5', 145000.00, 153, 2, 10, 1, 1),
(78, 506, '506I', '56,16', 148000.00, 151, 2, 10, 1, 1),
(79, 507, '507I', '56,16', 152000.00, 150, 2, 10, 1, 1),
(80, 508, '508I', '55,5', 147000.00, 152, 2, 10, 1, 1),
(81, 101, '101J', '55,5', 125000.00, 192, 3, 11, 1, 1),
(82, 102, '102J', '56,16', 127000.00, 193, 3, 11, 1, 1),
(83, 103, '103J', '56,16', 130000.00, 194, 3, 11, 1, 1),
(84, 104, '104J', '55,5', 126000.00, 195, 3, 11, 1, 1),
(85, 105, '105J', '55,5', 126000.00, 87, 3, 11, 1, 1),
(86, 106, '106J', '56,16', 130000.00, 86, 3, 11, 1, 1),
(87, 107, '107J', '56,16', 127000.00, 85, 3, 11, 1, 1),
(88, 108, '108J', '55,5', 125000.00, 84, 3, 11, 1, 1),
(89, 201, '201J', '55,5', 130000.00, 181, 3, 12, 1, 1),
(90, 202, '202J', '56,16', 133000.00, 182, 3, 12, 1, 1),
(91, 203, '203J', '56,16', 136000.00, 183, 3, 12, 1, 1),
(92, 204, '204J', '55,5', 132000.00, 100, 3, 12, 1, 1),
(93, 205, '205J', '55,5', 132000.00, 99, 3, 12, 1, 1),
(94, 206, '206J', '56,16', 136000.00, 98, 3, 12, 1, 1),
(95, 207, '207J', '56,16', 133000.00, 97, 3, 12, 1, 1),
(96, 208, '208J', '55,5', 130000.00, 96, 3, 12, 1, 1),
(97, 301, '301J', '55,5', 135000.00, 116, 3, 13, 1, 1),
(98, 302, '302J', '56,16', 138000.00, 115, 3, 13, 1, 1),
(99, 303, '303J', '56,16', 141000.00, 114, 3, 13, 1, 1),
(100, 304, '304J', '55,5', 137000.00, 113, 3, 13, 1, 1),
(101, 305, '305J', '55,5', 137000.00, 112, 3, 13, 1, 1),
(102, 306, '306J', '56,16', 141000.00, 111, 3, 13, 1, 1),
(103, 307, '307J', '56,16', 138000.00, 110, 3, 13, 1, 1),
(104, 308, '308J', '55,5', 135000.00, 109, 3, 13, 1, 1),
(105, 401, '401J', '55,5', 145000.00, 125, 3, 14, 1, 1),
(106, 402, '402J', '56,16', 143000.00, 126, 3, 14, 1, 1),
(107, 403, '403J', '56,16', 147000.00, 127, 3, 14, 1, 1),
(108, 404, '404J', '55,5', 142000.00, 128, 3, 14, 1, 1),
(109, 405, '405J', '55,5', 142000.00, 129, 3, 14, 1, 1),
(110, 406, '406J', '56,16', 147000.00, 130, 3, 14, 1, 1),
(111, 407, '407J', '56,16', 143000.00, 131, 3, 14, 1, 1),
(112, 408, '408J', '55,5', 139000.00, 132, 3, 14, 1, 1),
(113, 501, '501J', '55,5', 145000.00, 140, 3, 15, 1, 1),
(114, 502, '502J', '56,16', 148000.00, 141, 3, 15, 1, 1),
(115, 503, '503J', '56,16', 152000.00, 142, 3, 15, 1, 1),
(116, 504, '504J', '55,5', 147000.00, 139, 3, 15, 1, 1),
(117, 505, '505J', '55,5', 147000.00, 138, 3, 15, 1, 1),
(118, 506, '506J', '56,16', 152000.00, 143, 3, 15, 1, 1),
(119, 507, '507J', '56,16', 148000.00, 144, 3, 15, 1, 1),
(120, 508, '508J', '55,5', 145000.00, 145, 3, 15, 1, 1),
(121, 101, '101D', '55,50', 131000.00, 360, 4, 16, 1, 1),
(122, 102, '102D', '56,16', 135000.00, 361, 4, 16, 1, 1),
(123, 103, '103D', '56,16', 132000.00, 362, 4, 16, 1, 1),
(124, 104, '104D', '55,5', 130000.00, 363, 4, 16, 1, 1),
(125, 105, '105D', '55,5', 130000.00, 364, 4, 16, 1, 1),
(126, 106, '106D', '56,16', 132000.00, 365, 4, 16, 1, 1),
(127, 107, '107D', '56,16', 135000.00, 366, 4, 16, 1, 1),
(128, 108, '108D', '55,50', 131000.00, 367, 4, 16, 1, 1),
(129, 201, '201D', '55,50', 136000.00, 220, 4, 17, 1, 1),
(130, 202, '202D', '56,16', 140000.00, 221, 4, 17, 0, 1),
(131, 203, '203D', '56,16', 137000.00, 222, 4, 17, 1, 1),
(132, 204, '204D', '55,50', 134000.00, 347, 4, 17, 1, 1),
(133, 205, '205D', '55,50', 134000.00, 348, 4, 17, 1, 1),
(134, 206, '206D', '56,16', 137000.00, 349, 4, 17, 1, 1),
(135, 207, '207D', '56,16', 140000.00, 350, 4, 17, 1, 1),
(136, 208, '208D', '55,50', 136000.00, 351, 4, 17, 1, 1),
(137, 301, '301D', '55,50', 140000.00, 334, 4, 18, 1, 1),
(138, 302, '302D', '56,16', 144000.00, 335, 4, 18, 1, 1),
(139, 303, '303D', '56,16', 141000.00, 336, 4, 18, 1, 1),
(140, 304, '304D', '55,50', 138000.00, 337, 4, 18, 1, 1),
(141, 305, '305D', '55,50', 137000.00, 338, 4, 18, 0, 1),
(142, 306, '306D', '56,16', 141000.00, 339, 4, 18, 1, 1),
(143, 307, '307D', '56,16', 144000.00, 340, 4, 18, 1, 1),
(144, 308, '308D', '55,50', 140000.00, 341, 4, 18, 1, 1),
(145, 401, '401D', '55,50', 144000.00, 342, 4, 19, 1, 1),
(146, 402, '402D', '56,16', 160000.00, 343, 4, 19, 0, 1),
(147, 403, '403D', '56,16', 160000.00, 277, 4, 19, 0, 1),
(148, 404, '404D', '55,50', 141000.00, 278, 4, 19, 0, 1),
(149, 405, '405D', '55,50', 140000.00, 279, 4, 19, 0, 1),
(150, 406, '406D', '56,16', 160000.00, 280, 4, 19, 0, 1),
(151, 407, '407D', '56,16', 160000.00, 281, 4, 19, 0, 1),
(152, 408, '408D', '55,50', 144000.00, 268, 4, 19, 1, 1),
(153, 501, '501D', '55,50', 160000.00, 269, 4, 20, 0, 1),
(154, 502, '502D', '56,16', 165000.00, 270, 4, 20, 0, 1),
(155, 503, '503D', '56,16', 165000.00, 271, 4, 20, 0, 1),
(156, 504, '504D', '55,50', 160000.00, 272, 4, 20, 0, 1),
(157, 505, '505D', '55,50', 160000.00, 273, 4, 20, 0, 1),
(158, 506, '506D', '56,16', 170000.00, 274, 4, 20, 0, 1),
(159, 507, '507D', '56,16', 170000.00, 275, 4, 20, 0, 1),
(160, 508, '508D', '55,50', 165000.00, 276, 4, 20, 0, 1),
(161, 101, '101E', '55,50', 131000.00, 36, 5, 21, 1, 1),
(162, 102, '102E', '56,16', 135000.00, 37, 5, 21, 1, 1),
(163, 103, '103E', '56,16', 132000.00, 38, 5, 21, 1, 1),
(164, 104, '104E', '55,50', 130000.00, 39, 5, 21, 1, 1),
(165, 105, '105E', '54,50', 129000.00, 40, 5, 21, 1, 1),
(166, 106, '106E', '59,80', 137000.00, 41, 5, 21, 1, 1),
(167, 107, '107E', '59,80', 140000.00, 42, 5, 21, 1, 1),
(168, 108, '108E', '54,50', 130000.00, 43, 5, 21, 1, 1),
(169, 201, '201E', '55,50', 136000.00, 352, 5, 22, 0, 1),
(170, 202, '202E', '56,16', 143000.00, 353, 5, 22, 1, 1),
(171, 203, '203E', '56,16', 137000.00, 354, 5, 22, 1, 1),
(172, 204, '204E', '55,50', 134000.00, 355, 5, 22, 1, 1),
(173, 205, '205E', '54,50', 133000.00, 356, 5, 22, 1, 1),
(174, 206, '206E', '59,80', 142000.00, 357, 5, 22, 1, 1),
(175, 207, '207E', '59,80', 145000.00, 358, 5, 22, 1, 1),
(176, 208, '208E', '54,50', 135000.00, 359, 5, 22, 1, 1),
(177, 301, '301E', '55,5', 140000.00, 223, 5, 23, 0, 1),
(178, 302, '302E', '56,16', 144000.00, 224, 5, 23, 1, 1),
(179, 303, '303E', '56,16', 141000.00, 225, 5, 23, 1, 1),
(180, 304, '304E', '55,50', 138000.00, 226, 5, 23, 1, 1),
(181, 305, '305E', '54,50', 137000.00, 227, 5, 23, 1, 1),
(182, 306, '306E', '59,80', 146000.00, 344, 5, 23, 1, 1),
(183, 307, '307E', '59,80', 149000.00, 345, 5, 23, 1, 1),
(184, 308, '308E', '54,50', 139000.00, 346, 5, 23, 1, 1),
(185, 401, '401E', '55,50', 144000.00, 228, 5, 24, 1, 1),
(186, 402, '402E', '56,16', 160000.00, 229, 5, 24, 0, 1),
(187, 403, '403E', '56,16', 160000.00, 230, 5, 24, 0, 1),
(188, 404, '404E', '55,50', 141000.00, 231, 5, 24, 1, 1),
(189, 405, '405E', '54,50', 140000.00, 232, 5, 24, 1, 1),
(190, 406, '406E', '59,80', 165000.00, 233, 5, 24, 0, 1),
(191, 407, '407E', '59,80', 165000.00, 234, 5, 24, 0, 1),
(192, 408, '408E', '54,50', 143000.00, 235, 5, 24, 1, 1),
(193, 501, '501E', '55,50', 160000.00, 236, 5, 25, 0, 1),
(194, 502, '502E', '56,16', 165000.00, 237, 5, 25, 0, 1),
(195, 503, '503E', '56,16', 165000.00, 238, 5, 25, 0, 1),
(196, 504, '504E', '55,50', 160000.00, 239, 5, 25, 0, 1),
(197, 505, '505E', '54,50', 160000.00, 240, 5, 25, 0, 1),
(198, 506, '506E', '59,80', 170000.00, 241, 5, 25, 0, 1),
(199, 507, '507E', '59,80', 170000.00, 242, 5, 25, 0, 1),
(200, 508, '508E', '54,50', 160000.00, 243, 5, 25, 0, 1),
(201, 101, '101F', '55,50', 131000.00, 52, 6, 26, 0, 1),
(202, 102, '102F', '56,16', 135000.00, 53, 6, 26, 1, 1),
(203, 103, '103F', '56,16', 132000.00, 54, 6, 26, 1, 1),
(204, 104, '104F', '55,50', 130000.00, 55, 6, 26, 1, 1),
(205, 105, '105F', '55,50', 130000.00, 56, 6, 26, 1, 1),
(206, 106, '106F', '56,16', 132000.00, 57, 6, 26, 1, 1),
(207, 107, '107F', '56,16', 135000.00, 58, 6, 26, 1, 1),
(208, 108, '108F', '55,50', 131000.00, 59, 6, 26, 1, 1),
(209, 201, '201F', '55,50', 136000.00, 60, 6, 27, 0, 1),
(210, 202, '202F', '56,16', 140000.00, 61, 6, 27, 1, 1),
(211, 203, '203F', '56,16', 137000.00, 62, 6, 27, 1, 1),
(212, 204, '204F', '55,50', 134000.00, 63, 6, 27, 1, 1),
(213, 205, '205F', '55,50', 134000.00, 216, 6, 27, 1, 1),
(214, 206, '206F', '56,16', 137000.00, 217, 6, 27, 1, 1),
(215, 207, '207F', '56,16', 140000.00, 218, 6, 27, 1, 1),
(216, 208, '208F', '55,5', 136000.00, 219, 6, 27, 1, 1),
(217, 301, '301F', '55,50', 140000.00, 208, 6, 28, 1, 1),
(218, 302, '302F', '56,16', 144000.00, 209, 6, 28, 1, 1),
(219, 303, '303F', '56,16', 141000.00, 210, 6, 28, 1, 1),
(220, 304, '304F', '55,50', 138000.00, 211, 6, 28, 1, 1),
(221, 305, '305F', '55,50', 137000.00, 212, 6, 28, 0, 1),
(222, 306, '306F', '56,16', 141000.00, 213, 6, 28, 1, 1),
(223, 307, '307F', '56,16', 144000.00, 214, 6, 28, 1, 1),
(224, 308, '308F', '55,50', 140000.00, 215, 6, 28, 1, 1),
(225, 401, '401F', '55,50', 144000.00, 260, 6, 29, 1, 1),
(226, 402, '402F', '56,16', 160000.00, 261, 6, 29, 0, 1),
(227, 403, '403F', '56,16', 160000.00, 262, 6, 29, 0, 1),
(228, 404, '404F', '55,50', 141000.00, 263, 6, 29, 1, 1),
(229, 405, '405F', '55,50', 141000.00, 264, 6, 29, 1, 1),
(230, 406, '406F', '56,16', 160000.00, 265, 6, 29, 0, 1),
(231, 407, '407F', '56,16', 160000.00, 266, 6, 29, 0, 1),
(232, 408, '408F', '55,5', 144000.00, 267, 6, 29, 1, 1),
(233, 501, '501F', '55,50', 160000.00, 252, 6, 30, 0, 1),
(234, 502, '502F', '56,16', 165000.00, 253, 6, 30, 0, 1),
(235, 503, '503F', '56,16', 165000.00, 254, 6, 30, 0, 1),
(236, 504, '504F', '55,50', 160000.00, 255, 6, 30, 0, 1),
(237, 505, '505F', '55,50', 160000.00, 256, 6, 30, 0, 1),
(238, 506, '506F', '56,16', 170000.00, 257, 6, 30, 0, 1),
(239, 507, '507F', '56,16', 170000.00, 258, 6, 30, 0, 1),
(240, 508, '508F', '55,50', 165000.00, 259, 6, 30, 0, 1),
(241, 101, '101G', '55,50', 131000.00, 44, 7, 31, 1, 1),
(242, 102, '102G', '56,16', 135000.00, 45, 7, 31, 1, 1),
(243, 103, '103G', '56,16', 132000.00, 46, 7, 31, 1, 1),
(244, 104, '104G', '55,50', 130000.00, 47, 7, 31, 1, 1),
(245, 105, '105G', '54,50', 129000.00, 48, 7, 31, 1, 1),
(246, 106, '106G', '59,80', 137000.00, 49, 7, 31, 1, 1),
(247, 107, '107G', '59,80', 140000.00, 50, 7, 31, 1, 1),
(248, 108, '108G', '54,50', 130000.00, 51, 7, 31, 1, 1),
(249, 201, '201G', '55,50', 136000.00, 64, 7, 32, 1, 1),
(250, 202, '202G', '56,16', 140000.00, 65, 7, 32, 0, 1),
(251, 203, '203G', '56,16', 137000.00, 66, 7, 32, 1, 1),
(252, 204, '204G', '55,50', 134000.00, 67, 7, 32, 1, 1),
(253, 205, '205G', '54,50', 133000.00, 68, 7, 32, 1, 1),
(254, 206, '206G', '59,80', 142000.00, 69, 7, 32, 1, 1),
(255, 207, '207G', '59,80', 145000.00, 70, 7, 32, 1, 1),
(256, 208, '208G', '54,50', 135000.00, 71, 7, 32, 1, 1),
(257, 301, '301G', '55,50', 140000.00, 72, 7, 33, 0, 1),
(258, 302, '302G', '56,16', 144000.00, 73, 7, 33, 1, 1),
(259, 303, '303G', '56,16', 141000.00, 74, 7, 33, 1, 1),
(260, 304, '304G', '55,50', 138000.00, 75, 7, 33, 1, 1),
(261, 305, '305G', '54,50', 137000.00, 76, 7, 33, 1, 1),
(262, 306, '306G', '59,80', 146000.00, 77, 7, 33, 1, 1),
(263, 307, '307G', '59,80', 149000.00, 78, 7, 33, 1, 1),
(264, 308, '308G', '54,50', 139000.00, 79, 7, 33, 1, 1),
(265, 401, '401G', '55,50', 160000.00, 200, 7, 34, 0, 1),
(266, 402, '402G', '56,16', 160000.00, 201, 7, 34, 0, 1),
(267, 403, '403G', '56,16', 160000.00, 202, 7, 34, 0, 1),
(268, 404, '404G', '55,50', 141000.00, 203, 7, 34, 1, 1),
(269, 405, '405G', '54,50', 140000.00, 204, 7, 34, 1, 1),
(270, 406, '406G', '59,80', 165000.00, 205, 7, 34, 0, 1),
(271, 407, '407G', '59,80', 165000.00, 206, 7, 34, 0, 1),
(272, 408, '408G', '54,50', 143000.00, 207, 7, 34, 1, 1),
(273, 501, '501G', '55,50', 160000.00, 244, 7, 35, 0, 1),
(274, 502, '502G', '56,16', 165000.00, 245, 7, 35, 0, 1),
(275, 503, '503G', '56,16', 165000.00, 246, 7, 35, 0, 1),
(276, 504, '504G', '55,50', 160000.00, 247, 7, 35, 0, 1),
(277, 505, '505G', '54,50', 160000.00, 248, 7, 35, 0, 1),
(278, 506, '506G', '59,80', 170000.00, 249, 7, 35, 0, 1),
(279, 507, '507G', '59,80', 170000.00, 250, 7, 35, 0, 1),
(280, 508, '508G', '54,50', 160000.00, 251, 7, 35, 0, 1),
(281, 101, '101A', '50', 10.00, 1, 8, NULL, 0, 1);

--
-- Dumping data for table `atividade`
--

INSERT INTO `atividade` (`id`, `unidade_medida`, `descricao`, `valor_unitario`, `ativo`) VALUES
(10, 2, 'Teste', 100.00, 0),
(11, 3, 'Teste Ap', 500.00, 1),
(12, 4, 'Tubulação Metros Lineares', 3200.00, 1);

--
-- Dumping data for table `bloco`
--

INSERT INTO `bloco` (`id`, `descricao`, `empreendimento`, `modulo`, `disponivel`, `ativo`) VALUES
(1, 'Bloco H', 1, NULL, 1, 1),
(2, 'Bloco I', 1, NULL, 1, 1),
(3, 'Bloco J', 1, NULL, 1, 1),
(4, 'BLOCO D', 1, NULL, 1, 1),
(5, 'BLOCO E', 1, NULL, 1, 1),
(6, 'BLOCO F', 1, NULL, 1, 1),
(7, 'BLOCO G', 1, NULL, 1, 1),
(8, 'Bloco A', 1, 1, 0, 1);

--
-- Dumping data for table `categoria`
--

INSERT INTO `categoria` (`id`, `empreendimento`, `descricao`, `consumo`, `ativo`) VALUES
(2, 1, 'Concreto', NULL, 1),
(3, 1, 'Aço', NULL, 1),
(4, 1, 'Bloco de Alvenaria Estrutural', NULL, 1),
(5, 1, 'Cimento + Areia + Cal + Brita', NULL, 1),
(6, 1, 'Madeira + Maderite', NULL, 1),
(7, 1, 'Hidraulico', NULL, 1);

--
-- Dumping data for table `empreendimento`
--

INSERT INTO `empreendimento` (`id`, `nome`, `logo`, `implantacao`, `implantacao_full`, `dias_reserva`, `comissao_corretor`, `comissao_adm_vendas`, `andares`, `ativo`) VALUES
(1, 'Vitta', 'images/logo/vitta.jpg', 'images/implantacao/vitta.jpg', 'images/implantacao/vitta.png', 8, 0.05000, 0.00250, 0, 1);

--
-- Dumping data for table `historico`
--

INSERT INTO `historico` (`id`, `apartamento`, `data`, `data_cancelamento`, `usuario`, `cliente_nome`, `cliente_cpf`, `status`, `em_contratacao`, `vendido`, `corretor_pago_meia`, `corretor_pago`, `valor_pago_corretor`, `data_pagamento_corretor`, `data_pagamento_corretor_meia`, `valor_comissao_corretor`, `adm_vendas_pago`, `data_pagamento_adm_vendas`, `valor_pagamento_adm_vendas`, `valor_venda`, `valor_entrada`, `valor_financiado_construtora`, `valor_financiado_caixa`, `data_aprovacao_financiamento`, `ativo`) VALUES
(37, 4, '2014-02-13 17:51:03', NULL, 1, 'Mengalvio Colzani', '000.000.000-00', 'Permutado', NULL, 1, NULL, 0, NULL, NULL, NULL, 0.00, 0, NULL, 0.00, '0', 0.00, 0.00, 0.00, NULL, 1),
(38, 7, '2014-02-13 17:51:39', NULL, 1, 'Mengalvio Colzani', '000.000.000-01', 'Permutado', NULL, 1, NULL, 0, NULL, NULL, NULL, 0.00, 0, NULL, 0.00, '0', 0.00, 0.00, 0.00, NULL, 1),
(39, 25, '2014-02-13 17:52:10', '2014-02-13 17:55:39', 1, 'Mengalvio Colzani', '000.000.000-02', 'Permuta Cancelada', NULL, 0, NULL, 0, NULL, NULL, NULL, 0.00, 0, NULL, 0.00, '0', 0.00, 0.00, 0.00, NULL, 0),
(40, 45, '2014-02-13 17:52:39', NULL, 1, 'Mengalvio Colzani', '000.000.000-03', 'Permutado', NULL, 1, NULL, 0, NULL, NULL, NULL, 0.00, 0, NULL, 0.00, '0', 0.00, 0.00, 0.00, NULL, 1),
(41, 56, '2014-02-13 17:53:28', NULL, 1, 'Mengalvio Colzani', '000.000.000-04', 'Permutado', NULL, 1, NULL, 0, NULL, NULL, NULL, 0.00, 0, NULL, 0.00, '0', 0.00, 0.00, 0.00, NULL, 1),
(42, 89, '2014-02-13 17:53:58', NULL, 1, 'Mengalvio Colzani', '000.000.000-05', 'Permutado', NULL, 1, NULL, 0, NULL, NULL, NULL, 0.00, 0, NULL, 0.00, '0', 0.00, 0.00, 0.00, NULL, 1),
(43, 102, '2014-02-13 17:54:24', NULL, 1, 'Mengalvio Colzani', '000.000.000-06', 'Permutado', NULL, 1, NULL, 0, NULL, NULL, NULL, 0.00, 0, NULL, 0.00, '0', 0.00, 0.00, 0.00, NULL, 1),
(44, 28, '2014-02-13 17:55:26', NULL, 1, 'Mengalvio Colzani', '000.000.000-07', 'Permutado', NULL, 1, NULL, 0, NULL, NULL, NULL, 0.00, 0, NULL, 0.00, '0', 0.00, 0.00, 0.00, NULL, 1),
(45, 1, '2014-02-18 14:47:38', NULL, 19, 'Dias Imóveis', '902.622.477-04', 'Reserva Em Contratação', NULL, 0, NULL, 0, NULL, NULL, NULL, NULL, 0, NULL, NULL, NULL, NULL, NULL, NULL, NULL, 0),
(46, 41, '2014-02-18 14:48:18', NULL, 19, 'Dias Imóveis', '893.441.899-00', 'Reserva Em Contratação', NULL, 0, NULL, 0, NULL, NULL, NULL, NULL, 0, NULL, NULL, NULL, NULL, NULL, NULL, NULL, 0),
(47, 81, '2014-02-18 14:49:34', NULL, 19, 'Dias Imóveis', '109.081.239-65', 'Reserva Em Contratação', NULL, 0, NULL, 0, NULL, NULL, NULL, NULL, 0, NULL, NULL, NULL, NULL, NULL, NULL, NULL, 0),
(48, 3, '2014-02-18 14:52:12', NULL, 19, 'Dias Imóveis', '973.405.960-20', 'Reserva Em Contratação', NULL, 0, NULL, 0, NULL, NULL, NULL, NULL, 0, NULL, NULL, NULL, NULL, NULL, NULL, NULL, 0),
(49, 43, '2014-02-18 14:52:55', NULL, 19, 'Dias Imóveis', '071.751.989-90', 'Reserva Em Contratação', NULL, 0, NULL, 0, NULL, NULL, NULL, NULL, 0, NULL, NULL, NULL, NULL, NULL, NULL, NULL, 0),
(50, 10, '2014-02-18 15:12:45', '2014-02-24 18:02:29', 30, 'Saul Gaviolli de Arruda', '060.656.579-56', 'Reserva Cancelada', NULL, 0, NULL, 0, NULL, NULL, NULL, NULL, 0, NULL, NULL, NULL, NULL, NULL, NULL, NULL, 0),
(51, 15, '2014-02-18 16:35:42', NULL, 30, 'Laerte Rautenberg Constantino', '082.687.129-10', 'Reserva Vendida', NULL, 0, NULL, 0, NULL, NULL, NULL, NULL, 0, NULL, NULL, NULL, NULL, NULL, NULL, NULL, 0),
(52, 23, '2014-02-18 16:36:57', NULL, 30, 'Jaison Tomas', '035.633.387-22', 'Reserva Em Contratação', NULL, 0, NULL, 0, NULL, NULL, NULL, NULL, 0, NULL, NULL, NULL, NULL, NULL, NULL, NULL, 0),
(53, 53, '2014-02-18 16:41:14', NULL, 30, 'Thiago Arthur Travasso', '062.653.859-92', 'Reserva Vendida', NULL, 0, NULL, 0, NULL, NULL, NULL, NULL, 0, NULL, NULL, NULL, NULL, NULL, NULL, NULL, 0),
(54, 94, '2014-02-18 16:42:12', NULL, 21, 'Michelle Luise', '077.174.759-44', 'Reserva Em Contratação', NULL, 0, NULL, 0, NULL, NULL, NULL, NULL, 0, NULL, NULL, NULL, NULL, NULL, NULL, NULL, 0),
(55, 52, '2014-02-18 16:42:43', NULL, 30, 'Ezequiel Augusto Sansanovicz', '073.492.089-01', 'Reserva Vendida', NULL, 0, NULL, 0, NULL, NULL, NULL, NULL, 0, NULL, NULL, NULL, NULL, NULL, NULL, NULL, 0),
(56, 96, '2014-02-18 18:47:48', NULL, 21, 'Luciano Gonçalves brasil ', '000.075.970-88', 'Reserva Em Contratação', NULL, 0, NULL, 0, NULL, NULL, NULL, NULL, 0, NULL, NULL, NULL, NULL, NULL, NULL, NULL, 0),
(57, 46, '2014-02-18 20:08:04', '2014-02-19 00:19:29', 21, 'Jose Arlindo Vicente', '939.615.889-53', 'Reserva Cancelada', NULL, 0, NULL, 0, NULL, NULL, NULL, NULL, 0, NULL, NULL, NULL, NULL, NULL, NULL, NULL, 0),
(58, 2, '2014-02-18 21:37:07', NULL, 19, 'Evandra Dias', '789.789.789-78', 'Reserva Em Contratação', NULL, 0, NULL, 0, NULL, NULL, NULL, NULL, 0, NULL, NULL, NULL, NULL, NULL, NULL, NULL, 0),
(59, 5, '2014-02-18 21:37:46', NULL, 19, 'Evandra Dias', '456.456.456-45', 'Reserva Em Contratação', NULL, 0, NULL, 0, NULL, NULL, NULL, NULL, 0, NULL, NULL, NULL, NULL, NULL, NULL, NULL, 0),
(60, 6, '2014-02-18 21:38:27', NULL, 19, 'Evandra Dias', '123.123.123-12', 'Reserva Em Contratação', NULL, 0, NULL, 0, NULL, NULL, NULL, NULL, 0, NULL, NULL, NULL, NULL, NULL, NULL, NULL, 0),
(61, 8, '2014-02-18 21:38:56', NULL, 19, 'Evandra Dias', '987.987.987-98', 'Reserva Em Contratação', NULL, 0, NULL, 0, NULL, NULL, NULL, NULL, 0, NULL, NULL, NULL, NULL, NULL, NULL, NULL, 0),
(62, 13, '2014-02-18 21:53:23', '2014-02-25 21:32:20', 21, 'Nicholas Mafra', '096.193.099-36', 'Reserva Cancelada', NULL, 0, NULL, 0, NULL, NULL, NULL, NULL, 0, NULL, NULL, NULL, NULL, NULL, NULL, NULL, 0),
(63, 87, '2014-02-18 22:15:18', '2014-02-19 00:21:19', 21, 'thaise patricio', '091.938.469-24', 'Reserva Cancelada', NULL, 0, NULL, 0, NULL, NULL, NULL, NULL, 0, NULL, NULL, NULL, NULL, NULL, NULL, NULL, 0),
(64, 75, '2014-02-19 00:01:34', NULL, 21, 'Altair Fabiano Nascimento Lordes', '608.661.521-72', 'Reserva Em Contratação', NULL, 0, NULL, 0, NULL, NULL, NULL, NULL, 0, NULL, NULL, NULL, NULL, NULL, NULL, NULL, 0),
(65, 46, '2014-02-19 00:20:47', NULL, 21, 'Thaise Patricio', '091.938.469-25', 'Reserva Vendida', NULL, 0, NULL, 0, NULL, NULL, NULL, NULL, 0, NULL, NULL, NULL, NULL, NULL, NULL, NULL, 0),
(66, 87, '2014-02-19 00:22:11', NULL, 21, 'Jose Arlindo Vicente', '939.615.889-54', 'Reserva Em Contratação', NULL, 0, NULL, 0, NULL, NULL, NULL, NULL, 0, NULL, NULL, NULL, NULL, NULL, NULL, NULL, 0),
(67, 77, '2014-02-19 15:09:11', NULL, 21, 'Paulo Roberto Maier', '041.595.289-10', 'Reservado', NULL, 0, NULL, 0, NULL, NULL, NULL, NULL, 0, NULL, NULL, NULL, NULL, NULL, NULL, NULL, 0),
(68, 98, '2014-02-19 17:03:06', '2014-02-22 20:55:20', 18, 'JOÃO ROGERIO NETO', '050.821.079-84', 'Reserva Cancelada', NULL, 0, NULL, 0, NULL, NULL, NULL, NULL, 0, NULL, NULL, NULL, NULL, NULL, NULL, NULL, 0),
(69, 44, '2014-02-19 17:15:41', '2014-02-24 16:42:40', 21, 'Marcos Antonio Maria', '060.248.149-09', 'Reserva Cancelada', NULL, 0, NULL, 0, NULL, NULL, NULL, NULL, 0, NULL, NULL, NULL, NULL, NULL, NULL, NULL, 0),
(70, 90, '2014-02-19 21:56:06', NULL, 18, 'GILIELSON DE LIZ DOS SANTOS', '070.502.899-22', 'Reserva Vendida', NULL, 0, NULL, 0, NULL, NULL, NULL, NULL, 0, NULL, NULL, NULL, NULL, NULL, NULL, NULL, 0),
(71, 48, '2014-02-20 10:49:28', NULL, 40, 'Claudinei Correa Junior', '067.574.019-32', 'Reserva Vendida', NULL, 0, NULL, 0, NULL, NULL, NULL, NULL, 0, NULL, NULL, NULL, NULL, NULL, NULL, NULL, 0),
(72, 106, '2014-02-20 21:41:00', '2014-02-27 12:59:38', 18, 'FELIPE PRIOLI', '044.459.919-37', 'Reserva Cancelada', NULL, 0, NULL, 0, NULL, NULL, NULL, NULL, 0, NULL, NULL, NULL, NULL, NULL, NULL, NULL, 0),
(73, 18, '2014-02-21 00:35:28', '2014-02-21 00:42:23', 40, 'Luan Argeu Salsbrum', '083.523.499-10', 'Reserva Cancelada', NULL, 0, NULL, 0, NULL, NULL, NULL, NULL, 0, NULL, NULL, NULL, NULL, NULL, NULL, NULL, 0),
(74, 18, '2014-02-21 00:43:01', NULL, 33, 'Henrique Cidral', '089.863.389-39', 'Reserva Vendida', NULL, 0, NULL, 0, NULL, NULL, NULL, NULL, 0, NULL, NULL, NULL, NULL, NULL, NULL, NULL, 0),
(75, 12, '2014-02-21 12:24:14', NULL, 23, 'luiz alexandre da silva', '444.444.444-44', 'Reserva Vendida', NULL, 0, NULL, 0, NULL, NULL, NULL, NULL, 0, NULL, NULL, NULL, NULL, NULL, NULL, NULL, 0),
(76, 21, '2014-02-21 13:21:26', NULL, 21, 'Robson - Araujo', '777.777.777-77', 'Reserva Vendida', NULL, 0, NULL, 0, NULL, NULL, NULL, NULL, 0, NULL, NULL, NULL, NULL, NULL, NULL, NULL, 0),
(77, 88, '2014-02-21 13:31:52', NULL, 30, 'Fabricio Belini - acerto Augusto', '111.111.111-11', 'Reserva Em Contratação', NULL, 0, NULL, 0, NULL, NULL, NULL, NULL, 0, NULL, NULL, NULL, NULL, NULL, NULL, NULL, 0),
(78, 26, '2014-02-21 14:28:33', '2014-02-27 13:01:31', 18, 'CARLOS AUGUSTO DE OLIVEIRA', '028.885.629-52', 'Reserva Cancelada', NULL, 0, NULL, 0, NULL, NULL, NULL, NULL, 0, NULL, NULL, NULL, NULL, NULL, NULL, NULL, 0),
(79, 82, '2014-02-21 15:50:52', NULL, 40, 'Liziane da Silva Lourenço Almeida', '077.462.399-35', 'Reserva Em Contratação', NULL, 0, NULL, 0, NULL, NULL, NULL, NULL, 0, NULL, NULL, NULL, NULL, NULL, NULL, NULL, 0),
(80, 51, '2014-02-21 20:13:29', '2014-02-22 19:05:16', 21, 'Daiana Maria Tramontin', '067.046.729-40', 'Reserva Cancelada', NULL, 0, NULL, 0, NULL, NULL, NULL, NULL, 0, NULL, NULL, NULL, NULL, NULL, NULL, NULL, 0),
(81, 103, '2014-02-21 20:27:54', NULL, 40, 'Luan Argeu Salsbrum ', '083.523.499-11', 'Reserva Em Contratação', NULL, 0, NULL, 0, NULL, NULL, NULL, NULL, 0, NULL, NULL, NULL, NULL, NULL, NULL, NULL, 0),
(82, 84, '2014-02-21 20:42:43', NULL, 19, 'Dias Imóveis', '069.257.999-00', 'Reserva Em Contratação', NULL, 0, NULL, 0, NULL, NULL, NULL, NULL, 0, NULL, NULL, NULL, NULL, NULL, NULL, NULL, 0),
(83, 9, '2014-02-21 22:55:37', '2014-02-27 22:11:26', 33, 'Orides', '222.222.222-22', 'Reserva Cancelada', NULL, 0, NULL, 0, NULL, NULL, NULL, NULL, 0, NULL, NULL, NULL, NULL, NULL, NULL, NULL, 0),
(84, 85, '2014-02-22 13:13:59', NULL, 21, 'Gilmar Moser', '545.500.099-34', 'Reserva Vendida', NULL, 0, NULL, 0, NULL, NULL, NULL, NULL, 0, NULL, NULL, NULL, NULL, NULL, NULL, NULL, 0),
(85, 78, '2014-02-22 14:39:19', NULL, 38, 'Valmir de Barros Junior', '076.495.549-70', 'Reserva Vendida', NULL, 0, NULL, 0, NULL, NULL, NULL, NULL, 0, NULL, NULL, NULL, NULL, NULL, NULL, NULL, 0),
(87, 49, '2014-02-22 14:48:52', '2014-02-27 20:11:38', 30, 'bruno nelson amorim', '081.361.559-33', 'Reserva Cancelada', NULL, 0, NULL, 0, NULL, NULL, NULL, NULL, 0, NULL, NULL, NULL, NULL, NULL, NULL, NULL, 0),
(88, 115, '2014-02-22 14:56:50', NULL, 21, 'LiLiene', '046.642.819-78', 'Reserva Em Contratação', NULL, 0, NULL, 0, NULL, NULL, NULL, NULL, 0, NULL, NULL, NULL, NULL, NULL, NULL, NULL, 0),
(89, 118, '2014-02-22 14:58:19', NULL, 21, 'Maico Antonio Delazzari', '043.836.839-83', 'Reserva Vendida', NULL, 0, NULL, 0, NULL, NULL, NULL, NULL, 0, NULL, NULL, NULL, NULL, NULL, NULL, NULL, 0),
(90, 47, '2014-02-22 15:43:15', NULL, 40, 'Zanone Rocha Campos', '673.311.579-49', 'Reserva Em Contratação', NULL, 0, NULL, 0, NULL, NULL, NULL, NULL, 0, NULL, NULL, NULL, NULL, NULL, NULL, NULL, 0),
(91, 55, '2014-02-22 16:16:30', NULL, 18, 'TALITA NAIARA DA CUNHA', '094.252.009-20', 'Reserva Vendida', NULL, 0, NULL, 0, NULL, NULL, NULL, NULL, 0, NULL, NULL, NULL, NULL, NULL, NULL, NULL, 0),
(92, 79, '2014-02-22 18:15:46', NULL, 18, 'PAULO SERGIO CHAVES JUNIOR', '019.692.839-71', 'Reservado', NULL, 0, NULL, 0, NULL, NULL, NULL, NULL, 0, NULL, NULL, NULL, NULL, NULL, NULL, NULL, 0),
(93, 91, '2014-02-22 18:51:05', NULL, 21, 'Marcelo de Souza', '082.266.439-96', 'Reserva Em Contratação', NULL, 0, NULL, 0, NULL, NULL, NULL, NULL, 0, NULL, NULL, NULL, NULL, NULL, NULL, NULL, 0),
(94, 86, '2014-02-22 18:58:07', NULL, 41, 'Alice Moser', '098.271.449-10', 'Reserva Em Contratação', NULL, 0, NULL, 0, NULL, NULL, NULL, NULL, 0, NULL, NULL, NULL, NULL, NULL, NULL, NULL, 0),
(95, 14, '2014-02-22 19:06:05', NULL, 21, 'Robson', '121.212.121-21', 'Reserva Vendida', NULL, 0, NULL, 0, NULL, NULL, NULL, NULL, 0, NULL, NULL, NULL, NULL, NULL, NULL, NULL, 0),
(96, 112, '2014-02-22 21:42:57', '2014-02-27 22:15:42', 18, 'Aline Carlos Pinto', '052.697.279-35', 'Reserva Cancelada', NULL, 0, NULL, 0, NULL, NULL, NULL, NULL, 0, NULL, NULL, NULL, NULL, NULL, NULL, NULL, 0),
(97, 11, '2014-02-23 13:25:01', '2014-03-03 22:54:07', 41, 'Sandra Regina Storino', '014.586.089-21', 'Reserva Cancelada', NULL, 0, NULL, 0, NULL, NULL, NULL, NULL, 0, NULL, NULL, NULL, NULL, NULL, NULL, NULL, 0),
(98, 34, '2014-02-23 14:27:40', '2014-02-28 13:25:36', 41, 'Gelasio Da Costa', '584.652.869-49', 'Reserva Cancelada', NULL, 0, NULL, 0, NULL, NULL, NULL, NULL, 0, NULL, NULL, NULL, NULL, NULL, NULL, NULL, 0),
(99, 44, '2014-02-24 16:42:59', NULL, 40, 'Cristiano', '999.999.999-99', 'Reserva Em Contratação', NULL, 0, NULL, 0, NULL, NULL, NULL, NULL, 0, NULL, NULL, NULL, NULL, NULL, NULL, NULL, 0),
(100, 10, '2014-02-24 18:03:10', NULL, 20, 'Sandra', '549.879.878-46', 'Reserva Em Contratação', NULL, 0, NULL, 0, NULL, NULL, NULL, NULL, 0, NULL, NULL, NULL, NULL, NULL, NULL, NULL, 0),
(101, 83, '2014-02-24 19:24:43', NULL, 38, 'Paulo Afonso Pereira Junior', '090.819.819-19', 'Reserva Vendida', NULL, 0, NULL, 0, NULL, NULL, NULL, NULL, 0, NULL, NULL, NULL, NULL, NULL, NULL, NULL, 0),
(102, 16, '2014-02-24 21:16:37', NULL, 38, 'Claudio Willrich de Souza Junior', '039.512.069-18', 'Reserva Em Contratação', NULL, 0, NULL, 0, NULL, NULL, NULL, NULL, 0, NULL, NULL, NULL, NULL, NULL, NULL, NULL, 0),
(103, 51, '2014-02-24 21:39:08', NULL, 23, 'Ariovaldo Mendes Ferreira', '927.155.671-20', 'Reserva Em Contratação', NULL, 0, NULL, 0, NULL, NULL, NULL, NULL, 0, NULL, NULL, NULL, NULL, NULL, NULL, NULL, 0),
(104, 59, '2014-02-25 12:27:45', NULL, 21, 'Robson Fernando', '654.654.654-65', 'Reserva Em Contratação', NULL, 0, NULL, 0, NULL, NULL, NULL, NULL, 0, NULL, NULL, NULL, NULL, NULL, NULL, NULL, 0),
(105, 42, '2014-02-25 12:30:17', NULL, 23, 'Cicero', '321.321.321-32', 'Reserva Em Contratação', NULL, 0, NULL, 0, NULL, NULL, NULL, NULL, 0, NULL, NULL, NULL, NULL, NULL, NULL, NULL, 0),
(106, 58, '2014-02-25 14:11:19', NULL, 41, 'Gustavo Rodrigo Rensi', '047.532.219-38', 'Reserva Em Contratação', NULL, 0, NULL, 0, NULL, NULL, NULL, NULL, 0, NULL, NULL, NULL, NULL, NULL, NULL, NULL, 0),
(107, 54, '2014-02-25 15:29:53', NULL, 35, 'Ana Macaneiro ', '007.339.329-08', 'Reserva Vendida', NULL, 0, NULL, 0, NULL, NULL, NULL, NULL, 0, NULL, NULL, NULL, NULL, NULL, NULL, NULL, 0),
(108, 17, '2014-02-25 18:54:18', '2014-02-25 19:54:39', 35, 'Anne Cristina Ferreira do Amaral', '074.736.209-24', 'Reserva Cancelada', NULL, 0, NULL, 0, NULL, NULL, NULL, NULL, 0, NULL, NULL, NULL, NULL, NULL, NULL, NULL, 0),
(109, 12, '2014-02-25 19:12:14', NULL, 23, 'Luis Alexandre da Silva', '70216053072', 'Vendido', NULL, 1, NULL, 0, 6350.00, '2014-09-25 19:46:18', NULL, 6350.00, 1, '2014-04-08 20:35:01', 317.50, '130000.00', 3000.00, 6000.00, 121000.00, NULL, 1),
(110, 17, '2014-02-25 19:55:27', NULL, 44, 'Anne Cristina Ferreira do Amaral', '074.736.209-25', 'Reserva Em Contratação', NULL, 0, NULL, 0, NULL, NULL, NULL, NULL, 0, NULL, NULL, NULL, NULL, NULL, NULL, NULL, 0),
(111, 119, '2014-02-25 21:11:09', NULL, 20, 'Sandra Dias', '258.258.258-25', 'Reserva Vendida', NULL, 0, NULL, 0, NULL, NULL, NULL, NULL, 0, NULL, NULL, NULL, NULL, NULL, NULL, NULL, 0),
(112, 95, '2014-02-25 21:18:38', NULL, 19, 'Evandra Dias', '456.789.165-16', 'Reserva Vendida', NULL, 0, NULL, 0, NULL, NULL, NULL, NULL, 0, NULL, NULL, NULL, NULL, NULL, NULL, NULL, 0),
(113, 13, '2014-02-25 21:33:01', NULL, 23, 'Elton Machado Bonfim', '065.093.429-60', 'Reserva Vendida', NULL, 0, NULL, 0, NULL, NULL, NULL, NULL, 0, NULL, NULL, NULL, NULL, NULL, NULL, NULL, 0),
(114, 38, '2014-02-25 22:36:02', '2014-03-04 17:11:32', 18, 'RAFAEL POSSA', '024.227.039-50', 'Reserva Cancelada', NULL, 0, NULL, 0, NULL, NULL, NULL, NULL, 0, NULL, NULL, NULL, NULL, NULL, NULL, NULL, 0),
(115, 39, '2014-02-25 23:21:02', NULL, 38, 'Jeison Imeton', '039.963.849-04', 'Reserva Vendida', NULL, 0, NULL, 0, NULL, NULL, NULL, NULL, 0, NULL, NULL, NULL, NULL, NULL, NULL, NULL, 0),
(116, 15, '2014-02-26 13:36:39', '2014-09-26 19:02:38', 30, 'Laerte Rautenberg Constantino', '082.687.129-10', 'Venda Cancelada', NULL, 0, NULL, 0, NULL, NULL, NULL, 6650.00, 1, '2014-04-08 20:35:52', 332.50, '136000.00', NULL, 22000.00, 114000.00, NULL, 0),
(117, 93, '2014-02-26 16:37:53', NULL, 21, 'Jean Carlos Van Den Bylaardt', '055.929.619-36', 'Reserva Vendida', NULL, 0, NULL, 0, NULL, NULL, NULL, NULL, 0, NULL, NULL, NULL, NULL, NULL, NULL, NULL, 0),
(118, 50, '2014-02-26 18:29:56', NULL, 30, 'LEONARDO ROBERTO DE SOUZA', '089.953.089-31', 'Reserva Vendida', NULL, 0, NULL, 0, NULL, NULL, NULL, NULL, 0, NULL, NULL, NULL, NULL, NULL, NULL, NULL, 0),
(119, 53, '2014-02-26 19:22:55', NULL, 30, 'Thiago Arthur Travasso', '062.653.859-92', 'Vendido', NULL, 1, NULL, 0, 6350.00, '2014-10-02 13:29:36', NULL, 6350.00, 1, '2014-06-11 19:34:58', 317.50, '130000.00', 2000.00, 12000.00, 116000.00, NULL, 1),
(120, 90, '2014-02-26 19:42:55', NULL, 18, 'GILIELSON DE LIZ DOS SANTOS', '070.502.899-22', 'Vendido', NULL, 1, 1, 1, NULL, '2014-09-25 17:19:10', '2014-03-05 19:52:38', 6500.00, 1, '2014-09-10 16:04:20', 325.00, '133000.00', 7000.00, 14145.00, 111855.00, NULL, 1),
(121, 92, '2014-02-26 22:02:08', NULL, 21, 'Marcus Vinicius Neto da Silva', '982.180.340-72', 'Reserva Vendida', NULL, 0, NULL, 0, NULL, NULL, NULL, NULL, 0, NULL, NULL, NULL, NULL, NULL, NULL, NULL, 0),
(122, 104, '2014-02-26 22:39:10', NULL, 30, 'JFERSON ALBERTO FERREIRA', '047.774.069-38', 'Reservado', NULL, 0, NULL, 0, NULL, NULL, NULL, NULL, 0, NULL, NULL, NULL, NULL, NULL, NULL, NULL, 0),
(123, 1, '2014-02-27 12:05:28', NULL, 23, 'cicero', '023.337.644-57', 'Reserva Em Contratação', NULL, 0, NULL, 0, NULL, NULL, NULL, NULL, 0, NULL, NULL, NULL, NULL, NULL, NULL, NULL, 0),
(124, 8, '2014-02-27 12:07:35', '2014-03-05 13:51:44', 40, 'Cristiano fernando dos santos', '044.747.699-88', 'Reserva Cancelada', NULL, 0, NULL, 0, NULL, NULL, NULL, NULL, 0, NULL, NULL, NULL, NULL, NULL, NULL, NULL, 0),
(125, 52, '2014-02-27 12:10:42', '2014-02-27 14:24:48', 40, 'Priscila B. S. dos Santos', '123.456.789-10', 'Reserva Cancelada', NULL, 0, NULL, 0, NULL, NULL, NULL, NULL, 0, NULL, NULL, NULL, NULL, NULL, NULL, NULL, 0),
(126, 5, '2014-02-27 12:14:23', NULL, 23, 'vera', '005.057.899-57', 'Reserva Em Contratação', NULL, 0, NULL, 0, NULL, NULL, NULL, NULL, 0, NULL, NULL, NULL, NULL, NULL, NULL, NULL, 0),
(127, 3, '2014-02-27 12:14:34', '2014-03-06 13:36:55', 40, 'Rodrigo Schlickmann', '012.012.012-00', 'Reserva Cancelada', NULL, 0, NULL, 0, NULL, NULL, NULL, NULL, 0, NULL, NULL, NULL, NULL, NULL, NULL, NULL, 0),
(128, 41, '2014-02-27 12:19:31', '2014-03-06 13:37:39', 40, 'Gabriele Cristine ', '010.101.010-10', 'Reserva Cancelada', NULL, 0, NULL, 0, NULL, NULL, NULL, NULL, 0, NULL, NULL, NULL, NULL, NULL, NULL, NULL, 0),
(129, 106, '2014-02-27 13:00:05', NULL, 18, 'Julien D Pinheiro', '062.889.779-00', 'Reserva Em Contratação', NULL, 0, NULL, 0, NULL, NULL, NULL, NULL, 0, NULL, NULL, NULL, NULL, NULL, NULL, NULL, 0),
(130, 26, '2014-02-27 13:02:01', NULL, 18, 'Aline Carlos Pinto', '333.333.333-33', 'Reserva Em Contratação', NULL, 0, NULL, 0, NULL, NULL, NULL, NULL, 0, NULL, NULL, NULL, NULL, NULL, NULL, NULL, 0),
(131, 114, '2014-02-27 13:26:47', '2014-03-06 21:05:11', 20, 'Maise Gonzaga', '947.058.790-15', 'Reserva Cancelada', NULL, 0, NULL, 0, NULL, NULL, NULL, NULL, 0, NULL, NULL, NULL, NULL, NULL, NULL, NULL, 0),
(132, 2, '2014-02-27 13:28:53', '2014-03-06 21:06:15', 20, 'Cristiano', '069.808.294-08', 'Reserva Cancelada', NULL, 0, NULL, 0, NULL, NULL, NULL, NULL, 0, NULL, NULL, NULL, NULL, NULL, NULL, NULL, 0),
(133, 81, '2014-02-27 13:30:45', '2014-03-06 21:07:26', 20, 'Luiz', '047.308.919-02', 'Reserva Cancelada', NULL, 0, NULL, 0, NULL, NULL, NULL, NULL, 0, NULL, NULL, NULL, NULL, NULL, NULL, NULL, 0),
(134, 87, '2014-02-27 13:31:53', '2014-02-28 15:03:46', 20, 'Roze', '477.214.050-68', 'Reserva Cancelada', NULL, 0, NULL, 0, NULL, NULL, NULL, NULL, 0, NULL, NULL, NULL, NULL, NULL, NULL, NULL, 0),
(135, 23, '2014-02-27 13:37:32', '2014-03-06 16:59:35', 20, 'Cleice', '098.575.024-31', 'Reserva Cancelada', NULL, 0, NULL, 0, NULL, NULL, NULL, NULL, 0, NULL, NULL, NULL, NULL, NULL, NULL, NULL, 0),
(136, 57, '2014-02-27 13:39:22', '2014-03-06 21:06:53', 20, 'Vitor', '337.212.568-16', 'Reserva Cancelada', NULL, 0, NULL, 0, NULL, NULL, NULL, NULL, 0, NULL, NULL, NULL, NULL, NULL, NULL, NULL, 0),
(137, 52, '2014-02-27 14:26:24', NULL, 33, 'Ezequiel Augusto Sansanovicz', '07349208901', 'Vendido', NULL, 1, NULL, 0, 3000.00, '2014-03-20 23:50:50', NULL, 6350.00, 1, '2014-06-11 19:34:46', 317.50, '130000.00', 3000.00, 9000.00, 118000.00, NULL, 1),
(138, 94, '2014-02-27 14:28:05', NULL, 21, 'RObson', '090.907.608-00', 'Reserva Em Contratação', NULL, 0, NULL, 0, NULL, NULL, NULL, NULL, 0, NULL, NULL, NULL, NULL, NULL, NULL, NULL, 0),
(139, 96, '2014-02-27 14:28:54', NULL, 40, 'Luciano Gonçalves brasil ', '050.505.050-50', 'Reserva Em Contratação', NULL, 0, NULL, 0, NULL, NULL, NULL, NULL, 0, NULL, NULL, NULL, NULL, NULL, NULL, NULL, 0),
(140, 97, '2014-02-27 16:14:12', '2014-03-04 16:23:50', 23, 'Jackson', '939.707.909-30', 'Reserva Cancelada', NULL, 0, NULL, 0, NULL, NULL, NULL, NULL, 0, NULL, NULL, NULL, NULL, NULL, NULL, NULL, 0),
(141, 46, '2014-02-27 17:59:27', NULL, 40, 'Thaise Patricio', '091.938.469-26', 'Reserva Vendida', NULL, 0, NULL, 0, NULL, NULL, NULL, NULL, 0, NULL, NULL, NULL, NULL, NULL, NULL, NULL, 0),
(142, 71, '2014-02-27 19:10:08', '2014-03-05 19:53:36', 30, 'GABRIEL GREGORIO', '464.907.799-00', 'Reserva Cancelada', NULL, 0, NULL, 0, NULL, NULL, NULL, NULL, 0, NULL, NULL, NULL, NULL, NULL, NULL, NULL, 0),
(143, 49, '2014-02-27 20:12:53', '2014-09-29 18:40:46', 31, 'Bruno Nelson Amorim', '08136155933', 'Venda Cancelada', NULL, 0, 1, 0, NULL, NULL, '2014-03-11 21:00:41', 6450.00, 1, '2014-06-11 19:34:07', 322.50, '132000.00', 6500.00, 10000.00, 115500.00, NULL, 0),
(144, 43, '2014-02-27 21:37:06', '2014-03-07 15:45:55', 41, 'Roberson Fernandes', '050.550.769-25', 'Reserva Cancelada', NULL, 0, NULL, 0, NULL, NULL, NULL, NULL, 0, NULL, NULL, NULL, NULL, NULL, NULL, NULL, 0),
(145, 75, '2014-02-27 22:14:25', NULL, 38, 'Jonathan', '666.666.666-66', 'Reserva Em Contratação', NULL, 0, NULL, 0, NULL, NULL, NULL, NULL, 0, NULL, NULL, NULL, NULL, NULL, NULL, NULL, 0),
(146, 78, '2014-02-27 22:37:33', NULL, 38, 'Valmir de Barros Junior', '076.495.549-70', 'Vendido', NULL, 1, NULL, 0, 7250.00, '2014-09-25 19:50:44', NULL, 7250.00, 1, '2014-07-29 15:51:23', 362.50, '148000.00', 3000.00, 26926.62, 118073.38, NULL, 1),
(147, 39, '2014-02-27 22:39:54', NULL, 38, 'Jeison Imeton', '039.963.849-04', 'Vendido', NULL, 1, NULL, 0, 7450.00, '2014-10-08 15:20:33', NULL, 7450.00, 1, '2014-05-19 16:41:08', 372.50, '152000.00', 3000.00, 25652.66, 123347.34, NULL, 1),
(148, 14, '2014-02-27 22:41:45', NULL, 21, 'Daiana Maria Tramontin', '06704672940', 'Vendido', NULL, 1, NULL, 0, 6500.00, '2014-10-08 15:10:04', NULL, 6500.00, 1, '2014-04-08 20:35:43', 325.00, '133000.00', 3000.00, 6954.20, 123045.80, NULL, 1),
(149, 21, '2014-02-27 22:47:44', '2014-09-26 19:26:45', 21, 'Nicholas Mafra', '09619309936', 'Venda Cancelada', NULL, 0, NULL, 0, 3000.00, '2014-08-04 16:31:59', NULL, 6600.00, 1, '2014-04-08 20:38:05', 330.00, '135000.00', 3000.00, 14000.00, 118000.00, NULL, 0),
(150, 83, '2014-02-27 22:51:55', NULL, 38, 'Paulo Afonso Pereira Junior', '090.819.819-19', 'Vendido', NULL, 1, NULL, 0, 6350.00, '2014-10-08 15:24:34', NULL, 6350.00, 1, '2014-09-10 16:03:33', 317.50, '130000.00', 3000.00, 6154.00, 120846.00, NULL, 1),
(151, 18, '2014-02-28 10:05:09', NULL, 33, 'Henrique Cidral', '089.863.389-39', 'Vendido', NULL, 1, NULL, 0, 3000.00, '2014-03-20 23:51:42', NULL, 6900.00, 1, '2014-04-08 20:36:49', 345.00, '141000.00', 3000.00, 22485.00, 115515.00, NULL, 1),
(152, 9, '2014-02-28 12:49:32', '2014-02-28 20:45:09', 21, 'RObson Sabado', '102.038.102-83', 'Reserva Cancelada', NULL, 0, NULL, 0, NULL, NULL, NULL, NULL, 0, NULL, NULL, NULL, NULL, NULL, NULL, NULL, 0),
(153, 46, '2014-02-28 14:06:14', NULL, 40, 'Thaise Patricio', '091.938.469-24', 'Vendido', NULL, 1, NULL, 0, 6200.00, '2014-10-08 15:22:02', NULL, 6200.00, 1, '2014-05-19 16:48:55', 310.00, '127000.00', 3000.00, 6000.00, 118000.00, NULL, 1),
(154, 48, '2014-02-28 14:13:45', '2014-08-05 16:04:16', 40, 'Claudinei Correa Junior', '067.574.019-32', 'Venda Cancelada', NULL, 0, NULL, 0, 3000.00, '2014-08-04 16:38:05', NULL, 6150.00, 1, '2014-06-11 19:33:53', 307.50, '126000.00', 3000.00, 6000.00, 117000.00, NULL, 0),
(155, 87, '2014-02-28 15:04:13', '2014-03-07 15:48:39', 41, 'Roberson Fernandes', '050.550.769-26', 'Reserva Cancelada', NULL, 0, NULL, 0, NULL, NULL, NULL, NULL, 0, NULL, NULL, NULL, NULL, NULL, NULL, NULL, 0),
(156, 19, '2014-02-28 15:04:23', '2014-03-08 13:13:41', 43, 'Patricia Ramos.', '096.240.109-94', 'Reserva Cancelada', NULL, 0, NULL, 0, NULL, NULL, NULL, NULL, 0, NULL, NULL, NULL, NULL, NULL, NULL, NULL, 0),
(157, 6, '2014-02-28 18:39:49', NULL, 41, 'Dionir Bolfe', '073.909.879-95', 'Reserva Em Contratação', NULL, 0, NULL, 0, NULL, NULL, NULL, NULL, 0, NULL, NULL, NULL, NULL, NULL, NULL, NULL, 0),
(158, 63, '2014-02-28 18:47:59', '2014-03-07 15:47:15', 41, 'Humberto luiz marchiori', '004.862.119-67', 'Reserva Cancelada', NULL, 0, NULL, 0, NULL, NULL, NULL, NULL, 0, NULL, NULL, NULL, NULL, NULL, NULL, NULL, 0),
(159, 99, '2014-02-28 20:21:42', NULL, 23, 'Vanessa Torres', '082.880.826-02', 'Reserva Em Contratação', NULL, 0, NULL, 0, NULL, NULL, NULL, NULL, 0, NULL, NULL, NULL, NULL, NULL, NULL, NULL, 0),
(160, 9, '2014-02-28 20:46:25', '2014-05-16 16:05:10', 33, 'RENATO RUSSI e ROSIMARI', '45754004915', 'Venda Cancelada', NULL, 0, NULL, 0, 3000.00, '2014-05-14 14:29:07', NULL, 6450.00, 1, '2014-04-08 20:34:33', 322.50, '132000.00', 3000.00, 9000.00, 120000.00, NULL, 0),
(161, 13, '2014-02-28 21:34:11', NULL, 23, 'Elton Machado Bonfim', '065.093.429-60', 'Vendido', NULL, 1, NULL, 0, 6350.00, '2014-10-08 15:09:47', NULL, 6350.00, 1, '2014-04-08 20:35:36', 317.50, '130000.00', 3000.00, 6000.00, 121000.00, NULL, 1),
(162, 62, '2014-02-28 22:30:17', '2014-03-08 13:15:06', 43, 'Jackson Black', '068.685.829-86', 'Reserva Cancelada', NULL, 0, NULL, 0, NULL, NULL, NULL, NULL, 0, NULL, NULL, NULL, NULL, NULL, NULL, NULL, 0),
(163, 60, '2014-02-28 22:33:13', '2014-03-08 13:14:23', 43, 'paulo demartini', '087.096.439-90', 'Reserva Cancelada', NULL, 0, NULL, 0, NULL, NULL, NULL, NULL, 0, NULL, NULL, NULL, NULL, NULL, NULL, NULL, 0),
(164, 22, '2014-03-01 14:31:49', NULL, 35, 'Naiara Reginaldo ', '039.080.379-05', 'Reserva Vendida', NULL, 0, NULL, 0, NULL, NULL, NULL, NULL, 0, NULL, NULL, NULL, NULL, NULL, NULL, NULL, 0),
(165, 120, '2014-03-01 14:54:19', NULL, 21, 'Gabriel Talaska', '050.888.779-86', 'Reserva Em Contratação', NULL, 0, NULL, 0, NULL, NULL, NULL, NULL, 0, NULL, NULL, NULL, NULL, NULL, NULL, NULL, 0),
(166, 61, '2014-03-01 16:31:18', '2014-03-05 18:04:36', 35, 'Ana Paula Nunes Pereira da silva', '131.210.378-70', 'Reserva Cancelada', NULL, 0, NULL, 0, NULL, NULL, NULL, NULL, 0, NULL, NULL, NULL, NULL, NULL, NULL, NULL, 0),
(167, 24, '2014-03-01 17:37:35', NULL, 21, 'Jonatan Fernandez Ferreira', '026.864.479-90', 'Reserva Em Contratação', NULL, 0, NULL, 0, NULL, NULL, NULL, NULL, 0, NULL, NULL, NULL, NULL, NULL, NULL, NULL, 0),
(168, 82, '2014-03-02 23:53:17', NULL, 41, 'Gisele Fernandez', '048.411.229-58', 'Reserva Em Contratação', NULL, 0, NULL, 0, NULL, NULL, NULL, NULL, 0, NULL, NULL, NULL, NULL, NULL, NULL, NULL, 0),
(169, 55, '2014-03-03 12:37:17', '2014-03-03 18:31:46', 21, 'Adiane', '909.109.910-01', 'Reserva Cancelada', NULL, 0, NULL, 0, NULL, NULL, NULL, NULL, 0, NULL, NULL, NULL, NULL, NULL, NULL, NULL, 0),
(170, 85, '2014-03-03 12:38:30', NULL, 21, 'em contrato', '233.333.333-33', 'Reserva Vendida', NULL, 0, NULL, 0, NULL, NULL, NULL, NULL, 0, NULL, NULL, NULL, NULL, NULL, NULL, NULL, 0),
(171, 91, '2014-03-03 12:39:37', NULL, 21, 'em contrato', '111.111.112-22', 'Reserva Em Contratação', NULL, 0, NULL, 0, NULL, NULL, NULL, NULL, 0, NULL, NULL, NULL, NULL, NULL, NULL, NULL, 0),
(172, 47, '2014-03-03 12:55:13', NULL, 40, 'cristiano', '070.707.070-70', 'Reserva Em Contratação', NULL, 0, NULL, 0, NULL, NULL, NULL, NULL, 0, NULL, NULL, NULL, NULL, NULL, NULL, NULL, 0),
(173, 84, '2014-03-03 12:57:01', NULL, 40, 'cristiano', '090.909.090-90', 'Reserva Em Contratação', NULL, 0, NULL, 0, NULL, NULL, NULL, NULL, 0, NULL, NULL, NULL, NULL, NULL, NULL, NULL, 0),
(174, 70, '2014-03-03 13:28:21', NULL, 35, 'Fabricio Tadeu Silva de Miranda', '007.868.239-84', 'Reserva Em Contratação', NULL, 0, NULL, 0, NULL, NULL, NULL, NULL, 0, NULL, NULL, NULL, NULL, NULL, NULL, NULL, 0),
(175, 88, '2014-03-03 14:42:50', '2014-03-07 10:43:17', 43, 'Fernando Chiesa', '081.659.899-10', 'Reserva Cancelada', NULL, 0, NULL, 0, NULL, NULL, NULL, NULL, 0, NULL, NULL, NULL, NULL, NULL, NULL, NULL, 0),
(176, 79, '2014-03-03 14:43:07', NULL, 38, 'Jucelio Costa', '712.799.039-53', 'Reservado', NULL, 0, NULL, 0, NULL, NULL, NULL, NULL, 0, NULL, NULL, NULL, NULL, NULL, NULL, NULL, 0),
(177, 34, '2014-03-03 16:37:40', '2014-03-03 22:55:56', 18, 'Eliomar de Souza', '509.313.009-59', 'Reserva Cancelada', NULL, 0, NULL, 0, NULL, NULL, NULL, NULL, 0, NULL, NULL, NULL, NULL, NULL, NULL, NULL, 0),
(178, 55, '2014-03-03 18:32:29', NULL, 18, 'Reinaldo Matana Neto', '07821361925', 'Vendido', NULL, 1, NULL, 0, 3000.00, '2014-03-20 23:44:55', NULL, 6650.00, 1, '2014-06-11 19:35:29', 332.50, '136000.00', 3000.00, 6000.00, 127000.00, NULL, 1),
(179, 64, '2014-03-03 18:55:53', NULL, 34, 'andrea lobato', '025.194.319-46', 'Reserva Em Contratação', NULL, 0, NULL, 0, NULL, NULL, NULL, NULL, 0, NULL, NULL, NULL, NULL, NULL, NULL, NULL, 0),
(180, 20, '2014-03-03 19:10:10', NULL, 21, 'Rodrigo Vieira', '080.915.209-64', 'Reserva Em Contratação', NULL, 0, NULL, 0, NULL, NULL, NULL, NULL, 0, NULL, NULL, NULL, NULL, NULL, NULL, NULL, 0),
(181, 118, '2014-03-03 19:58:32', NULL, 21, 'Maico e Liliene', '01001326938', 'Vendido', NULL, 1, NULL, 0, 7450.00, '2014-10-08 15:28:33', NULL, 7450.00, 1, '2014-09-10 16:13:02', 372.50, '152000.00', 3000.00, 10980.00, 138020.00, NULL, 1),
(182, 92, '2014-03-03 19:59:37', '2014-09-29 19:44:14', 21, 'Marcus Vinicius Neto da Silva', '982.180.340-72', 'Venda Cancelada', NULL, 0, 1, 0, NULL, NULL, '2014-08-04 16:46:30', 6450.00, 1, '2014-09-10 16:04:27', 322.50, '132000.00', 10000.00, 7652.00, 114348.00, NULL, 0),
(183, 85, '2014-03-03 20:01:01', NULL, 21, 'Marcos Antonio Bau', '09566272936', 'Vendido', NULL, 1, NULL, 0, 6150.00, '2014-09-25 19:51:14', NULL, 6150.00, 1, '2014-08-20 14:53:32', 307.50, '126000.00', 3000.00, 7000.00, 116000.00, NULL, 1),
(184, 93, '2014-03-03 20:01:58', NULL, 21, 'Jean Carlos Van Den Bylaardt', '055.929.619-36', 'Vendido', NULL, 1, NULL, 0, 6450.00, '2014-10-08 15:26:03', NULL, 6450.00, 1, '2014-09-10 16:04:32', 322.50, '132000.00', 3000.00, 31608.00, 97392.00, NULL, 1),
(185, 103, '2014-03-03 21:42:57', '2014-03-04 16:53:45', 18, 'Maria Claudete', '380.118.329-72', 'Reserva Cancelada', NULL, 0, NULL, 0, NULL, NULL, NULL, NULL, 0, NULL, NULL, NULL, NULL, NULL, NULL, NULL, 0),
(186, 11, '2014-03-03 22:54:52', '2014-03-11 12:00:03', 43, 'Paulo', '645876___.___.___-__', 'Reserva Cancelada', NULL, 0, NULL, 0, NULL, NULL, NULL, NULL, 0, NULL, NULL, NULL, NULL, NULL, NULL, NULL, 0),
(187, 112, '2014-03-04 13:24:23', NULL, 23, 'Rose Elaine Pereira', '036.507.699-64', 'Reserva Em Contratação', NULL, 0, NULL, 0, NULL, NULL, NULL, NULL, 0, NULL, NULL, NULL, NULL, NULL, NULL, NULL, 0),
(188, 103, '2014-03-04 16:54:18', NULL, 40, 'Luan Argeu Salsbrum', '324.213.424-21', 'Reserva Em Contratação', NULL, 0, NULL, 0, NULL, NULL, NULL, NULL, 0, NULL, NULL, NULL, NULL, NULL, NULL, NULL, 0),
(189, 111, '2014-03-04 17:00:49', NULL, 18, 'Aline do Paulo', '098.098.098-09', 'Reserva Em Contratação', NULL, 0, NULL, 0, NULL, NULL, NULL, NULL, 0, NULL, NULL, NULL, NULL, NULL, NULL, NULL, 0),
(190, 86, '2014-03-04 17:07:22', NULL, 40, 'Isabelly Cristine ', '211.211.211-21', 'Reserva Em Contratação', NULL, 0, NULL, 0, NULL, NULL, NULL, NULL, 0, NULL, NULL, NULL, NULL, NULL, NULL, NULL, 0),
(191, 38, '2014-03-04 17:12:44', NULL, 18, 'Rafael Possa', '454.545.454-54', 'Reserva Em Contratação', NULL, 0, NULL, 0, NULL, NULL, NULL, NULL, 0, NULL, NULL, NULL, NULL, NULL, NULL, NULL, 0),
(192, 98, '2014-03-04 18:52:52', NULL, 21, 'Arão dos Santos Amará', '323.324.638-28', 'Reserva Em Contratação', NULL, 0, NULL, 0, NULL, NULL, NULL, NULL, 0, NULL, NULL, NULL, NULL, NULL, NULL, NULL, 0),
(193, 97, '2014-03-04 20:19:51', NULL, 21, 'Vilson Jose de Souza', '260.767.212-00', 'Reserva Em Contratação', NULL, 0, NULL, 0, NULL, NULL, NULL, NULL, 0, NULL, NULL, NULL, NULL, NULL, NULL, NULL, 0),
(194, 44, '2014-03-05 12:39:11', NULL, 40, 'welington ', '034.034.034-03', 'Reserva Em Contratação', NULL, 0, NULL, 0, NULL, NULL, NULL, NULL, 0, NULL, NULL, NULL, NULL, NULL, NULL, NULL, 0),
(195, 8, '2014-03-05 13:52:06', NULL, 21, 'Lisandro', '612.201.320-04', 'Reserva Em Contratação', NULL, 0, NULL, 0, NULL, NULL, NULL, NULL, 0, NULL, NULL, NULL, NULL, NULL, NULL, NULL, 0),
(196, 10, '2014-03-05 14:01:23', '2014-03-05 14:39:38', 21, 'Robson ', '043.003.003-00', 'Reserva Cancelada', NULL, 0, NULL, 0, NULL, NULL, NULL, NULL, 0, NULL, NULL, NULL, NULL, NULL, NULL, NULL, 0),
(197, 51, '2014-03-05 14:02:27', NULL, 23, 'cicero', '005.445.223-89', 'Reserva Em Contratação', NULL, 0, NULL, 0, NULL, NULL, NULL, NULL, 0, NULL, NULL, NULL, NULL, NULL, NULL, NULL, 0),
(198, 16, '2014-03-05 14:31:18', '2014-03-05 14:38:56', 18, 'Dimas Francisco De Bonna', '221.598.258-67', 'Reserva Cancelada', NULL, 0, NULL, 0, NULL, NULL, NULL, NULL, 0, NULL, NULL, NULL, NULL, NULL, NULL, NULL, 0),
(199, 16, '2014-03-05 14:39:23', NULL, 21, 'Robson - Araujo', '951.951.951-95', 'Reserva Em Contratação', NULL, 0, NULL, 0, NULL, NULL, NULL, NULL, 0, NULL, NULL, NULL, NULL, NULL, NULL, NULL, 0),
(200, 10, '2014-03-05 14:39:56', NULL, 18, 'Dimas Francisco de Bonna', '221.598.258-68', 'Reserva Em Contratação', NULL, 0, NULL, 0, NULL, NULL, NULL, NULL, 0, NULL, NULL, NULL, NULL, NULL, NULL, NULL, 0),
(201, 100, '2014-03-05 15:03:51', NULL, 31, 'ingrid thomazolli', '071.970.589-45', 'Reserva Em Contratação', NULL, 0, NULL, 0, NULL, NULL, NULL, NULL, 0, NULL, NULL, NULL, NULL, NULL, NULL, NULL, 0),
(202, 105, '2014-03-05 16:13:20', NULL, 31, 'alisson ferreira almeida', '065.356.509-79', 'Reserva Vendida', NULL, 0, NULL, 0, NULL, NULL, NULL, NULL, 0, NULL, NULL, NULL, NULL, NULL, NULL, NULL, 0),
(203, 95, '2014-03-05 17:25:39', NULL, 19, 'Sonia Mara Trindade', '02946748960', 'Vendido', NULL, 1, NULL, 0, 6500.00, '2014-10-06 13:29:51', NULL, 6500.00, 1, '2014-09-10 16:04:41', 325.00, '133000.00', 3000.00, 7352.40, 122647.60, NULL, 1),
(204, 119, '2014-03-05 17:26:42', '2014-09-29 20:31:14', 20, 'Paulo Henrique Ferreira', '04648071905', 'Venda Cancelada', NULL, 0, NULL, 0, 3000.00, '2014-04-07 14:37:09', NULL, 7250.00, 1, '2014-09-10 16:13:07', 362.50, '148000.00', 1500.00, 19282.50, 127217.50, NULL, 0),
(205, 71, '2014-03-05 19:54:18', NULL, 18, 'Michelle Luise da Veiga', '07717475944', 'Vendido', NULL, 1, NULL, 0, 7200.00, '2014-09-25 17:17:03', NULL, 7200.00, 1, '2014-07-11 20:08:06', 360.00, '147000.00', 3000.00, 15000.00, 129000.00, NULL, 1),
(206, 34, '2014-03-05 22:26:38', NULL, 40, 'Mario Oliveira', '690.246.509-68', 'Reserva Em Contratação', NULL, 0, NULL, 0, NULL, NULL, NULL, NULL, 0, NULL, NULL, NULL, NULL, NULL, NULL, NULL, 0),
(207, 61, '2014-03-05 22:27:41', NULL, 30, 'Eduardo Heitor Martins', '070.915.069-52', 'Reserva Em Contratação', NULL, 0, NULL, 0, NULL, NULL, NULL, NULL, 0, NULL, NULL, NULL, NULL, NULL, NULL, NULL, 0),
(208, 31, '2014-03-05 22:49:01', '2014-03-11 11:38:13', 41, 'eder', '606.976.332-54', 'Reserva Cancelada', NULL, 0, NULL, 0, NULL, NULL, NULL, NULL, 0, NULL, NULL, NULL, NULL, NULL, NULL, NULL, 0),
(209, 101, '2014-03-05 22:57:14', NULL, 30, 'David Petter Alves', '083.770.939-36', 'Reserva Em Contratação', NULL, 0, NULL, 0, NULL, NULL, NULL, NULL, 0, NULL, NULL, NULL, NULL, NULL, NULL, NULL, 0),
(210, 3, '2014-03-06 13:37:17', NULL, 40, 'Cristiano', '818.181.818-18', 'Reserva Em Contratação', NULL, 0, NULL, 0, NULL, NULL, NULL, NULL, 0, NULL, NULL, NULL, NULL, NULL, NULL, NULL, 0),
(211, 41, '2014-03-06 13:37:58', NULL, 40, 'Cristiano', '948.484.858-58', 'Reserva Em Contratação', NULL, 0, NULL, 0, NULL, NULL, NULL, NULL, 0, NULL, NULL, NULL, NULL, NULL, NULL, NULL, 0),
(212, 113, '2014-03-06 13:53:19', NULL, 23, 'Diego Polito Cardozo', '059.420.959-57', 'Reservado', NULL, 0, NULL, 0, NULL, NULL, NULL, NULL, 0, NULL, NULL, NULL, NULL, NULL, NULL, NULL, 0),
(213, 54, '2014-03-06 16:59:22', NULL, 19, 'Evandra Dias', '959.565.232-32', 'Reserva Vendida', NULL, 0, NULL, 0, NULL, NULL, NULL, NULL, 0, NULL, NULL, NULL, NULL, NULL, NULL, NULL, 0),
(214, 23, '2014-03-06 16:59:53', NULL, 19, 'Evandra Dias', '968.513.321-32', 'Reserva Em Contratação', NULL, 0, NULL, 0, NULL, NULL, NULL, NULL, 0, NULL, NULL, NULL, NULL, NULL, NULL, NULL, 0),
(215, 17, '2014-03-06 17:45:41', NULL, 21, 'Jacqueline Ellen Maião', '346.386.888-10', 'Reserva Em Contratação', NULL, 0, NULL, 0, NULL, NULL, NULL, NULL, 0, NULL, NULL, NULL, NULL, NULL, NULL, NULL, 0),
(216, 59, '2014-03-06 17:46:21', '2014-03-13 11:18:04', 21, 'Jacqueline Ellen', '132.547.789-99', 'Reserva Cancelada', NULL, 0, NULL, 0, NULL, NULL, NULL, NULL, 0, NULL, NULL, NULL, NULL, NULL, NULL, NULL, 0),
(217, 105, '2014-03-06 18:21:45', '2014-09-25 20:33:17', 31, 'ALISSON FERREIRA ALMEIDA', '065.356.509-79', 'Venda Cancelada', NULL, 0, NULL, 0, 3000.00, '2014-03-20 23:52:08', NULL, 6800.00, 1, '2014-08-13 17:22:34', 340.00, '139000.00', 3000.00, 10783.00, 125217.00, NULL, 0),
(218, 22, '2014-03-06 18:23:14', '2014-07-21 15:31:32', 35, 'Naiara Reginaldo ', '039.080.379-05', 'Venda Cancelada', NULL, 0, NULL, 0, 3000.00, '2014-03-20 23:52:29', NULL, 6750.00, 1, '2014-04-08 20:37:25', 337.50, '138000.00', 3000.00, 16887.00, 118113.00, NULL, 0),
(219, 58, '2014-03-06 18:40:54', NULL, 20, 'Deivisson', '079.184.109-85', 'Reserva Em Contratação', NULL, 0, NULL, 0, NULL, NULL, NULL, NULL, 0, NULL, NULL, NULL, NULL, NULL, NULL, NULL, 0),
(220, 25, '2014-03-06 19:00:13', NULL, 20, 'Daiana', '055.142.369-27', 'Reservado', NULL, 0, NULL, 0, NULL, NULL, NULL, NULL, 0, NULL, NULL, NULL, NULL, NULL, NULL, NULL, 0),
(221, 42, '2014-03-06 19:01:55', NULL, 20, 'Ederson', '062.150.079-86', 'Reserva Em Contratação', NULL, 0, NULL, 0, NULL, NULL, NULL, NULL, 0, NULL, NULL, NULL, NULL, NULL, NULL, NULL, 0),
(222, 114, '2014-03-06 21:05:34', NULL, 20, 'Maise Gonzaga', '947.058.790-16', 'Reserva Em Contratação', NULL, 0, NULL, 0, NULL, NULL, NULL, NULL, 0, NULL, NULL, NULL, NULL, NULL, NULL, NULL, 0),
(223, 2, '2014-03-06 21:06:35', NULL, 19, 'Evandra Dias', '654.316.549-73', 'Reserva Em Contratação', NULL, 0, NULL, 0, NULL, NULL, NULL, NULL, 0, NULL, NULL, NULL, NULL, NULL, NULL, NULL, 0),
(224, 57, '2014-03-06 21:07:08', NULL, 20, 'Sandra', '789.456.198-15', 'Reserva Em Contratação', NULL, 0, NULL, 0, NULL, NULL, NULL, NULL, 0, NULL, NULL, NULL, NULL, NULL, NULL, NULL, 0),
(225, 81, '2014-03-06 21:07:43', NULL, 20, 'Sandra', '968.524.152-26', 'Reserva Em Contratação', NULL, 0, NULL, 0, NULL, NULL, NULL, NULL, 0, NULL, NULL, NULL, NULL, NULL, NULL, NULL, 0),
(226, 111, '2014-03-07 10:34:28', NULL, 18, 'Aline do Paulo', '098.098.098-09', 'Reserva Vendida', 1, NULL, NULL, NULL, NULL, NULL, NULL, NULL, NULL, NULL, NULL, NULL, NULL, NULL, NULL, NULL, 0),
(227, 61, '2014-03-07 10:35:13', NULL, 30, 'Eduardo Heitor Martins', '070.915.069-52', 'Reserva Vendida', 1, NULL, NULL, NULL, NULL, NULL, NULL, NULL, NULL, NULL, NULL, NULL, NULL, NULL, NULL, NULL, 0),
(228, 98, '2014-03-07 10:35:39', NULL, 21, 'Arão dos Santos Amará', '323.324.638-28', 'Reserva Vendida', 1, NULL, NULL, NULL, NULL, NULL, NULL, NULL, NULL, NULL, NULL, NULL, NULL, NULL, NULL, NULL, 0),
(229, 1, '2014-03-07 10:36:19', NULL, 23, 'cicero', '023.337.644-57', 'Reserva Vendida', 1, NULL, NULL, NULL, NULL, NULL, NULL, NULL, NULL, NULL, NULL, NULL, NULL, NULL, NULL, NULL, 0),
(230, 26, '2014-03-07 10:37:10', NULL, 18, 'Aline Carlos Pinto', '333.333.333-33', 'Reserva Vendida', 1, NULL, NULL, NULL, NULL, NULL, NULL, NULL, NULL, NULL, NULL, NULL, NULL, NULL, NULL, NULL, 0),
(231, 70, '2014-03-07 10:37:58', '2014-03-31 13:18:51', 35, 'Fabricio Tadeu Silva de Miranda', '007.868.239-84', 'Contratação Cancelada', 1, 0, NULL, NULL, NULL, NULL, NULL, NULL, NULL, NULL, NULL, NULL, NULL, NULL, NULL, NULL, 0),
(232, 120, '2014-03-07 10:38:24', NULL, 21, 'Gabriel Talaska', '050.888.779-86', 'Reserva Vendida', 1, NULL, NULL, NULL, NULL, NULL, NULL, NULL, NULL, NULL, NULL, NULL, NULL, NULL, NULL, NULL, 0),
(233, 16, '2014-03-07 10:39:01', NULL, 21, 'Robson - Araujo', '951.951.951-95', 'Reserva Vendida', 1, NULL, NULL, NULL, NULL, NULL, NULL, NULL, NULL, NULL, NULL, NULL, NULL, NULL, NULL, NULL, 0),
(234, 112, '2014-03-07 10:39:30', NULL, 23, 'Rose Elaine Pereira', '036.507.699-64', 'Reserva Vendida', 1, NULL, NULL, NULL, NULL, NULL, NULL, NULL, NULL, NULL, NULL, NULL, NULL, NULL, NULL, NULL, 0),
(235, 24, '2014-03-07 10:40:32', NULL, 21, 'Jonatan Fernandez Ferreira', '026.864.479-90', 'Reserva Vendida', 1, NULL, NULL, NULL, NULL, NULL, NULL, NULL, NULL, NULL, NULL, NULL, NULL, NULL, NULL, NULL, 0),
(236, 106, '2014-03-07 10:41:00', NULL, 18, 'Julien D Pinheiro', '062.889.779-00', 'Reserva Vendida', 1, NULL, NULL, NULL, NULL, NULL, NULL, NULL, NULL, NULL, NULL, NULL, NULL, NULL, NULL, NULL, 0),
(237, 88, '2014-03-07 10:44:03', NULL, 30, 'Liziane - Fabricio', '958.582.284-41', 'Reserva Em Contratação', NULL, 0, NULL, 0, NULL, NULL, NULL, NULL, 0, NULL, NULL, NULL, NULL, NULL, NULL, NULL, 0),
(238, 88, '2014-03-07 10:44:08', NULL, 30, 'Liziane - Fabricio', '958.582.284-41', 'Em Contratação', 1, NULL, NULL, NULL, NULL, NULL, NULL, NULL, NULL, NULL, NULL, NULL, NULL, NULL, NULL, NULL, 1),
(239, 8, '2014-03-07 10:45:06', NULL, 21, 'Lisandro', '612.201.320-04', 'Reserva Vendida', 1, NULL, NULL, NULL, NULL, NULL, NULL, NULL, NULL, NULL, NULL, NULL, NULL, NULL, NULL, NULL, 0),
(240, 103, '2014-03-07 10:45:25', NULL, 40, 'Luan Argeu Salsbrum', '324.213.424-21', 'Reserva vendida', 1, NULL, NULL, NULL, NULL, NULL, NULL, NULL, NULL, NULL, NULL, NULL, NULL, NULL, NULL, NULL, 0),
(241, 94, '2014-03-07 10:45:47', NULL, 21, 'RObson', '090.907.608-00', 'Reserva Vendida', 1, NULL, NULL, NULL, NULL, NULL, NULL, NULL, NULL, NULL, NULL, NULL, NULL, NULL, NULL, NULL, 0),
(242, 91, '2014-03-07 10:46:22', NULL, 21, 'em contrato', '111.111.112-22', 'Reserva Vendida', 1, NULL, NULL, NULL, NULL, NULL, NULL, NULL, NULL, NULL, NULL, NULL, NULL, NULL, NULL, NULL, 0),
(243, 38, '2014-03-07 10:47:30', NULL, 18, 'Rafael Possa', '454.545.454-54', 'Reserva vendida', 1, NULL, NULL, NULL, NULL, NULL, NULL, NULL, NULL, NULL, NULL, NULL, NULL, NULL, NULL, NULL, 0),
(244, 5, '2014-03-07 10:48:01', NULL, 23, 'vera', '005.057.899-57', 'Reserva Vendida', 1, NULL, NULL, NULL, NULL, NULL, NULL, NULL, NULL, NULL, NULL, NULL, NULL, NULL, NULL, NULL, 0),
(245, 97, '2014-03-07 10:49:43', NULL, 21, 'Vilson Jose de Souza', '260.767.212-00', 'Reserva Vendida', 1, NULL, NULL, NULL, NULL, NULL, NULL, NULL, NULL, NULL, NULL, NULL, NULL, NULL, NULL, NULL, 0),
(246, 47, '2014-03-07 10:50:04', '2014-05-06 10:13:57', 40, 'cristiano', '070.707.070-70', 'Contratação Cancelada', 1, 0, NULL, NULL, NULL, NULL, NULL, NULL, NULL, NULL, NULL, NULL, NULL, NULL, NULL, NULL, 0),
(247, 74, '2014-03-07 13:13:50', NULL, 35, 'silmara magalães', '033.197.243-39', 'Reservado', NULL, 0, NULL, 0, NULL, NULL, NULL, NULL, 0, NULL, NULL, NULL, NULL, NULL, NULL, NULL, 0),
(248, 110, '2014-03-07 14:24:24', NULL, 36, 'Douglas', '082.416.929-86', 'Reserva Vendida', NULL, 0, NULL, 0, NULL, NULL, NULL, NULL, 0, NULL, NULL, NULL, NULL, NULL, NULL, NULL, 0),
(249, 96, '2014-03-07 14:57:51', NULL, 20, 'Jonas', '078.818.509-81', 'Reserva Em Contratação', NULL, 0, NULL, 0, NULL, NULL, NULL, NULL, 0, NULL, NULL, NULL, NULL, NULL, NULL, NULL, 0),
(250, 50, '2014-03-07 15:15:34', '2014-03-07 21:41:43', 21, 'Gilberto', '202.020.200-20', 'Reserva Cancelada', NULL, 0, NULL, 0, NULL, NULL, NULL, NULL, 0, NULL, NULL, NULL, NULL, NULL, NULL, NULL, 0),
(251, 104, '2014-03-07 15:16:37', NULL, 21, 'RObson', '398.397.376-80', 'Reservado', NULL, 0, NULL, 0, NULL, NULL, NULL, NULL, 0, NULL, NULL, NULL, NULL, NULL, NULL, NULL, 0),
(252, 27, '2014-03-07 15:43:28', '2014-03-14 13:01:26', 41, 'Thaina Neves Bohrer', '105.031.119-10', 'Reserva Cancelada', NULL, 0, NULL, 0, NULL, NULL, NULL, NULL, 0, NULL, NULL, NULL, NULL, NULL, NULL, NULL, 0),
(253, 43, '2014-03-07 15:46:13', '2014-03-14 13:00:10', 41, 'Everton', '984.654.642-32', 'Reserva Cancelada', NULL, 0, NULL, 0, NULL, NULL, NULL, NULL, 0, NULL, NULL, NULL, NULL, NULL, NULL, NULL, 0),
(254, 63, '2014-03-07 15:47:30', NULL, 41, 'Eder', '652.541.452-51', 'Reserva Em Contratação', NULL, 0, NULL, 0, NULL, NULL, NULL, NULL, 0, NULL, NULL, NULL, NULL, NULL, NULL, NULL, 0),
(255, 87, '2014-03-07 15:48:53', '2014-03-14 13:00:54', 41, 'Eder', '541.555.214-52', 'Reserva Cancelada', NULL, 0, NULL, 0, NULL, NULL, NULL, NULL, 0, NULL, NULL, NULL, NULL, NULL, NULL, NULL, 0),
(256, 115, '2014-03-07 16:20:07', NULL, 21, 'Cintia Boll', '717.597.780-87', 'Reserva Em Contratação', NULL, 0, NULL, 0, NULL, NULL, NULL, NULL, 0, NULL, NULL, NULL, NULL, NULL, NULL, NULL, 0),
(257, 115, '2014-03-07 16:55:32', NULL, 21, 'Cintia Boll', '717.597.780-87', 'Reserva Vendida', 1, NULL, NULL, NULL, NULL, NULL, NULL, NULL, NULL, NULL, NULL, NULL, NULL, NULL, NULL, NULL, 0),
(258, 114, '2014-03-07 16:56:03', NULL, 20, 'Maise Gonzaga', '947.058.790-16', 'Reserva vendida', 1, NULL, NULL, NULL, NULL, NULL, NULL, NULL, NULL, NULL, NULL, NULL, NULL, NULL, NULL, NULL, 0),
(259, 51, '2014-03-07 16:56:20', NULL, 23, 'cicero', '005.445.223-89', 'Reserva vendida', 1, NULL, NULL, NULL, NULL, NULL, NULL, NULL, NULL, NULL, NULL, NULL, NULL, NULL, NULL, NULL, 0),
(260, 33, '2014-03-07 17:08:49', NULL, 23, 'Fabiana', '019.225.749-88', 'Reserva Em Contratação', NULL, 0, NULL, 0, NULL, NULL, NULL, NULL, 0, NULL, NULL, NULL, NULL, NULL, NULL, NULL, 0),
(261, 16, '2014-03-07 17:53:27', NULL, 21, 'Gustavo e Adriane', '12305994605', 'Vendido', NULL, 1, NULL, 0, 6450.00, '2014-09-25 19:46:59', NULL, 6450.00, 1, '2014-04-08 20:36:07', 322.50, '132000.00', 3000.00, 6340.00, 122660.00, NULL, 1),
(262, 91, '2014-03-07 17:55:05', '2014-05-06 16:17:40', 21, 'Marcelo Luiz de Souza', '08226643996', 'Venda Cancelada', NULL, 0, NULL, 0, NULL, NULL, NULL, 6650.00, 0, NULL, 332.50, '136000.00', 3000.00, 7306.80, 125693.20, NULL, 0),
(263, 24, '2014-03-07 17:57:31', '2014-09-26 19:31:06', 21, 'Jonatan Fernandez Ferreira e Thais', '026.864.479-90', 'Venda Cancelada', NULL, 0, NULL, 0, 3000.00, '2014-08-04 17:19:03', NULL, 6700.00, 1, '2014-04-08 20:37:38', 335.00, '137000.00', 1500.00, 10562.10, 124937.90, NULL, 0),
(264, 50, '2014-03-07 21:42:26', '2014-09-29 18:44:07', 30, 'Leonardo Roberto Souza', '08995308931', 'Venda Cancelada', NULL, 0, NULL, 0, NULL, NULL, NULL, 6650.00, 1, '2014-06-11 19:34:22', 332.50, '136000.00', 5000.00, 5041.80, 125958.20, NULL, 0),
(265, 34, '2014-03-07 23:54:15', '2014-03-31 20:22:44', 40, 'Mario Oliveira', '690.246.509-68', 'Contratação Cancelada', 1, 0, NULL, NULL, NULL, NULL, NULL, NULL, NULL, NULL, NULL, NULL, NULL, NULL, NULL, NULL, 0),
(266, 44, '2014-03-07 23:54:42', NULL, 40, 'welington ', '034.034.034-03', 'Reserva vendida', 1, NULL, NULL, NULL, NULL, NULL, NULL, NULL, NULL, NULL, NULL, NULL, NULL, NULL, NULL, NULL, 0),
(267, 19, '2014-03-08 13:14:00', '2014-03-14 13:01:56', 43, 'Patricia Ramos', '213.423.423-42', 'Reserva Cancelada', NULL, 0, NULL, 0, NULL, NULL, NULL, NULL, 0, NULL, NULL, NULL, NULL, NULL, NULL, NULL, 0),
(268, 60, '2014-03-08 13:14:41', '2014-03-14 13:02:30', 43, 'Paulo', '090.909.099-99', 'Reserva Cancelada', NULL, 0, NULL, 0, NULL, NULL, NULL, NULL, 0, NULL, NULL, NULL, NULL, NULL, NULL, NULL, 0),
(269, 62, '2014-03-08 13:15:23', '2014-03-14 13:03:05', 43, 'Jackson Black', '098.677.987-88', 'Reserva Cancelada', NULL, 0, NULL, 0, NULL, NULL, NULL, NULL, 0, NULL, NULL, NULL, NULL, NULL, NULL, NULL, 0),
(270, 75, '2014-03-08 14:53:25', NULL, 21, 'Lincon', '300.303.030-00', 'Reserva Em Contratação', NULL, 0, NULL, 0, NULL, NULL, NULL, NULL, 0, NULL, NULL, NULL, NULL, NULL, NULL, NULL, 0),
(271, 32, '2014-03-08 15:19:30', NULL, 34, 'RUI ROGERIO', '474.871.439-53', 'Reservado', NULL, 0, NULL, 0, NULL, NULL, NULL, NULL, 0, NULL, NULL, NULL, NULL, NULL, NULL, NULL, 0),
(272, 6, '2014-03-10 02:13:12', NULL, 40, 'felipe simas', '010.101.003-03', 'Reserva Em Contratação', NULL, 0, NULL, 0, NULL, NULL, NULL, NULL, 0, NULL, NULL, NULL, NULL, NULL, NULL, NULL, 0),
(273, 99, '2014-03-10 02:15:49', NULL, 40, 'Luan', '040.404.040-40', 'Reserva Em Contratação', NULL, 0, NULL, 0, NULL, NULL, NULL, NULL, 0, NULL, NULL, NULL, NULL, NULL, NULL, NULL, 0),
(274, 40, '2014-03-10 18:53:04', '2014-03-18 13:33:08', 46, 'giraldi imoveis', '042.991.819-48', 'Reserva Cancelada', NULL, 0, NULL, 0, NULL, NULL, NULL, NULL, 0, NULL, NULL, NULL, NULL, NULL, NULL, NULL, 0),
(275, 54, '2014-03-10 19:28:26', '2014-09-29 18:48:08', 19, 'Fabricio Tadeu Silva de Miranda e Ana', '00786823984', 'Venda Cancelada', NULL, 0, NULL, 0, 3000.00, '2014-03-21 21:15:41', NULL, 6500.00, 1, '2014-06-11 19:35:17', 325.00, '133000.00', 3000.00, 12463.50, 117536.50, NULL, 0),
(276, 26, '2014-03-10 19:37:06', '2014-09-26 19:39:04', 18, 'Eliomar de Souza', '50931300959', 'Venda Cancelada', NULL, 0, NULL, 0, 7200.00, '2014-09-25 17:14:34', NULL, 7200.00, 1, '2014-04-08 20:38:57', 360.00, '147000.00', 4600.00, 21600.00, 120800.00, NULL, 0),
(277, 111, '2014-03-10 19:38:02', '2014-09-29 20:13:37', 18, 'Aline Carlos Pinto', '05269727935', 'Venda Cancelada', NULL, 0, NULL, 0, 7000.00, '2014-09-25 17:21:08', NULL, 7000.00, 1, '2014-09-10 16:11:26', 350.00, '143000.00', 3500.00, 14330.00, 125170.00, NULL, 0),
(278, 41, '2014-03-10 19:45:59', NULL, 40, 'Cristiano', '948.484.858-58', 'Reserva vendida', 1, NULL, NULL, NULL, NULL, NULL, NULL, NULL, NULL, NULL, NULL, NULL, NULL, NULL, NULL, NULL, 0);
INSERT INTO `historico` (`id`, `apartamento`, `data`, `data_cancelamento`, `usuario`, `cliente_nome`, `cliente_cpf`, `status`, `em_contratacao`, `vendido`, `corretor_pago_meia`, `corretor_pago`, `valor_pago_corretor`, `data_pagamento_corretor`, `data_pagamento_corretor_meia`, `valor_comissao_corretor`, `adm_vendas_pago`, `data_pagamento_adm_vendas`, `valor_pagamento_adm_vendas`, `valor_venda`, `valor_entrada`, `valor_financiado_construtora`, `valor_financiado_caixa`, `data_aprovacao_financiamento`, `ativo`) VALUES
(279, 10, '2014-03-10 19:48:06', NULL, 18, 'Dimas Francisco de Bonna', '221.598.258-68', 'Reserva Vendida', 1, NULL, NULL, NULL, NULL, NULL, NULL, NULL, NULL, NULL, NULL, NULL, NULL, NULL, NULL, NULL, 0),
(280, 35, '2014-03-10 22:20:44', NULL, 40, 'cristiano', '021.021.021-33', 'Reservado', NULL, 0, NULL, 0, NULL, NULL, NULL, NULL, 0, NULL, NULL, NULL, NULL, NULL, NULL, NULL, 0),
(281, 110, '2014-03-11 10:31:01', NULL, 36, 'Douglas Finardi', '082.416.929-86', 'Vendido', NULL, 1, NULL, 0, 7200.00, '2014-10-01 17:21:59', NULL, 7200.00, 1, '2014-09-10 16:11:22', 360.00, '147000.00', 5000.00, 24000.00, 118000.00, NULL, 1),
(282, 31, '2014-03-11 11:38:40', '2014-03-18 13:56:24', 41, 'Marlon Pinheiro Rosa', '017.276.970-14', 'Reserva Cancelada', NULL, 0, NULL, 0, NULL, NULL, NULL, NULL, 0, NULL, NULL, NULL, NULL, NULL, NULL, NULL, 0),
(283, 11, '2014-03-11 12:00:19', NULL, 41, 'Julia', '454.544.545-54', 'Reserva Em Contratação', NULL, 0, NULL, 0, NULL, NULL, NULL, NULL, 0, NULL, NULL, NULL, NULL, NULL, NULL, NULL, 0),
(284, 82, '2014-03-11 13:27:10', NULL, 20, 'Tyago ', '044.037.909-17', 'Reserva Em Contratação', NULL, 0, NULL, 0, NULL, NULL, NULL, NULL, 0, NULL, NULL, NULL, NULL, NULL, NULL, NULL, 0),
(285, 84, '2014-03-11 14:42:53', NULL, 40, 'jaison isair ', '090.807.060-00', 'Reserva Em Contratação', NULL, 0, NULL, 0, NULL, NULL, NULL, NULL, 0, NULL, NULL, NULL, NULL, NULL, NULL, NULL, 0),
(286, 2, '2014-03-11 17:24:47', NULL, 19, 'Evandra Dias', '654.316.549-73', 'Reserva vendida', 1, NULL, NULL, NULL, NULL, NULL, NULL, NULL, NULL, NULL, NULL, NULL, NULL, NULL, NULL, NULL, 0),
(287, 75, '2014-03-11 17:25:28', NULL, 21, 'Lincon', '300.303.030-00', 'Reserva Vendida', 1, NULL, NULL, NULL, NULL, NULL, NULL, NULL, NULL, NULL, NULL, NULL, NULL, NULL, NULL, NULL, 0),
(288, 117, '2014-03-11 18:02:32', '2014-03-19 16:43:45', 46, 'Rafael', '041.336.119-50', 'Reserva Cancelada', NULL, 0, NULL, 0, NULL, NULL, NULL, NULL, 0, NULL, NULL, NULL, NULL, NULL, NULL, NULL, 0),
(289, 20, '2014-03-11 22:03:44', NULL, 38, 'wagner cesar correa', '047.189.009-05', 'Reserva Em Contratação', NULL, 0, NULL, 0, NULL, NULL, NULL, NULL, 0, NULL, NULL, NULL, NULL, NULL, NULL, NULL, 0),
(290, 96, '2014-03-12 10:26:05', NULL, 20, 'Jonas', '078.818.509-81', 'Reserva vendida', 1, NULL, NULL, NULL, NULL, NULL, NULL, NULL, NULL, NULL, NULL, NULL, NULL, NULL, NULL, NULL, 0),
(291, 1, '2014-03-12 10:39:37', NULL, 23, 'Edson da Silva Pereira da Costa', '04246661970', 'Vendido', NULL, 1, NULL, 0, 6150.00, '2014-09-25 19:45:51', NULL, 6150.00, 1, '2014-04-08 20:32:20', 307.50, '126000.00', 3000.00, 6000.00, 117000.00, NULL, 1),
(292, 94, '2014-03-12 11:03:38', NULL, 21, 'Lucas de Oliveira Gonçalves', '02507673095', 'Vendido', NULL, 1, 1, 1, NULL, '2014-10-08 15:26:15', '2014-08-04 16:46:58', 6650.00, 1, '2014-09-10 16:04:36', 332.50, '136000.00', 10000.00, 8000.00, 118000.00, NULL, 1),
(293, 5, '2014-03-12 11:04:34', '2014-05-06 16:15:52', 23, 'Solange Teresinha de Souza', '26076616253', 'Venda Cancelada', NULL, 0, NULL, 0, NULL, NULL, NULL, 6100.00, 1, '2014-04-08 20:34:03', 305.00, '125000.00', 1000.00, 8000.00, 116000.00, NULL, 0),
(294, 8, '2014-03-12 11:05:33', NULL, 21, 'Lisandro Florence Vieira', '612.201.320-04', 'Vendido', NULL, 1, NULL, 0, 6150.00, '2014-10-08 15:09:28', NULL, 6150.00, 1, '2014-04-08 20:34:24', 307.50, '126000.00', 1500.00, 7500.00, 117000.00, NULL, 1),
(295, 98, '2014-03-12 11:23:49', '2014-09-29 19:50:46', 21, 'Arão dos Santos Amará', '323.324.638-28', 'Venda Cancelada', NULL, 0, NULL, 0, 3000.00, '2014-08-20 14:55:10', NULL, 6750.00, 1, '2014-07-21 15:51:08', 337.50, '138000.00', 2000.00, 10872.00, 125128.00, NULL, 0),
(296, 120, '2014-03-12 11:24:31', NULL, 21, 'Gabriel Talaska', '050.888.779-86', 'Vendido', NULL, 1, NULL, 0, 7100.00, '2014-09-25 19:53:08', NULL, 7100.00, 1, '2014-09-10 16:13:12', 355.00, '145000.00', 1000.00, 13500.00, 130500.00, NULL, 1),
(297, 97, '2014-03-12 11:25:13', '2014-09-29 19:47:45', 21, 'Vilson Jose de Souza', '260.767.212-00', 'Venda Cancelada', NULL, 0, NULL, 0, 3000.00, '2014-08-04 16:47:16', NULL, 6600.00, 1, '2014-09-10 16:06:17', 330.00, '135000.00', 3000.00, 6787.00, 125213.00, NULL, 0),
(298, 11, '2014-03-12 11:28:32', NULL, 41, 'Julia', '454.544.545-54', 'Reserva Vendida', 1, NULL, NULL, NULL, NULL, NULL, NULL, NULL, NULL, NULL, NULL, NULL, NULL, NULL, NULL, NULL, 0),
(299, 64, '2014-03-12 13:03:54', NULL, 20, 'Mariana', '076.064.726-70', 'Reserva Em Contratação', NULL, 0, NULL, 0, NULL, NULL, NULL, NULL, 0, NULL, NULL, NULL, NULL, NULL, NULL, NULL, 0),
(300, 79, '2014-03-12 13:10:06', NULL, 40, 'heloisa ', '056.854.889-20', 'Reservado', NULL, 0, NULL, 0, NULL, NULL, NULL, NULL, 0, NULL, NULL, NULL, NULL, NULL, NULL, NULL, 0),
(301, 67, '2014-03-12 13:30:40', NULL, 36, 'Viviane da Silva', '030.947.389-66', 'Reservado', NULL, 0, NULL, 0, NULL, NULL, NULL, NULL, 0, NULL, NULL, NULL, NULL, NULL, NULL, NULL, 0),
(302, 116, '2014-03-12 13:31:52', NULL, 36, 'Andre Fernandes', '348.250.889-53', 'Reserva Em Contratação', NULL, 0, NULL, 0, NULL, NULL, NULL, NULL, 0, NULL, NULL, NULL, NULL, NULL, NULL, NULL, 0),
(303, 66, '2014-03-12 14:22:11', NULL, 20, 'Bhruno', '061.824.846-32', 'Reservado', NULL, 0, NULL, 0, NULL, NULL, NULL, NULL, 0, NULL, NULL, NULL, NULL, NULL, NULL, NULL, 0),
(304, 107, '2014-03-12 17:07:16', NULL, 41, 'lucas vallejo', '145.236.968-43', 'Reservado', NULL, 0, NULL, 0, NULL, NULL, NULL, NULL, 0, NULL, NULL, NULL, NULL, NULL, NULL, NULL, 0),
(305, 86, '2014-03-12 17:15:30', NULL, 41, 'Renato Severo', '239.456.962-53', 'Reserva Em Contratação', NULL, 0, NULL, 0, NULL, NULL, NULL, NULL, 0, NULL, NULL, NULL, NULL, NULL, NULL, NULL, 0),
(306, 82, '2014-03-12 20:13:50', NULL, 20, 'Tyago ', '044.037.909-17', 'Reserva vendida', 1, NULL, NULL, NULL, NULL, NULL, NULL, NULL, NULL, NULL, NULL, NULL, NULL, NULL, NULL, NULL, 0),
(307, 109, '2014-03-12 22:25:59', NULL, 40, 'alan mafra ', '022.300.342-22', 'Reserva Em Contratação', NULL, 0, NULL, 0, NULL, NULL, NULL, NULL, 0, NULL, NULL, NULL, NULL, NULL, NULL, NULL, 0),
(308, 59, '2014-03-13 11:19:12', NULL, 40, 'Jacqueline Ellen Maiao', '654.456.456-46', 'Reserva Em Contratação', NULL, 0, NULL, 0, NULL, NULL, NULL, NULL, 0, NULL, NULL, NULL, NULL, NULL, NULL, NULL, 0),
(309, 59, '2014-03-13 11:19:20', NULL, 40, 'Jacqueline Ellen Maiao', '654.456.456-46', 'Reserva Vendida', 1, NULL, NULL, NULL, NULL, NULL, NULL, NULL, NULL, NULL, NULL, NULL, NULL, NULL, NULL, NULL, 0),
(310, 76, '2014-03-13 14:45:59', NULL, 46, 'giraldi imoveis', '066.145.729-03', 'Reservado', NULL, 0, NULL, 0, NULL, NULL, NULL, NULL, 0, NULL, NULL, NULL, NULL, NULL, NULL, NULL, 0),
(311, 77, '2014-03-13 14:48:25', NULL, 46, 'giraldi imoveis', '275.870.700-44', 'Reservado', NULL, 0, NULL, 0, NULL, NULL, NULL, NULL, 0, NULL, NULL, NULL, NULL, NULL, NULL, NULL, 0),
(312, 61, '2014-03-13 16:09:40', '2014-05-29 16:05:41', 30, 'Eduardo Heitor Martins', '070.915.069-52', 'Venda Cancelada', NULL, 0, NULL, 0, 3000.00, '2014-05-27 21:17:29', NULL, 6600.00, 0, NULL, 330.00, '135000.00', 1500.00, 10500.00, 123000.00, NULL, 0),
(313, 23, '2014-03-13 16:46:53', NULL, 19, 'Evandra Dias', '968.513.321-32', 'Reserva vendida', 1, NULL, NULL, NULL, NULL, NULL, NULL, NULL, NULL, NULL, NULL, NULL, NULL, NULL, NULL, NULL, 0),
(314, 80, '2014-03-13 16:47:16', NULL, 20, 'Laurentino', '323.334.989-00', 'Reservado', NULL, 0, NULL, 0, NULL, NULL, NULL, NULL, 0, NULL, NULL, NULL, NULL, NULL, NULL, NULL, 0),
(315, 37, '2014-03-13 17:38:50', NULL, 34, 'davison boni', '013.558.710-77', 'Reservado', NULL, 0, NULL, 0, NULL, NULL, NULL, NULL, 0, NULL, NULL, NULL, NULL, NULL, NULL, NULL, 0),
(316, 116, '2014-03-13 19:02:20', NULL, 36, 'Andre Fernandes', '348.250.889-53', 'Reserva vendida', 1, NULL, NULL, NULL, NULL, NULL, NULL, NULL, NULL, NULL, NULL, NULL, NULL, NULL, NULL, NULL, 0),
(317, 11, '2014-03-13 19:17:30', NULL, 41, 'Julia Patricia Rebelo Cardoso', '07802971993', 'Vendido', NULL, 1, NULL, 0, 6500.00, '2014-09-30 12:07:37', NULL, 6500.00, 1, '2014-04-08 20:34:51', 325.00, '133000.00', 3000.00, 11220.00, 118780.00, NULL, 1),
(318, 112, '2014-03-13 19:20:45', NULL, 23, 'Jackson Marielson Pereira e Rose Elaine Pereira', '93970790930', 'Vendido', NULL, 1, NULL, 0, 6800.00, '2014-10-08 15:27:50', NULL, 6800.00, 1, '2014-09-10 16:11:30', 340.00, '139000.00', 3000.00, 15000.00, 121000.00, NULL, 1),
(319, 115, '2014-03-13 19:23:45', '2014-09-29 20:22:54', 21, 'Cintia Boll', '717.597.780-87', 'Venda Cancelada', NULL, 0, 1, 0, NULL, NULL, '2014-08-04 16:48:47', 7450.00, 1, '2014-08-26 14:49:36', 372.50, '152000.00', 9000.00, 22133.10, 120866.90, NULL, 0),
(320, 100, '2014-03-13 20:14:47', NULL, 21, 'robosn', '101.010.101-03', 'Reserva Em Contratação', NULL, 0, NULL, 0, NULL, NULL, NULL, NULL, 0, NULL, NULL, NULL, NULL, NULL, NULL, NULL, 0),
(321, 101, '2014-03-14 00:48:26', '2014-03-14 16:35:54', 40, 'scheila', '089.890.765-44', 'Reserva Cancelada', NULL, 0, NULL, 0, NULL, NULL, NULL, NULL, 0, NULL, NULL, NULL, NULL, NULL, NULL, NULL, 0),
(322, 43, '2014-03-14 13:00:30', '2014-03-21 12:11:54', 41, 'Everton', '885.252.816-54', 'Reserva Cancelada', NULL, 0, NULL, 0, NULL, NULL, NULL, NULL, 0, NULL, NULL, NULL, NULL, NULL, NULL, NULL, 0),
(323, 87, '2014-03-14 13:01:14', '2014-03-21 12:12:28', 41, 'Roberson Fernandes', '963.465.416-51', 'Reserva Cancelada', NULL, 0, NULL, 0, NULL, NULL, NULL, NULL, 0, NULL, NULL, NULL, NULL, NULL, NULL, NULL, 0),
(324, 27, '2014-03-14 13:01:42', NULL, 41, 'Oi', '852.165.498-15', 'Reservado', NULL, 0, NULL, 0, NULL, NULL, NULL, NULL, 0, NULL, NULL, NULL, NULL, NULL, NULL, NULL, 0),
(325, 19, '2014-03-14 13:02:16', '2014-03-19 12:21:52', 43, 'Paulo', '874.513.984-35', 'Reserva Cancelada', NULL, 0, NULL, 0, NULL, NULL, NULL, NULL, 0, NULL, NULL, NULL, NULL, NULL, NULL, NULL, 0),
(326, 60, '2014-03-14 13:02:46', NULL, 43, 'Paulo', '485.899.652-11', 'Reserva Em Contratação', NULL, 0, NULL, 0, NULL, NULL, NULL, NULL, 0, NULL, NULL, NULL, NULL, NULL, NULL, NULL, 0),
(327, 62, '2014-03-14 13:03:21', '2014-03-18 18:40:11', 43, 'Paulo', '658.745.514-55', 'Reserva Cancelada', NULL, 0, NULL, 0, NULL, NULL, NULL, NULL, 0, NULL, NULL, NULL, NULL, NULL, NULL, NULL, 0),
(328, 101, '2014-03-14 16:36:21', NULL, 23, 'Daniel Santos', '055.307.559-41', 'Reserva Em Contratação', NULL, 0, NULL, 0, NULL, NULL, NULL, NULL, 0, NULL, NULL, NULL, NULL, NULL, NULL, NULL, 0),
(329, 101, '2014-03-14 16:36:25', NULL, 23, 'Daniel Santos', '055.307.559-41', 'Reserva Vendida', 1, NULL, NULL, NULL, NULL, NULL, NULL, NULL, NULL, NULL, NULL, NULL, NULL, NULL, NULL, NULL, 0),
(330, 3, '2014-03-14 17:07:26', '2014-03-22 14:24:43', 35, 'Elga genilce da silva', '087.065.469-19', 'Reserva Cancelada', NULL, 0, NULL, 0, NULL, NULL, NULL, NULL, 0, NULL, NULL, NULL, NULL, NULL, NULL, NULL, 0),
(331, 58, '2014-03-14 18:41:42', NULL, 20, 'Messias', '968.782.129-01', 'Reserva Em Contratação', NULL, 0, NULL, 0, NULL, NULL, NULL, NULL, 0, NULL, NULL, NULL, NULL, NULL, NULL, NULL, 0),
(332, 17, '2014-03-14 18:43:16', NULL, 20, 'Tays', '076.226.349-05', 'Reserva Em Contratação', NULL, 0, NULL, 0, NULL, NULL, NULL, NULL, 0, NULL, NULL, NULL, NULL, NULL, NULL, NULL, 0),
(333, 25, '2014-03-14 19:00:47', NULL, 20, 'Rosane', '798.590.209-06', 'Reservado', NULL, 0, NULL, 0, NULL, NULL, NULL, NULL, 0, NULL, NULL, NULL, NULL, NULL, NULL, NULL, 0),
(334, 42, '2014-03-14 19:02:20', NULL, 20, 'Adriana', '056.541.427-55', 'Reserva Em Contratação', NULL, 0, NULL, 0, NULL, NULL, NULL, NULL, 0, NULL, NULL, NULL, NULL, NULL, NULL, NULL, 0),
(335, 57, '2014-03-14 21:07:55', NULL, 20, 'Gislaine', '066.632.299-66', 'Reserva Em Contratação', NULL, 0, NULL, 0, NULL, NULL, NULL, NULL, 0, NULL, NULL, NULL, NULL, NULL, NULL, NULL, 0),
(336, 81, '2014-03-14 21:08:23', NULL, 20, 'Claudir', '051.920.329-11', 'Reserva Em Contratação', NULL, 0, NULL, 0, NULL, NULL, NULL, NULL, 0, NULL, NULL, NULL, NULL, NULL, NULL, NULL, 0),
(337, 108, '2014-03-15 14:12:01', NULL, 46, 'regiane', '099.770.139-00', 'Reserva Em Contratação', NULL, 0, NULL, 0, NULL, NULL, NULL, NULL, 0, NULL, NULL, NULL, NULL, NULL, NULL, NULL, 0),
(338, 104, '2014-03-15 15:17:13', NULL, 19, 'Isis Oto', '059.290.076-24', 'Reservado', NULL, 0, NULL, 0, NULL, NULL, NULL, NULL, 0, NULL, NULL, NULL, NULL, NULL, NULL, NULL, 0),
(339, 68, '2014-03-15 16:08:05', NULL, 39, 'Priscila Martins', '091.894.069-90', 'Reservado', NULL, 0, NULL, 0, NULL, NULL, NULL, NULL, 0, NULL, NULL, NULL, NULL, NULL, NULL, NULL, 0),
(340, 63, '2014-03-15 17:08:32', NULL, 21, 'Muriel', '079.800.759-19', 'Reserva Em Contratação', NULL, 0, NULL, 0, NULL, NULL, NULL, NULL, 0, NULL, NULL, NULL, NULL, NULL, NULL, NULL, 0),
(341, 29, '2014-03-15 17:25:42', NULL, 21, 'Jamille', '043.898.019-02', 'Reserva Em Contratação', NULL, 0, NULL, 0, NULL, NULL, NULL, NULL, 0, NULL, NULL, NULL, NULL, NULL, NULL, NULL, 0),
(342, 69, '2014-03-15 18:37:06', NULL, 21, 'Elton da Silva', '035.823.609-62', 'Reserva Em Contratação', NULL, 0, NULL, 0, NULL, NULL, NULL, NULL, 0, NULL, NULL, NULL, NULL, NULL, NULL, NULL, 0),
(343, 30, '2014-03-16 00:51:25', NULL, 18, 'Leandro', '987.654.876-98', 'Reserva Em Contratação', NULL, 0, NULL, 0, NULL, NULL, NULL, NULL, 0, NULL, NULL, NULL, NULL, NULL, NULL, NULL, 0),
(344, 72, '2014-03-17 11:20:16', '2014-03-17 21:12:00', 23, 'Odete ', '245.689.256-32', 'Reserva Cancelada', NULL, 0, NULL, 0, NULL, NULL, NULL, NULL, 0, NULL, NULL, NULL, NULL, NULL, NULL, NULL, 0),
(345, 113, '2014-03-17 11:23:00', '2014-03-17 20:29:54', 23, 'Paulo ', '119.654.223-85', 'Reserva Cancelada', NULL, 0, NULL, 0, NULL, NULL, NULL, NULL, 0, NULL, NULL, NULL, NULL, NULL, NULL, NULL, 0),
(346, 33, '2014-03-17 12:31:54', NULL, 21, 'Fabiano', '038.390.383-03', 'Reserva Em Contratação', NULL, 0, NULL, 0, NULL, NULL, NULL, NULL, 0, NULL, NULL, NULL, NULL, NULL, NULL, NULL, 0),
(347, 74, '2014-03-17 12:33:33', NULL, 21, 'Fabiano', '009.914.299-66', 'Reservado', NULL, 0, NULL, 0, NULL, NULL, NULL, NULL, 0, NULL, NULL, NULL, NULL, NULL, NULL, NULL, 0),
(348, 32, '2014-03-17 13:10:42', NULL, 35, 'Rodrigo Machado', '000.515.320-42', 'Reservado', NULL, 0, NULL, 0, NULL, NULL, NULL, NULL, 0, NULL, NULL, NULL, NULL, NULL, NULL, NULL, 0),
(349, 36, '2014-03-17 17:15:58', NULL, 28, 'aneice floriano', '400.302.539-34', 'Reservado', NULL, 0, NULL, 0, NULL, NULL, NULL, NULL, 0, NULL, NULL, NULL, NULL, NULL, NULL, NULL, 0),
(350, 65, '2014-03-17 17:36:06', NULL, 28, 'leandro', '011.715.457-11', 'Reserva Em Contratação', NULL, 0, NULL, 0, NULL, NULL, NULL, NULL, 0, NULL, NULL, NULL, NULL, NULL, NULL, NULL, 0),
(351, 73, '2014-03-17 18:16:47', NULL, 47, 'ALEXANDRE ANTONIO DOS SANTOS', '029.504.359-80', 'Reservado', NULL, 0, NULL, 0, NULL, NULL, NULL, NULL, 0, NULL, NULL, NULL, NULL, NULL, NULL, NULL, 0),
(352, 113, '2014-03-17 20:30:16', NULL, 38, 'Jonathan', '656.487.441-33', 'Reservado', NULL, 0, NULL, 0, NULL, NULL, NULL, NULL, 0, NULL, NULL, NULL, NULL, NULL, NULL, NULL, 0),
(353, 72, '2014-03-17 21:12:15', '2014-03-21 17:29:38', 38, 'Jonathan', '968.258.246-43', 'Reserva Cancelada', NULL, 0, NULL, 0, NULL, NULL, NULL, NULL, 0, NULL, NULL, NULL, NULL, NULL, NULL, NULL, 0),
(354, 64, '2014-03-17 21:44:34', NULL, 20, 'Mariana', '076.064.726-70', 'Reserva vendida', 1, NULL, NULL, NULL, NULL, NULL, NULL, NULL, NULL, NULL, NULL, NULL, NULL, NULL, NULL, NULL, 0),
(355, 20, '2014-03-18 10:59:26', NULL, 38, 'wagner cesar correa', '047.189.009-05', 'Reserva vendida', 1, NULL, NULL, NULL, NULL, NULL, NULL, NULL, NULL, NULL, NULL, NULL, NULL, NULL, NULL, NULL, 0),
(356, 10, '2014-03-18 11:17:42', '2014-07-03 14:29:03', 18, 'Edson Luis Machado e Bruna', '02610974906', 'Venda Cancelada', NULL, 0, NULL, 0, NULL, NULL, NULL, 6650.00, 1, '2014-04-08 20:34:43', 332.50, '136000.00', NULL, 6000.00, 130000.00, NULL, 0),
(357, 6, '2014-03-18 11:18:27', NULL, 38, 'carlos godoy', '035.678.986-32', 'Reserva Em Contratação', NULL, 0, NULL, 0, NULL, NULL, NULL, NULL, 0, NULL, NULL, NULL, NULL, NULL, NULL, NULL, 0),
(358, 99, '2014-03-18 11:19:01', NULL, 35, 'Rainério do Nascimento Nogueira', '025.769.696-23', 'Reserva Em Contratação', NULL, 0, NULL, 0, NULL, NULL, NULL, NULL, 0, NULL, NULL, NULL, NULL, NULL, NULL, NULL, 0),
(359, 69, '2014-03-18 13:14:26', NULL, 21, 'Elton da Silva', '035.823.609-62', 'Reserva Vendida', 1, NULL, NULL, NULL, NULL, NULL, NULL, NULL, NULL, NULL, NULL, NULL, NULL, NULL, NULL, NULL, 0),
(360, 108, '2014-03-18 13:32:12', NULL, 46, 'regiane', '099.770.139-00', 'Reserva vendida', 1, NULL, NULL, NULL, NULL, NULL, NULL, NULL, NULL, NULL, NULL, NULL, NULL, NULL, NULL, NULL, 0),
(361, 40, '2014-03-18 13:33:34', NULL, 46, 'Sunade', '987.897.654-13', 'Reserva Em Contratação', NULL, 0, NULL, 0, NULL, NULL, NULL, NULL, 0, NULL, NULL, NULL, NULL, NULL, NULL, NULL, 0),
(362, 31, '2014-03-18 13:56:42', NULL, 41, 'Eder', '456.789.413-58', 'Reserva Em Contratação', NULL, 0, NULL, 0, NULL, NULL, NULL, NULL, 0, NULL, NULL, NULL, NULL, NULL, NULL, NULL, 0),
(363, 17, '2014-03-18 14:18:41', NULL, 20, 'Tays', '076.226.349-05', 'Reserva vendida', 1, NULL, NULL, NULL, NULL, NULL, NULL, NULL, NULL, NULL, NULL, NULL, NULL, NULL, NULL, NULL, 0),
(364, 100, '2014-03-18 14:41:49', NULL, 21, 'robosn', '101.010.101-03', 'Reserva Vendida', 1, NULL, NULL, NULL, NULL, NULL, NULL, NULL, NULL, NULL, NULL, NULL, NULL, NULL, NULL, NULL, 0),
(365, 29, '2014-03-18 15:55:44', NULL, 21, 'Jamille', '043.898.019-02', 'Reserva vendida', 1, NULL, NULL, NULL, NULL, NULL, NULL, NULL, NULL, NULL, NULL, NULL, NULL, NULL, NULL, NULL, 0),
(366, 33, '2014-03-18 15:56:30', NULL, 21, 'Fabiano', '038.390.383-03', 'Reserva Vendida', 1, NULL, NULL, NULL, NULL, NULL, NULL, NULL, NULL, NULL, NULL, NULL, NULL, NULL, NULL, NULL, 0),
(367, 62, '2014-03-18 18:40:34', NULL, 35, 'Rodolfo', '789.456.465-13', 'Reserva Em Contratação', NULL, 0, NULL, 0, NULL, NULL, NULL, NULL, 0, NULL, NULL, NULL, NULL, NULL, NULL, NULL, 0),
(368, 106, '2014-03-18 19:43:54', '2014-09-29 20:07:02', 18, 'Julien D Pinheiro e Cristiane', '062.889.779-00', 'Venda Cancelada', NULL, 0, NULL, 0, 7000.00, '2014-09-25 17:20:19', NULL, 7000.00, 1, '2014-09-10 16:11:05', 350.00, '143000.00', 10000.00, 11010.00, 121990.00, NULL, 0),
(369, 35, '2014-03-18 22:21:28', NULL, 38, 'José Aparecido Ferreira', '057.927.579-50', 'Reservado', NULL, 0, NULL, 0, NULL, NULL, NULL, NULL, 0, NULL, NULL, NULL, NULL, NULL, NULL, NULL, 0),
(370, 19, '2014-03-19 12:22:10', NULL, 30, 'Islan', '858.744.552-15', 'Reserva Em Contratação', NULL, 0, NULL, 0, NULL, NULL, NULL, NULL, 0, NULL, NULL, NULL, NULL, NULL, NULL, NULL, 0),
(371, 84, '2014-03-19 14:43:18', NULL, 21, 'ana ', '139.031.992-00', 'Reserva Em Contratação', NULL, 0, NULL, 0, NULL, NULL, NULL, NULL, 0, NULL, NULL, NULL, NULL, NULL, NULL, NULL, 0),
(372, 19, '2014-03-19 14:44:02', NULL, 30, 'Islan', '858.744.552-15', 'Reserva Vendida', 1, NULL, NULL, NULL, NULL, NULL, NULL, NULL, NULL, NULL, NULL, NULL, NULL, NULL, NULL, NULL, 0),
(373, 117, '2014-03-19 16:44:17', NULL, 46, 'Edivan', '753.756.389-75', 'Reserva Em Contratação', NULL, 0, NULL, 0, NULL, NULL, NULL, NULL, 0, NULL, NULL, NULL, NULL, NULL, NULL, NULL, 0),
(374, 84, '2014-03-19 20:28:09', NULL, 21, 'ana ', '139.031.992-00', 'Reserva Vendida', 1, NULL, NULL, NULL, NULL, NULL, NULL, NULL, NULL, NULL, NULL, NULL, NULL, NULL, NULL, NULL, 0),
(375, 63, '2014-03-19 20:29:06', NULL, 21, 'Muriel', '079.800.759-19', 'Reserva vendida', 1, NULL, NULL, NULL, NULL, NULL, NULL, NULL, NULL, NULL, NULL, NULL, NULL, NULL, NULL, NULL, 0),
(376, 19, '2014-03-20 15:24:32', '2014-09-26 19:10:50', 30, 'Joselino Floriano', '72044071991', 'Venda Cancelada', NULL, 0, NULL, 0, 3375.00, '2014-03-21 21:15:14', NULL, 6750.00, 1, '2014-04-08 20:37:02', 337.50, '138000.00', 5065.00, 32676.00, 100259.00, NULL, 0),
(377, 79, '2014-03-20 15:41:40', NULL, 38, 'Anderson Pereira', '037.366.629-20', 'Reservado', NULL, 0, NULL, 0, NULL, NULL, NULL, NULL, 0, NULL, NULL, NULL, NULL, NULL, NULL, NULL, 0),
(378, 67, '2014-03-20 15:45:39', NULL, 38, 'Ana Gabriela dos Santos', '092.555.999-76', 'Reservado', NULL, 0, NULL, 0, NULL, NULL, NULL, NULL, 0, NULL, NULL, NULL, NULL, NULL, NULL, NULL, 0),
(379, 66, '2014-03-20 16:24:29', NULL, 20, 'Felipe', '005.567.969-26', 'Reservado', NULL, 0, NULL, 0, NULL, NULL, NULL, NULL, 0, NULL, NULL, NULL, NULL, NULL, NULL, NULL, 0),
(380, 86, '2014-03-20 17:16:02', NULL, 40, 'ANDRE ESSER', '050.939.189-38', 'Reserva Em Contratação', NULL, 0, NULL, 0, NULL, NULL, NULL, NULL, 0, NULL, NULL, NULL, NULL, NULL, NULL, NULL, 0),
(381, 107, '2014-03-20 18:34:22', NULL, 31, 'leandro vetorello', '051.493.319-45', 'Reservado', NULL, 0, NULL, 0, NULL, NULL, NULL, NULL, 0, NULL, NULL, NULL, NULL, NULL, NULL, NULL, 0),
(382, 99, '2014-03-20 20:24:37', NULL, 35, 'Rainério do Nascimento Nogueira', '025.769.696-23', 'Reserva Vendida', 1, NULL, NULL, NULL, NULL, NULL, NULL, NULL, NULL, NULL, NULL, NULL, NULL, NULL, NULL, NULL, 0),
(383, 109, '2014-03-20 22:26:31', NULL, 38, 'Jonathan Araujo', '038.914.389-82', 'Reserva Em Contratação', NULL, 0, NULL, 0, NULL, NULL, NULL, NULL, 0, NULL, NULL, NULL, NULL, NULL, NULL, NULL, 0),
(384, 109, '2014-03-21 10:24:47', NULL, 38, 'Jonathan Araujo', '038.914.389-82', 'Reserva vendida', 1, NULL, NULL, NULL, NULL, NULL, NULL, NULL, NULL, NULL, NULL, NULL, NULL, NULL, NULL, NULL, 0),
(385, 30, '2014-03-21 10:26:37', NULL, 18, 'Leandro', '987.654.876-98', 'Reserva Vendida', 1, NULL, NULL, NULL, NULL, NULL, NULL, NULL, NULL, NULL, NULL, NULL, NULL, NULL, NULL, NULL, 0),
(386, 43, '2014-03-21 12:12:13', '2014-03-24 19:07:28', 41, 'Eder', '524.798.963-14', 'Reserva Cancelada', NULL, 0, NULL, 0, NULL, NULL, NULL, NULL, 0, NULL, NULL, NULL, NULL, NULL, NULL, NULL, 0),
(387, 87, '2014-03-21 12:12:52', '2014-03-24 19:10:18', 41, 'Eder', '457.961.952-57', 'Reserva Cancelada', NULL, 0, NULL, 0, NULL, NULL, NULL, NULL, 0, NULL, NULL, NULL, NULL, NULL, NULL, NULL, 0),
(388, 76, '2014-03-21 15:18:18', NULL, 38, 'ANDRE FELIPE FERREIRA DA SILVA', '010.549.529-81', 'Reservado', NULL, 0, NULL, 0, NULL, NULL, NULL, NULL, 0, NULL, NULL, NULL, NULL, NULL, NULL, NULL, 0),
(389, 77, '2014-03-21 16:44:14', NULL, 46, 'giraldi imoveis', '070.158.679-66', 'Reserva em contratação', NULL, 0, NULL, 0, NULL, NULL, NULL, NULL, 0, NULL, NULL, NULL, NULL, NULL, NULL, NULL, 0),
(390, 80, '2014-03-21 16:48:05', NULL, 20, 'dilma', '032.705.335-60', 'Reservado', NULL, 0, NULL, 0, NULL, NULL, NULL, NULL, 0, NULL, NULL, NULL, NULL, NULL, NULL, NULL, 0),
(391, 72, '2014-03-21 17:30:32', NULL, 45, 'Anderson Ricardo da Silva e Francine', '007.544.619-71', 'Reserva Em Contratação', NULL, 0, NULL, 0, NULL, NULL, NULL, NULL, 0, NULL, NULL, NULL, NULL, NULL, NULL, NULL, 0),
(392, 72, '2014-03-21 17:30:43', NULL, 45, 'Anderson Ricardo da Silva e Francine', '007.544.619-71', 'Reserva vendida', 1, NULL, NULL, NULL, NULL, NULL, NULL, NULL, NULL, NULL, NULL, NULL, NULL, NULL, NULL, NULL, 0),
(393, 37, '2014-03-21 21:09:28', NULL, 38, 'Caroline Pereira', '091.951.859-17', 'Reservado', NULL, 0, NULL, 0, NULL, NULL, NULL, NULL, 0, NULL, NULL, NULL, NULL, NULL, NULL, NULL, 0),
(394, 27, '2014-03-22 13:02:46', NULL, 38, 'alceu Zanete', '599.287.789-49', 'Reservado', NULL, 0, NULL, 0, NULL, NULL, NULL, NULL, 0, NULL, NULL, NULL, NULL, NULL, NULL, NULL, 0),
(395, 60, '2014-03-22 13:03:22', '2014-03-25 15:09:58', 18, 'PAULO SERGIO CHAVES JUNIOR', '019.692.839-72', 'Reserva Cancelada', NULL, 0, NULL, 0, NULL, NULL, NULL, NULL, 0, NULL, NULL, NULL, NULL, NULL, NULL, NULL, 0),
(396, 3, '2014-03-22 14:25:18', NULL, 38, 'Sergio da Rosa Jacinto', '049.476.359-08', 'Reserva Em Contratação', NULL, 0, NULL, 0, NULL, NULL, NULL, NULL, 0, NULL, NULL, NULL, NULL, NULL, NULL, NULL, 0),
(397, 58, '2014-03-22 18:42:04', '2014-03-25 13:32:08', 20, 'giseli', '002.494.415-78', 'Reserva Cancelada', NULL, 0, NULL, 0, NULL, NULL, NULL, NULL, 0, NULL, NULL, NULL, NULL, NULL, NULL, NULL, 0),
(398, 25, '2014-03-22 19:01:16', '2014-03-29 13:56:01', 20, 'mariele', '051.223.139-70', 'Reserva Cancelada', NULL, 0, NULL, 0, NULL, NULL, NULL, NULL, 0, NULL, NULL, NULL, NULL, NULL, NULL, NULL, 0),
(399, 42, '2014-03-22 19:02:39', '2014-03-24 19:47:59', 20, 'Roni', '469.235.600-63', 'Reserva Cancelada', NULL, 0, NULL, 0, NULL, NULL, NULL, NULL, 0, NULL, NULL, NULL, NULL, NULL, NULL, NULL, 0),
(400, 57, '2014-03-22 21:15:28', NULL, 19, 'Maria', '145.182.918-32', 'Reserva Em Contratação', NULL, 0, NULL, 0, NULL, NULL, NULL, NULL, 0, NULL, NULL, NULL, NULL, NULL, NULL, NULL, 0),
(401, 81, '2014-03-22 21:16:52', '2014-03-23 20:37:35', 19, 'José', '782.481.599-49', 'Reserva Cancelada', NULL, 0, NULL, 0, NULL, NULL, NULL, NULL, 0, NULL, NULL, NULL, NULL, NULL, NULL, NULL, 0),
(402, 68, '2014-03-23 16:09:11', '2014-03-25 13:31:04', 38, 'jonathan', '766.897.654-67', 'Reserva Cancelada', NULL, 0, NULL, 0, NULL, NULL, NULL, NULL, 0, NULL, NULL, NULL, NULL, NULL, NULL, NULL, 0),
(403, 104, '2014-03-23 20:28:24', NULL, 20, 'sandra', '999.888.777-66', 'Reserva Em Contratação', NULL, 0, NULL, 0, NULL, NULL, NULL, NULL, 0, NULL, NULL, NULL, NULL, NULL, NULL, NULL, 0),
(404, 104, '2014-03-23 20:28:33', '2014-04-01 17:24:41', 20, 'sandra', '999.888.777-66', 'Contratação Cancelada', 1, 0, NULL, NULL, NULL, NULL, NULL, NULL, NULL, NULL, NULL, NULL, NULL, NULL, NULL, NULL, 0),
(405, 3, '2014-03-23 20:30:54', '2014-04-04 20:02:00', 38, 'Sergio da Rosa Jacinto', '049.476.359-08', 'Contratação Cancelada', 1, 0, NULL, NULL, NULL, NULL, NULL, NULL, NULL, NULL, NULL, NULL, NULL, NULL, NULL, NULL, 0),
(406, 81, '2014-03-23 20:38:38', NULL, 38, 'marcos', '987.453.453-23', 'Reserva Em Contratação', NULL, 0, NULL, 0, NULL, NULL, NULL, NULL, 0, NULL, NULL, NULL, NULL, NULL, NULL, NULL, 0),
(407, 99, '2014-03-24 10:37:20', '2014-09-29 19:53:03', 35, 'Rainério do Nascimento Nogueira', '025.769.696-23', 'Venda Cancelada', NULL, 0, NULL, 0, 3000.00, '2014-03-28 19:54:34', NULL, 6900.00, 1, '2014-09-10 16:06:24', 345.00, '141000.00', 3000.00, 19026.00, 118974.00, NULL, 0),
(408, 86, '2014-03-24 12:25:42', '2014-06-04 10:44:00', 40, 'ANDRE ESSER', '050.939.189-38', 'Contratação Cancelada', 1, 0, NULL, NULL, NULL, NULL, NULL, NULL, NULL, NULL, NULL, NULL, NULL, NULL, NULL, NULL, 0),
(409, 81, '2014-03-24 12:26:21', NULL, 38, 'marcos', '987.453.453-23', 'Reserva vendida', 1, NULL, NULL, NULL, NULL, NULL, NULL, NULL, NULL, NULL, NULL, NULL, NULL, NULL, NULL, NULL, 0),
(410, 100, '2014-03-24 18:55:37', '2014-09-29 19:57:29', 21, 'Geovane de Souza a Ana Carolina', '08188235938', 'Venda Cancelada', NULL, 0, NULL, 0, 3000.00, '2014-08-04 16:47:43', NULL, 6700.00, 1, '2014-09-10 16:06:28', 335.00, '137000.00', NULL, 11860.00, 125140.00, NULL, 0),
(411, 33, '2014-03-24 18:56:38', '2014-09-26 19:55:32', 21, 'Fabiano Subtil e Jeane', '00991429966', 'Venda Cancelada', NULL, 0, NULL, 0, 3000.00, '2014-08-04 16:32:30', NULL, 7200.00, 1, '2014-04-08 20:40:34', 360.00, '147000.00', 3000.00, 18177.00, 125823.00, NULL, 0),
(412, 69, '2014-03-24 19:00:02', '2014-09-29 19:13:59', 21, 'Elton da Silva e Ana Luiza', '035.823.609-62', 'Venda Cancelada', NULL, 0, NULL, 0, 3000.00, '2014-08-04 16:41:54', NULL, 6800.00, 1, '2014-07-11 19:50:08', 340.00, '139000.00', 3000.00, 7300.00, 128700.00, NULL, 0),
(413, 75, '2014-03-24 19:00:43', '2014-07-29 15:50:17', 21, 'Lincon Patrick Marques', '07362482930', 'Venda Cancelada', NULL, 0, NULL, 0, NULL, NULL, NULL, 7250.00, 1, '2014-07-11 20:09:10', 362.50, '148000.00', 3000.00, 16876.20, 128123.80, NULL, 0),
(414, 84, '2014-03-24 19:02:23', NULL, 21, 'Fabiano Luiz Nascimento', '00806488948', 'Vendido', NULL, 1, NULL, 0, 6150.00, '2014-10-08 15:24:18', NULL, 6150.00, 1, '2014-08-05 16:07:02', 307.50, '126000.00', 3000.00, 8680.00, 114320.00, NULL, 1),
(415, 101, '2014-03-24 19:03:15', '2014-06-13 18:25:29', 23, 'Daniel Santos de Oliveira e Andrieli', '055.307.559-41', 'Venda Cancelada', NULL, 0, NULL, 0, NULL, NULL, NULL, 6700.00, 0, NULL, 335.00, '137000.00', 3000.00, 6000.00, 128000.00, NULL, 0),
(416, 43, '2014-03-24 19:07:56', NULL, 38, 'Cristiane Silva Cabral', '043.822.689-58', 'Reserva Em Contratação', NULL, 0, NULL, 0, NULL, NULL, NULL, NULL, 0, NULL, NULL, NULL, NULL, NULL, NULL, NULL, 0),
(417, 87, '2014-03-24 19:10:45', NULL, 40, 'Joceli Carla dos Santos Moura', '829.038.160-34', 'Reserva Em Contratação', NULL, 0, NULL, 0, NULL, NULL, NULL, NULL, 0, NULL, NULL, NULL, NULL, NULL, NULL, NULL, 0),
(418, 43, '2014-03-24 19:16:44', NULL, 38, 'Cristiane Silva Cabral', '043.822.689-58', 'Reserva vendida', 1, NULL, NULL, NULL, NULL, NULL, NULL, NULL, NULL, NULL, NULL, NULL, NULL, NULL, NULL, NULL, 0),
(419, 87, '2014-03-24 19:16:57', NULL, 40, 'Joceli Carla dos Santos Moura', '829.038.160-34', 'Reserva vendida', 1, NULL, NULL, NULL, NULL, NULL, NULL, NULL, NULL, NULL, NULL, NULL, NULL, NULL, NULL, NULL, 0),
(420, 42, '2014-03-24 19:48:17', NULL, 38, 'Thalita', '081.927.449-65', 'Reserva Em Contratação', NULL, 0, NULL, 0, NULL, NULL, NULL, NULL, 0, NULL, NULL, NULL, NULL, NULL, NULL, NULL, 0),
(421, 42, '2014-03-24 19:48:32', NULL, 38, 'Thalita', '081.927.449-65', 'Reserva vendida', 1, NULL, NULL, NULL, NULL, NULL, NULL, NULL, NULL, NULL, NULL, NULL, NULL, NULL, NULL, NULL, 0),
(422, 6, '2014-03-25 09:56:39', NULL, 38, 'carlos godoy', '035.678.986-32', 'Reserva vendida', 1, NULL, NULL, NULL, NULL, NULL, NULL, NULL, NULL, NULL, NULL, NULL, NULL, NULL, NULL, NULL, 0),
(423, 62, '2014-03-25 13:25:10', NULL, 35, 'Rodolfo', '789.456.465-13', 'Reserva vendida', 1, NULL, NULL, NULL, NULL, NULL, NULL, NULL, NULL, NULL, NULL, NULL, NULL, NULL, NULL, NULL, 0),
(424, 68, '2014-03-25 13:31:33', '2014-03-26 16:15:43', 20, 'Osvaldino', '040.333.339-32', 'Reserva Cancelada', NULL, 0, NULL, 0, NULL, NULL, NULL, NULL, 0, NULL, NULL, NULL, NULL, NULL, NULL, NULL, 0),
(425, 58, '2014-03-25 13:32:38', NULL, 38, 'Manoel Garrincha', '654.789.251-54', 'Reserva Em Contratação', NULL, 0, NULL, 0, NULL, NULL, NULL, NULL, 0, NULL, NULL, NULL, NULL, NULL, NULL, NULL, 0),
(426, 58, '2014-03-25 13:32:59', NULL, 38, 'Manoel Garrincha', '654.789.251-54', 'Reserva vendida', 1, NULL, NULL, NULL, NULL, NULL, NULL, NULL, NULL, NULL, NULL, NULL, NULL, NULL, NULL, NULL, 0),
(427, 31, '2014-03-25 13:35:51', NULL, 41, 'Eder', '456.789.413-58', 'Reserva vendida', 1, NULL, NULL, NULL, NULL, NULL, NULL, NULL, NULL, NULL, NULL, NULL, NULL, NULL, NULL, NULL, 0),
(428, 32, '2014-03-25 13:40:32', NULL, 20, 'anderson', '071.197.169-21', 'Reserva vendida', NULL, 0, NULL, 0, NULL, NULL, NULL, NULL, 0, NULL, NULL, NULL, NULL, NULL, NULL, NULL, 0),
(429, 74, '2014-03-25 13:44:10', NULL, 41, 'Flavio Dalcero', '963.520.529-55', 'Reservado', NULL, 0, NULL, 0, NULL, NULL, NULL, NULL, 0, NULL, NULL, NULL, NULL, NULL, NULL, NULL, 0),
(430, 57, '2014-03-25 13:58:45', NULL, 19, 'Maria', '145.182.918-32', 'Reserva vendida', 1, NULL, NULL, NULL, NULL, NULL, NULL, NULL, NULL, NULL, NULL, NULL, NULL, NULL, NULL, NULL, 0),
(431, 117, '2014-03-25 14:27:15', '2014-04-14 20:10:35', 46, 'Edivan', '753.756.389-75', 'Contratação Cancelada', 1, 0, NULL, NULL, NULL, NULL, NULL, NULL, NULL, NULL, NULL, NULL, NULL, NULL, NULL, NULL, 0),
(432, 65, '2014-03-25 15:09:09', '2014-05-06 13:26:36', 28, 'leandro', '011.715.457-11', 'Contratação Cancelada', 1, 0, NULL, NULL, NULL, NULL, NULL, NULL, NULL, NULL, NULL, NULL, NULL, NULL, NULL, NULL, 0),
(433, 60, '2014-03-25 15:10:37', NULL, 35, 'Rodolfo', '654.987.155-42', 'Reserva Em Contratação', NULL, 0, NULL, 0, NULL, NULL, NULL, NULL, 0, NULL, NULL, NULL, NULL, NULL, NULL, NULL, 0),
(434, 60, '2014-03-25 15:10:44', NULL, 35, 'Rodolfo', '654.987.155-42', 'Reserva vendida', 1, NULL, NULL, NULL, NULL, NULL, NULL, NULL, NULL, NULL, NULL, NULL, NULL, NULL, NULL, NULL, 0),
(435, 36, '2014-03-25 17:54:39', NULL, 20, 'Eduardo', '017.298.219-79', 'Reservado', NULL, 0, NULL, 0, NULL, NULL, NULL, NULL, 0, NULL, NULL, NULL, NULL, NULL, NULL, NULL, 0),
(436, 73, '2014-03-25 18:35:25', NULL, 35, 'Rodolfo', '037.374.129-44', 'Reservado', NULL, 0, NULL, 0, NULL, NULL, NULL, NULL, 0, NULL, NULL, NULL, NULL, NULL, NULL, NULL, 0),
(437, 59, '2014-03-25 19:08:17', NULL, 40, 'Jacqueline Ellen Maiao', '34638688810', 'Vendido', NULL, 1, NULL, 0, 6750.00, '2014-09-25 19:49:53', NULL, 6750.00, 1, '2014-07-11 19:49:46', 337.50, '138000.00', 3000.00, 13717.00, 121283.00, NULL, 1),
(438, 40, '2014-03-25 19:39:08', NULL, 46, 'Sunade', '987.897.654-13', 'Reserva vendida', 1, NULL, NULL, NULL, NULL, NULL, NULL, NULL, NULL, NULL, NULL, NULL, NULL, NULL, NULL, NULL, 0),
(439, 113, '2014-03-25 20:32:05', NULL, 35, 'Andre', '082.324.059-29', 'Reserva em contratação', NULL, 0, NULL, 0, NULL, NULL, NULL, NULL, 0, NULL, NULL, NULL, NULL, NULL, NULL, NULL, 0),
(440, 30, '2014-03-26 10:04:36', '2014-09-26 19:46:53', 18, 'Allan Rodrigue Hoffmann', '06785471907', 'Venda Cancelada', NULL, 0, NULL, 0, 7000.00, '2014-09-25 17:15:48', NULL, 7000.00, 1, '2014-04-08 20:39:21', 350.00, '143000.00', 2000.00, 19000.00, 122000.00, NULL, 0),
(441, 31, '2014-03-26 15:17:16', '2014-09-26 19:52:42', 41, 'Rafaelle Moreira Martins', '06010312965', 'Venda Cancelada', NULL, 0, NULL, 0, 3000.00, '2014-03-28 19:55:46', NULL, 7200.00, 1, '2014-04-08 20:39:31', 360.00, '147000.00', 3000.00, 11520.00, 132480.00, NULL, 0),
(442, 68, '2014-03-26 16:16:03', NULL, 34, 'Bruno', '096.498.999-95', 'Reserva em contratação', NULL, 0, NULL, 0, NULL, NULL, NULL, NULL, 0, NULL, NULL, NULL, NULL, NULL, NULL, NULL, 0),
(443, 68, '2014-03-26 16:16:08', '2014-04-01 16:58:31', 34, 'Bruno', '096.498.999-95', 'Contratação Cancelada', 1, 0, NULL, NULL, NULL, NULL, NULL, NULL, NULL, NULL, NULL, NULL, NULL, NULL, NULL, NULL, 0),
(444, 44, '2014-03-26 20:46:26', NULL, 40, 'Tassila Adrielle Eliseo', '08584258906', 'Vendido', NULL, 1, NULL, 0, 6100.00, '2014-10-08 15:21:44', NULL, 6100.00, 1, '2014-05-19 16:42:49', 305.00, '125000.00', 2000.00, 7000.00, 116000.00, NULL, 1),
(445, 41, '2014-03-26 20:49:02', '2014-08-20 14:52:19', 40, 'Caroline Pezzini de Souza', '05120843948', 'Venda Cancelada', NULL, 0, NULL, 0, 3000.00, '2014-08-05 16:04:50', NULL, 6150.00, 1, '2014-05-19 16:41:30', 307.50, '126000.00', 1000.00, 20000.00, 105000.00, NULL, 0),
(446, 103, '2014-03-26 20:50:29', NULL, 40, 'Luan Argeu Salsbrum', '08352349910', 'Vendido', NULL, 1, 1, 1, NULL, '2014-09-25 19:52:21', '2014-08-04 16:47:51', 6750.00, 1, '2014-09-10 16:06:44', 337.50, '138000.00', NULL, 15000.00, 123000.00, NULL, 1),
(447, 6, '2014-03-26 20:51:20', NULL, 38, 'Carlos Alberto Furtado Junior', '06204259970', 'Vendido', NULL, 1, NULL, 0, 6200.00, '2014-10-08 15:09:12', NULL, 6200.00, 1, '2014-04-08 20:34:13', 310.00, '127000.00', 3000.00, 6000.00, 118000.00, '2014-10-10 03:00:00', 1),
(448, 63, '2014-03-26 20:54:15', NULL, 21, 'Liliani da Luz Miranda', '04211203983', 'Vendido', NULL, 1, 1, 1, NULL, '2014-10-08 15:22:53', '2014-08-04 16:42:41', 6900.00, 1, '2014-07-11 19:45:51', 345.00, '141000.00', 5000.00, 36805.00, 99195.00, NULL, 1),
(449, 62, '2014-03-26 20:55:22', NULL, 35, 'Dayse Cristine de Maria', '05816484982', 'Vendido', NULL, 1, NULL, 0, 6750.00, '2014-10-02 13:31:22', NULL, 6750.00, 1, '2014-07-11 19:45:37', 337.50, '138000.00', 3000.00, 15000.00, 120000.00, NULL, 1),
(450, 35, '2014-03-27 15:00:28', NULL, 41, 'marcos gasparin', '189.540.243-43', 'Reservado', NULL, 0, NULL, 0, NULL, NULL, NULL, NULL, 0, NULL, NULL, NULL, NULL, NULL, NULL, NULL, 0),
(451, 72, '2014-03-27 18:55:03', NULL, 45, 'Anderson Ricardo da Silva e Francine', '007.544.619-71', 'Vendido', NULL, 1, NULL, 0, 6950.00, '2014-10-02 13:32:05', NULL, 6950.00, 1, '2014-07-11 20:08:19', 347.50, '142000.00', 5000.00, 6500.00, 130500.00, NULL, 1),
(452, 38, '2014-03-27 19:11:04', '2014-09-26 20:06:26', 18, 'Rafael Possa', '02422703950', 'Venda Cancelada', NULL, 0, NULL, 0, 7250.00, '2014-09-25 17:16:26', NULL, 7250.00, 1, '2014-05-09 18:46:05', 362.50, '148000.00', 6000.00, 8100.00, 133900.00, NULL, 0),
(453, 113, '2014-03-27 20:37:42', '2014-03-28 11:37:13', 35, 'Andre', '082.324.059-29', 'Contratação Cancelada', 1, 0, NULL, NULL, NULL, NULL, NULL, NULL, NULL, NULL, NULL, NULL, NULL, NULL, NULL, NULL, 0),
(454, 113, '2014-03-28 11:37:39', NULL, 35, 'Daniel', '451.425.145-21', 'Reservado', NULL, 0, NULL, 0, NULL, NULL, NULL, NULL, 0, NULL, NULL, NULL, NULL, NULL, NULL, NULL, 0),
(455, 77, '2014-03-28 15:41:49', '2014-04-22 16:57:39', 46, 'giraldi imoveis', '070.158.679-66', 'Contratação Cancelada', 1, 0, NULL, NULL, NULL, NULL, NULL, NULL, NULL, NULL, NULL, NULL, NULL, NULL, NULL, NULL, 0),
(456, 66, '2014-03-28 16:25:12', NULL, 20, 'anderson', '090.514.049-48', 'Reservado', NULL, 0, NULL, 0, NULL, NULL, NULL, NULL, 0, NULL, NULL, NULL, NULL, NULL, NULL, NULL, 0),
(457, 81, '2014-03-28 16:29:07', NULL, 38, 'Jocemar Luis Buss', '05903527922', 'Vendido', NULL, 1, NULL, 0, 6100.00, '2014-10-08 15:24:00', NULL, 6100.00, 1, '2014-08-19 18:51:18', 305.00, '125000.00', 1000.00, 8000.00, 116000.00, NULL, 1),
(458, 79, '2014-03-28 18:18:57', NULL, 18, 'FELIPE PRIOLI', '293.830.489-72', 'Reservado', NULL, 0, NULL, 0, NULL, NULL, NULL, NULL, 0, NULL, NULL, NULL, NULL, NULL, NULL, NULL, 0),
(459, 67, '2014-03-28 18:39:55', NULL, 35, 'Eliane de oliveira', '052.182.869-15', 'Reserva em contratação', NULL, 0, NULL, 0, NULL, NULL, NULL, NULL, 0, NULL, NULL, NULL, NULL, NULL, NULL, NULL, 0),
(460, 107, '2014-03-28 18:42:46', NULL, 35, 'Anne', '059.490.659-80', 'Reservado', NULL, 0, NULL, 0, NULL, NULL, NULL, NULL, 0, NULL, NULL, NULL, NULL, NULL, NULL, NULL, 0),
(461, 32, '2014-03-28 19:46:35', '2014-08-13 17:31:51', 20, 'Osvaldino Cunha da Silva Junior', '04033333932', 'Venda Cancelada', NULL, 0, NULL, 0, 3000.00, '2014-04-07 14:33:46', NULL, 6950.00, 1, '2014-04-08 20:39:43', 347.50, '142000.00', 3000.00, 20887.00, 118113.00, NULL, 0),
(462, 64, '2014-03-28 19:47:22', '2014-09-29 18:54:09', 20, 'Carla Kai', '74192760134', 'Venda Cancelada', NULL, 0, NULL, 0, 3000.00, '2014-04-07 14:35:18', NULL, 6700.00, 1, '2014-07-11 19:46:03', 335.00, '137000.00', 3000.00, 19584.00, 114416.00, NULL, 0),
(463, 17, '2014-03-28 19:48:21', NULL, 20, 'Daniela Guindani', '08757196940', 'Vendido', NULL, 1, NULL, 0, 6700.00, '2014-10-06 13:28:58', NULL, 6700.00, 1, '2014-04-08 20:36:37', 335.00, '137000.00', 3000.00, 18500.00, 115500.00, NULL, 1),
(464, 2, '2014-03-28 19:49:38', NULL, 19, 'Sheyla Claudia Vanzuita', '93955642968', 'Vendido', NULL, 1, NULL, 0, 6350.00, '2014-10-06 13:28:35', NULL, 6350.00, 1, '2014-04-08 20:32:54', 317.50, '130000.00', 3000.00, 6000.00, 121000.00, '2014-10-10 03:00:00', 1),
(465, 114, '2014-03-28 19:53:55', NULL, 20, 'Maise Cristiane Schmidt Gonzaga', '03995134939', 'Vendido', NULL, 1, NULL, 0, 3000.00, '2014-05-09 17:44:36', NULL, 7250.00, 1, '2014-09-10 16:12:41', 362.50, '148000.00', NULL, 14500.00, 133500.00, NULL, 1),
(466, 96, '2014-03-28 19:55:38', '2014-08-13 19:29:07', 20, 'Vivian Nara Cardoso', '08135152973', 'Venda Cancelada', NULL, 0, NULL, 0, 3000.00, '2014-04-07 14:36:33', NULL, 6350.00, 0, NULL, 317.50, '130000.00', 3000.00, 8205.46, 118794.54, NULL, 0),
(467, 82, '2014-03-28 19:56:56', '2014-09-29 19:33:48', 20, 'Leandro Inacio Claudino', '05641041912', 'Venda Cancelada', NULL, 0, NULL, 0, 3000.00, '2014-06-17 16:28:09', NULL, 6200.00, 1, '2014-09-10 16:03:19', 310.00, '127000.00', NULL, 9000.00, 118000.00, NULL, 0),
(468, 67, '2014-03-29 00:01:43', NULL, 35, 'Eliane de oliveira', '052.182.869-15', 'Reserva vendida', 1, NULL, NULL, NULL, NULL, NULL, NULL, NULL, NULL, NULL, NULL, NULL, NULL, NULL, NULL, NULL, 0),
(469, 25, '2014-03-29 13:56:20', NULL, 18, 'Paulo', '877.646.474-62', 'Reserva em contratação', NULL, 0, NULL, 0, NULL, NULL, NULL, NULL, 0, NULL, NULL, NULL, NULL, NULL, NULL, NULL, 0),
(470, 25, '2014-03-29 13:56:25', NULL, 18, 'Paulo', '877.646.474-62', 'Reserva vendida', 1, NULL, NULL, NULL, NULL, NULL, NULL, NULL, NULL, NULL, NULL, NULL, NULL, NULL, NULL, NULL, 0),
(471, 76, '2014-03-29 16:10:24', '2014-04-05 17:29:11', 40, 'Gisele nogueira Julio', '043.344.069-47', 'Reserva Cancelada', NULL, 0, NULL, 0, NULL, NULL, NULL, NULL, 0, NULL, NULL, NULL, NULL, NULL, NULL, NULL, 0),
(472, 80, '2014-03-29 16:49:26', NULL, 20, 'daiane', '094.302.859-04', 'Reservado', NULL, 0, NULL, 0, NULL, NULL, NULL, NULL, 0, NULL, NULL, NULL, NULL, NULL, NULL, NULL, 0),
(473, 27, '2014-03-30 13:03:30', '2014-04-06 18:53:53', 40, 'Priscila B. S. dos Santos', '025.627.238-97', 'Reserva Cancelada', NULL, 0, NULL, 0, NULL, NULL, NULL, NULL, 0, NULL, NULL, NULL, NULL, NULL, NULL, NULL, 0),
(474, 37, '2014-03-31 03:31:41', NULL, 38, 'Cassiano Roberto Vieira', '027.876.639-42', 'Reservado', NULL, 0, NULL, 0, NULL, NULL, NULL, NULL, 0, NULL, NULL, NULL, NULL, NULL, NULL, NULL, 0),
(475, 108, '2014-03-31 12:51:13', '2014-06-04 16:04:37', 46, 'Regiane Pacheco Arsego', '099.770.139-00', 'Venda Cancelada', NULL, 0, NULL, 0, 3000.00, '2014-04-04 00:09:03', NULL, 6950.00, 0, NULL, 347.50, '142000.00', 3000.00, 26460.00, 112540.00, NULL, 0),
(476, 116, '2014-03-31 12:52:08', '2014-09-29 20:28:23', 36, 'Viviane Medeiros Santos da Silva e Leandro', '04560059942', 'Venda Cancelada', NULL, 0, NULL, 0, 3000.00, '2014-04-04 00:09:42', NULL, 7200.00, 1, '2014-09-10 16:12:53', 360.00, '147000.00', 3000.00, 13500.00, 130500.00, NULL, 0),
(477, 70, '2014-03-31 13:20:13', '2014-04-07 18:48:10', 41, 'pablo rafael nascimento', '228.482.498-62', 'Reserva Cancelada', NULL, 0, NULL, 0, NULL, NULL, NULL, NULL, 0, NULL, NULL, NULL, NULL, NULL, NULL, NULL, 0),
(478, 109, '2014-03-31 15:28:18', '2014-09-09 15:10:33', 38, 'Alan Mafra David de Lima', '00720289980', 'Venda Cancelada', NULL, 0, NULL, 0, 3000.00, '2014-08-04 16:48:05', NULL, 6950.00, 1, '2014-08-13 17:32:50', 347.50, '142000.00', 3000.00, 17500.00, 121500.00, NULL, 0),
(479, 34, '2014-03-31 20:23:04', NULL, 40, 'Cristiano', '754.874.587-85', 'Reservado', NULL, 0, NULL, 0, NULL, NULL, NULL, NULL, 0, NULL, NULL, NULL, NULL, NULL, NULL, NULL, 0),
(480, 57, '2014-04-01 10:13:14', NULL, 19, 'Matheus Felipe Juncks Ramos e Joyce', '06529605967', 'Vendido', NULL, 1, NULL, 0, 3000.00, '2014-04-07 14:34:35', NULL, 6700.00, 1, '2014-06-11 19:36:11', 335.00, '137000.00', 3000.00, 6000.00, 128000.00, NULL, 1),
(481, 60, '2014-04-01 10:53:13', '2014-09-29 18:51:31', 35, 'Bianca Gonçalves e Emerson', '09458629977', 'Venda Cancelada', NULL, 0, NULL, 0, 3300.00, '2014-04-04 19:29:22', NULL, 6600.00, 1, '2014-07-11 19:45:09', 330.00, '135000.00', 3500.00, 9520.00, 121980.00, NULL, 0),
(482, 25, '2014-04-01 13:53:57', '2014-09-26 19:35:19', 18, 'Roseleia de Morais Salvador', '00490143903', 'Venda Cancelada', NULL, 0, NULL, 0, 6950.00, '2014-09-25 17:13:45', NULL, 6950.00, 1, '2014-04-08 20:38:29', 347.50, '142000.00', 3000.00, 14000.00, 125000.00, NULL, 0),
(483, 67, '2014-04-01 14:02:13', '2014-09-29 19:09:29', 35, 'Luiz Orlando Serpa Neto', '07848478947', 'Venda Cancelada', NULL, 0, NULL, 0, 3000.00, '2014-04-04 19:29:03', NULL, 7000.00, 1, '2014-07-11 19:46:30', 350.00, '143000.00', 3000.00, 16000.00, 124000.00, NULL, 0),
(484, 43, '2014-04-01 15:34:56', NULL, 38, 'Cristiane Silva Cabral', '043.822.689-58', 'Vendido', NULL, 1, 1, 1, NULL, '2014-10-08 15:21:23', '2014-08-04 16:38:46', 6200.00, 1, '2014-05-19 16:42:15', 310.00, '127000.00', 6154.00, NULL, 120846.00, NULL, 1),
(485, 42, '2014-04-01 15:36:19', NULL, 38, 'Thalita Evelin Teixeira', '081.927.449-65', 'Vendido', NULL, 1, NULL, 0, 6350.00, '2014-10-08 15:21:12', NULL, 6350.00, 1, '2014-05-19 16:41:54', 317.50, '130000.00', 3000.00, 6810.00, 120190.00, NULL, 1),
(486, 40, '2014-04-01 16:45:48', NULL, 46, 'Sandey Paterno', '04575672955', 'Vendido', NULL, 1, NULL, 0, 7200.00, '2014-10-01 17:21:15', NULL, 7200.00, 1, '2014-05-19 16:41:18', 360.00, '147000.00', 5000.00, 20100.00, 121900.00, NULL, 1),
(487, 68, '2014-04-01 16:59:23', NULL, 39, 'Priscila Martins', '091.894.069-91', 'Reserva em contratação', NULL, 0, NULL, 0, NULL, NULL, NULL, NULL, 0, NULL, NULL, NULL, NULL, NULL, NULL, NULL, 0),
(488, 68, '2014-04-01 16:59:28', NULL, 39, 'Priscila Martins', '091.894.069-91', 'Reserva vendida', 1, NULL, NULL, NULL, NULL, NULL, NULL, NULL, NULL, NULL, NULL, NULL, NULL, NULL, NULL, NULL, 0),
(489, 104, '2014-04-01 17:25:08', NULL, 21, 'Willian', '093.461.859-37', 'Reserva em contratação', NULL, 0, NULL, 0, NULL, NULL, NULL, NULL, 0, NULL, NULL, NULL, NULL, NULL, NULL, NULL, 0),
(490, 104, '2014-04-01 17:25:13', NULL, 21, 'Willian', '093.461.859-37', 'Reserva vendida', 1, NULL, NULL, NULL, NULL, NULL, NULL, NULL, NULL, NULL, NULL, NULL, NULL, NULL, NULL, NULL, 0),
(491, 74, '2014-04-02 17:26:05', NULL, 41, 'Ademir Matiello', '298.476.240-21', 'Reservado', NULL, 0, NULL, 0, NULL, NULL, NULL, NULL, 0, NULL, NULL, NULL, NULL, NULL, NULL, NULL, 0),
(492, 36, '2014-04-02 17:55:16', NULL, 20, 'Luciano', '043.475.949-09', 'Reservado', NULL, 0, NULL, 0, NULL, NULL, NULL, NULL, 0, NULL, NULL, NULL, NULL, NULL, NULL, NULL, 0),
(493, 73, '2014-04-03 03:55:28', NULL, 48, 'Eliane', '852.182.869-15', 'Reservado', NULL, 0, NULL, 0, NULL, NULL, NULL, NULL, 0, NULL, NULL, NULL, NULL, NULL, NULL, NULL, 0),
(494, 51, '2014-04-03 19:07:26', NULL, 23, 'Ana Paula Correa Heusi', '05861218978', 'Vendido', NULL, 1, NULL, 0, 6500.00, '2014-09-25 19:48:50', NULL, 6500.00, 1, '2014-06-11 19:34:36', 325.00, '133000.00', 2000.00, 13000.00, 118000.00, NULL, 1),
(495, 20, '2014-04-03 19:08:23', '2014-09-26 19:23:49', 38, 'Andre Luis Davila', '05037894964', 'Venda Cancelada', NULL, 0, NULL, 0, 3000.00, '2014-08-04 16:31:48', NULL, 6600.00, 1, '2014-04-08 20:38:16', 330.00, '135000.00', 3000.00, 10717.00, 121283.00, NULL, 0),
(496, 104, '2014-04-03 19:15:03', '2014-07-02 18:36:47', 21, 'Willian Dagerman Vieira', '093.461.859-37', 'Venda Cancelada', NULL, 0, NULL, 0, NULL, NULL, NULL, 6600.00, 0, NULL, 330.00, '135000.00', 500.00, 15840.00, 118660.00, NULL, 0),
(497, 3, '2014-04-04 20:02:19', NULL, 50, 'Dirlene', '040.668.089-21', 'Reserva em contratação', NULL, 0, NULL, 0, NULL, NULL, NULL, NULL, 0, NULL, NULL, NULL, NULL, NULL, NULL, NULL, 0),
(498, 35, '2014-04-04 20:41:52', NULL, 20, 'Wanderlei', '054.917.149-50', 'Reservado', NULL, 0, NULL, 0, NULL, NULL, NULL, NULL, 0, NULL, NULL, NULL, NULL, NULL, NULL, NULL, 0),
(499, 113, '2014-04-05 13:07:01', '2014-04-11 10:42:52', 20, 'lenon', '069.807.549-80', 'Reserva Cancelada', NULL, 0, NULL, 0, NULL, NULL, NULL, NULL, 0, NULL, NULL, NULL, NULL, NULL, NULL, NULL, 0),
(500, 66, '2014-04-05 16:29:25', NULL, 20, 'vera', '539.031.450-68', 'Reservado', NULL, 0, NULL, 0, NULL, NULL, NULL, NULL, 0, NULL, NULL, NULL, NULL, NULL, NULL, NULL, 0),
(501, 76, '2014-04-05 17:29:32', NULL, 18, 'Paulo', '122.344.343-23', 'Reserva em contratação', NULL, 0, NULL, 0, NULL, NULL, NULL, NULL, 0, NULL, NULL, NULL, NULL, NULL, NULL, NULL, 0),
(502, 76, '2014-04-05 17:29:37', NULL, 18, 'Paulo', '122.344.343-23', 'Reserva vendida', 1, NULL, NULL, NULL, NULL, NULL, NULL, NULL, NULL, NULL, NULL, NULL, NULL, NULL, NULL, NULL, 0),
(503, 80, '2014-04-06 17:50:16', '2014-04-09 16:43:15', 20, 'Paulo', '619.069.489-68', 'Reserva Cancelada', NULL, 0, NULL, 0, NULL, NULL, NULL, NULL, 0, NULL, NULL, NULL, NULL, NULL, NULL, NULL, 0),
(504, 27, '2014-04-06 18:54:22', NULL, 18, 'Andre Felipe Elesbao de Amorim', '092.331.829-16', 'Reserva em contratação', NULL, 0, NULL, 0, NULL, NULL, NULL, NULL, 0, NULL, NULL, NULL, NULL, NULL, NULL, NULL, 0),
(505, 27, '2014-04-06 18:54:27', NULL, 18, 'Andre Felipe Elesbao de Amorim', '092.331.829-16', 'Reserva vendida', 1, NULL, NULL, NULL, NULL, NULL, NULL, NULL, NULL, NULL, NULL, NULL, NULL, NULL, NULL, NULL, 0),
(506, 107, '2014-04-07 14:07:02', NULL, 41, 'pedro arosi', '759.120.654-43', 'Reservado', NULL, 0, NULL, 0, NULL, NULL, NULL, NULL, 0, NULL, NULL, NULL, NULL, NULL, NULL, NULL, 0),
(507, 79, '2014-04-07 14:07:55', NULL, 41, 'pedro arosi', '286.473.928-92', 'Reservado', NULL, 0, NULL, 0, NULL, NULL, NULL, NULL, 0, NULL, NULL, NULL, NULL, NULL, NULL, NULL, 0),
(508, 68, '2014-04-07 17:57:48', NULL, 39, 'Priscila Martins', '091.894.069-90', 'Vendido', NULL, 1, NULL, 0, 3000.00, '2014-04-17 17:37:06', NULL, 6800.00, 1, '2014-07-11 19:48:48', 340.00, '139000.00', 3000.00, 10850.00, 125150.00, NULL, 1),
(509, 70, '2014-04-07 18:48:42', NULL, 34, 'Carlos Alberto Rek e Carlos Willian Rek', '644.008.750-91', 'Reserva em contratação', NULL, 0, NULL, 0, NULL, NULL, NULL, NULL, 0, NULL, NULL, NULL, NULL, NULL, NULL, NULL, 0),
(510, 70, '2014-04-07 18:48:50', NULL, 34, 'Carlos Alberto Rek e Carlos Willian Rek', '644.008.750-91', 'Reserva vendida', 1, NULL, NULL, NULL, NULL, NULL, NULL, NULL, NULL, NULL, NULL, NULL, NULL, NULL, NULL, NULL, 0),
(511, 3, '2014-04-08 12:55:49', NULL, 50, 'Dirlene', '040.668.089-21', 'Reserva vendida', 1, NULL, NULL, NULL, NULL, NULL, NULL, NULL, NULL, NULL, NULL, NULL, NULL, NULL, NULL, NULL, 0),
(512, 3, '2014-04-08 13:16:01', '2014-09-26 18:35:13', 50, 'Dirlene de Quadros Alexandre', '040.668.089-21', 'Venda Cancelada', NULL, 0, NULL, 0, 4175.00, '2014-09-25 18:54:32', NULL, 6200.00, 1, '2014-04-08 20:33:21', 310.00, '127000.00', 3000.00, 5700.00, 118300.00, NULL, 0),
(513, 37, '2014-04-08 13:24:53', NULL, 41, 'Vanio Tomazeli', '315.643.298-65', 'Reserva em contratação', NULL, 0, NULL, 0, NULL, NULL, NULL, NULL, 0, NULL, NULL, NULL, NULL, NULL, NULL, NULL, 0),
(514, 58, '2014-04-08 13:37:23', '2014-10-01 18:13:34', 38, 'Gracy Kelly Bau', '06204117912', 'Venda Cancelada', NULL, 0, NULL, 0, 6900.00, '2014-09-25 19:49:24', NULL, 6900.00, 1, '2014-06-11 19:36:28', 345.00, '141000.00', 3000.00, 12783.00, 125217.00, NULL, 0),
(515, 27, '2014-04-08 17:38:34', '2014-09-26 19:43:02', 18, 'Andre Felipe Elesbao de Amorim', '092.331.829-16', 'Venda Cancelada', NULL, 0, NULL, 0, 7000.00, '2014-09-25 17:15:22', NULL, 7000.00, 1, '2014-04-08 20:39:08', 350.00, '143000.00', 3000.00, 18092.00, 121908.00, NULL, 0);
INSERT INTO `historico` (`id`, `apartamento`, `data`, `data_cancelamento`, `usuario`, `cliente_nome`, `cliente_cpf`, `status`, `em_contratacao`, `vendido`, `corretor_pago_meia`, `corretor_pago`, `valor_pago_corretor`, `data_pagamento_corretor`, `data_pagamento_corretor_meia`, `valor_comissao_corretor`, `adm_vendas_pago`, `data_pagamento_adm_vendas`, `valor_pagamento_adm_vendas`, `valor_venda`, `valor_entrada`, `valor_financiado_construtora`, `valor_financiado_caixa`, `data_aprovacao_financiamento`, `ativo`) VALUES
(516, 76, '2014-04-08 17:39:22', NULL, 18, 'Munique Giacomelli Rosa', '07152561907', 'Vendido', NULL, 1, NULL, 0, 3000.00, '2014-04-17 17:46:16', NULL, 7100.00, 1, '2014-08-19 18:49:47', 355.00, '145000.00', 3000.00, 18555.00, 123445.00, NULL, 1),
(517, 70, '2014-04-08 20:20:04', NULL, 34, 'Carlos Alberto Rek e Carlos Willian Rek', '644.008.750-91', 'Vendido', NULL, 1, NULL, 0, 3000.00, '2014-04-17 19:26:54', NULL, 7000.00, 1, '2014-07-11 20:07:55', 350.00, '143000.00', 3000.00, 6000.00, 134000.00, NULL, 1),
(518, 34, '2014-04-08 20:26:40', NULL, 45, 'Eduardo', '076.745.219-40', 'Reservado', NULL, 0, NULL, 0, NULL, NULL, NULL, NULL, 0, NULL, NULL, NULL, NULL, NULL, NULL, NULL, 0),
(519, 80, '2014-04-09 16:44:10', NULL, 31, 'Dionatan PintoHedlund e Helena', '026.906.430-30', 'Reserva em contratação', NULL, 0, NULL, 0, NULL, NULL, NULL, NULL, 0, NULL, NULL, NULL, NULL, NULL, NULL, NULL, 0),
(520, 80, '2014-04-09 16:44:18', NULL, 31, 'Dionatan PintoHedlund e Helena', '026.906.430-30', 'Reserva vendida', 1, NULL, NULL, NULL, NULL, NULL, NULL, NULL, NULL, NULL, NULL, NULL, NULL, NULL, NULL, NULL, 0),
(521, 36, '2014-04-10 18:11:52', '2014-04-16 21:12:01', 41, 'adilson tortura', '365.123.984-52', 'Reserva Cancelada', NULL, 0, NULL, 0, NULL, NULL, NULL, NULL, 0, NULL, NULL, NULL, NULL, NULL, NULL, NULL, 0),
(522, 74, '2014-04-10 18:12:56', NULL, 41, 'fernando teixeira', '459.083.223-78', 'Reservado', NULL, 0, NULL, 0, NULL, NULL, NULL, NULL, 0, NULL, NULL, NULL, NULL, NULL, NULL, NULL, 0),
(523, 23, '2014-04-11 10:15:37', '2014-09-26 11:27:52', 19, 'Luis Henrique Muller', '08841022973', 'Venda Cancelada', NULL, 0, NULL, 0, 3000.00, '2014-06-17 16:27:01', NULL, 6900.00, 1, '2014-05-09 18:44:40', 345.00, '141000.00', 1500.00, 12341.00, 127159.00, NULL, 0),
(524, 73, '2014-04-11 10:24:48', '2014-04-16 20:47:47', 32, 'Cleber Brasilio Da Silveira', '081.753.549-76', 'Reserva Cancelada', NULL, 0, NULL, 0, NULL, NULL, NULL, NULL, 0, NULL, NULL, NULL, NULL, NULL, NULL, NULL, 0),
(525, 113, '2014-04-11 10:43:17', NULL, 33, 'Lucas dos Santos', '055.599.569-02', 'Reserva em contratação', NULL, 0, NULL, 0, NULL, NULL, NULL, NULL, 0, NULL, NULL, NULL, NULL, NULL, NULL, NULL, 0),
(526, 113, '2014-04-11 10:43:22', NULL, 33, 'Lucas dos Santos', '055.599.569-02', 'Reserva vendida', 1, NULL, NULL, NULL, NULL, NULL, NULL, NULL, NULL, NULL, NULL, NULL, NULL, NULL, NULL, NULL, 0),
(527, 37, '2014-04-11 18:00:44', NULL, 41, 'Vanio Tomazeli', '315.643.298-65', 'Reserva vendida', 1, NULL, NULL, NULL, NULL, NULL, NULL, NULL, NULL, NULL, NULL, NULL, NULL, NULL, NULL, NULL, 0),
(528, 66, '2014-04-13 17:28:28', '2014-04-14 14:22:39', 47, 'WELINGTON DA SILVA GONÇALVES', '071.396.519-30', 'Reserva Cancelada', NULL, 0, NULL, 0, NULL, NULL, NULL, NULL, 0, NULL, NULL, NULL, NULL, NULL, NULL, NULL, 0),
(529, 35, '2014-04-14 13:32:25', '2014-04-16 22:01:15', 41, 'regis ferronato', '589.639.567-43', 'Reserva Cancelada', NULL, 0, NULL, 0, NULL, NULL, NULL, NULL, 0, NULL, NULL, NULL, NULL, NULL, NULL, NULL, 0),
(530, 66, '2014-04-14 14:28:44', NULL, 43, 'Dionir Bolfe', '097.345.678-90', 'Reservado', NULL, 0, NULL, 0, NULL, NULL, NULL, NULL, 0, NULL, NULL, NULL, NULL, NULL, NULL, NULL, 0),
(531, 113, '2014-04-14 19:13:50', '2014-09-29 20:15:46', 33, 'Lucas dos Santos', '055.599.569-02', 'Venda Cancelada', NULL, 0, NULL, 0, 3550.00, '2014-04-17 19:23:10', NULL, 7100.00, 1, '2014-09-10 16:12:36', 355.00, '145000.00', 3000.00, 23128.37, 118871.63, NULL, 0),
(532, 37, '2014-04-14 19:34:11', '2014-09-26 20:03:18', 41, 'Rafaela Silva Japiassu Reis e Pedro Japiassu Reis', '02945492938', 'Venda Cancelada', NULL, 0, NULL, 1, NULL, '2014-04-16 19:10:32', NULL, 7100.00, 1, '2014-05-09 18:45:41', 355.00, '145000.00', 25000.00, NULL, 120000.00, NULL, 0),
(533, 80, '2014-04-15 12:24:58', NULL, 31, 'Dionatan PintoHedlund e Helena Barbosa', '026.906.430-30', 'Vendido', NULL, 1, NULL, 0, 7200.00, '2014-10-02 13:32:52', NULL, 7200.00, 1, '2014-08-19 18:50:02', 360.00, '147000.00', 1000.00, 27887.00, 118113.00, NULL, 1),
(534, 117, '2014-04-15 13:09:46', NULL, 41, 'Fernando Araujo', '640.249.834-65', 'Reservado', NULL, 0, NULL, 0, NULL, NULL, NULL, NULL, 0, NULL, NULL, NULL, NULL, NULL, NULL, NULL, 0),
(535, 107, '2014-04-15 17:31:28', NULL, 41, 'vinicius tavares da silva', '875.298.917-53', 'Reservado', NULL, 0, NULL, 0, NULL, NULL, NULL, NULL, 0, NULL, NULL, NULL, NULL, NULL, NULL, NULL, 0),
(536, 79, '2014-04-15 17:34:28', NULL, 34, 'jose roberto arruda', '756.296.752-78', 'Reservado', NULL, 0, NULL, 0, NULL, NULL, NULL, NULL, 0, NULL, NULL, NULL, NULL, NULL, NULL, NULL, 0),
(537, 34, '2014-04-16 20:35:10', NULL, 51, 'Leandro Nolli', '953.223.379-20', 'Reserva em contratação', NULL, 0, NULL, 0, NULL, NULL, NULL, NULL, 0, NULL, NULL, NULL, NULL, NULL, NULL, NULL, 0),
(538, 34, '2014-04-16 20:35:13', NULL, 51, 'Leandro Nolli', '953.223.379-20', 'Reserva vendida', 1, NULL, NULL, NULL, NULL, NULL, NULL, NULL, NULL, NULL, NULL, NULL, NULL, NULL, NULL, NULL, 0),
(539, 73, '2014-04-16 20:48:16', NULL, 51, 'Ana Lia Soares Piccini da Silva', '582.049.970-00', 'Reserva em contratação', NULL, 0, NULL, 0, NULL, NULL, NULL, NULL, 0, NULL, NULL, NULL, NULL, NULL, NULL, NULL, 0),
(540, 73, '2014-04-16 20:48:20', '2014-04-29 21:35:51', 51, 'Ana Lia Soares Piccini da Silva', '582.049.970-00', 'Contratação Cancelada', 1, 0, NULL, NULL, NULL, NULL, NULL, NULL, NULL, NULL, NULL, NULL, NULL, NULL, NULL, NULL, 0),
(541, 36, '2014-04-16 21:12:44', NULL, 19, 'Cristiano Ribeiro de Lima', '059.052.969-28', 'Reserva em contratação', NULL, 0, NULL, 0, NULL, NULL, NULL, NULL, 0, NULL, NULL, NULL, NULL, NULL, NULL, NULL, 0),
(542, 36, '2014-04-16 21:12:48', NULL, 19, 'Cristiano Ribeiro de Lima', '059.052.969-28', 'Reserva vendida', 1, NULL, NULL, NULL, NULL, NULL, NULL, NULL, NULL, NULL, NULL, NULL, NULL, NULL, NULL, NULL, 0),
(543, 35, '2014-04-16 22:01:44', NULL, 48, 'Katiane', '963.985.748-55', 'Reserva em contratação', NULL, 0, NULL, 0, NULL, NULL, NULL, NULL, 0, NULL, NULL, NULL, NULL, NULL, NULL, NULL, 0),
(544, 35, '2014-04-16 22:01:48', NULL, 48, 'Katiane', '963.985.748-55', 'Reserva vendida', 1, NULL, NULL, NULL, NULL, NULL, NULL, NULL, NULL, NULL, NULL, NULL, NULL, NULL, NULL, NULL, 0),
(545, 74, '2014-04-19 12:01:31', NULL, 34, 'nestor luiz kober', '276.494.740-40', 'Reservado', NULL, 0, NULL, 0, NULL, NULL, NULL, NULL, 0, NULL, NULL, NULL, NULL, NULL, NULL, NULL, 0),
(546, 66, '2014-04-23 11:41:34', NULL, 41, 'antonio primao', '863.426.717-87', 'Reservado', NULL, 0, NULL, 0, NULL, NULL, NULL, NULL, 0, NULL, NULL, NULL, NULL, NULL, NULL, NULL, 0),
(547, 77, '2014-04-23 11:42:18', NULL, 41, 'antonio primao', '735.526.767-76', 'Reservado', NULL, 0, NULL, 0, NULL, NULL, NULL, NULL, 0, NULL, NULL, NULL, NULL, NULL, NULL, NULL, 0),
(548, 34, '2014-04-23 13:57:11', '2014-08-26 14:48:42', 51, 'Leandro Nolli', '953.223.379-20', 'Venda Cancelada', NULL, 0, NULL, 0, 3725.00, '2014-04-28 17:58:20', NULL, 7450.00, 1, '2014-05-09 18:45:03', 372.50, '152000.00', 5000.00, 16992.00, 130008.00, NULL, 0),
(549, 36, '2014-04-23 19:55:26', '2014-09-26 19:59:52', 19, 'Cristiano Ribeiro de Lima', '059.052.969-28', 'Venda Cancelada', NULL, 0, NULL, 0, 3000.00, '2014-06-17 16:27:33', NULL, 7100.00, 1, '2014-05-09 18:45:29', 355.00, '145000.00', 1000.00, 20969.00, 123031.00, NULL, 0),
(550, 29, '2014-04-23 20:00:41', '2014-08-13 17:16:31', 21, 'Estefano Tafarel Pereira', '05905114919', 'Venda Cancelada', NULL, 0, NULL, 0, 4000.00, '2014-05-12 14:54:57', NULL, 6800.00, 1, '2014-05-09 18:44:52', 340.00, '139000.00', 4000.00, 12300.00, 122700.00, NULL, 0),
(551, 79, '2014-04-23 20:48:36', '2014-04-28 13:31:21', 45, 'Eduardo', '022.294.569-09', 'Reserva Cancelada', NULL, 0, NULL, 0, NULL, NULL, NULL, NULL, 0, NULL, NULL, NULL, NULL, NULL, NULL, NULL, 0),
(552, 107, '2014-04-23 20:50:45', NULL, 45, 'joao', '547.089.365-60', 'Reservado', NULL, 0, NULL, 0, NULL, NULL, NULL, NULL, 0, NULL, NULL, NULL, NULL, NULL, NULL, NULL, 0),
(553, 117, '2014-04-23 20:52:05', NULL, 45, 'rafael', '099.366.342-52', 'Reservado', NULL, 0, NULL, 0, NULL, NULL, NULL, NULL, 0, NULL, NULL, NULL, NULL, NULL, NULL, NULL, 0),
(554, 74, '2014-04-28 12:34:18', NULL, 41, 'daniel roquembak', '387.697.651-89', 'Reservado', NULL, 0, NULL, 0, NULL, NULL, NULL, NULL, 0, NULL, NULL, NULL, NULL, NULL, NULL, NULL, 0),
(555, 79, '2014-04-28 13:32:12', NULL, 18, 'Marcela de Paula', '074.057.849-92', 'Reserva em contratação', NULL, 0, NULL, 0, NULL, NULL, NULL, NULL, 0, NULL, NULL, NULL, NULL, NULL, NULL, NULL, 0),
(556, 79, '2014-04-28 13:32:17', NULL, 18, 'Marcela de Paula', '074.057.849-92', 'Reserva vendida', 1, NULL, NULL, NULL, NULL, NULL, NULL, NULL, NULL, NULL, NULL, NULL, NULL, NULL, NULL, NULL, 0),
(557, 73, '2014-04-29 21:37:08', NULL, 41, 'fernanda silva', '398.762.654-36', 'Reservado', NULL, 0, NULL, 0, NULL, NULL, NULL, NULL, 0, NULL, NULL, NULL, NULL, NULL, NULL, NULL, 0),
(558, 35, '2014-04-29 21:49:22', '2014-09-16 14:32:42', 48, 'Katiane Cristina da Rosa', '06264244961', 'Venda Cancelada', NULL, 0, NULL, 0, 3000.00, '2014-05-09 17:41:25', NULL, 7250.00, 1, '2014-05-09 18:45:17', 362.50, '148000.00', 3000.00, 16524.00, 128476.00, NULL, 0),
(559, 79, '2014-05-02 17:55:45', '2014-09-29 19:23:48', 18, 'Marcela de Paula', '074.057.849-92', 'Venda Cancelada', NULL, 0, NULL, 0, 7450.00, '2014-09-25 17:18:06', NULL, 7450.00, 1, '2014-08-19 18:49:55', 372.50, '152000.00', 4000.00, 24500.00, 123500.00, NULL, 0),
(560, 77, '2014-05-03 14:29:51', NULL, 43, 'cristiano da rosa', '011.978.740-70', 'Reserva em contratação', NULL, 0, NULL, 0, NULL, NULL, NULL, NULL, 0, NULL, NULL, NULL, NULL, NULL, NULL, NULL, 0),
(561, 66, '2014-05-05 12:46:23', NULL, 41, 'fernando teixeira', '967.763.862-65', 'Reserva em contratação', NULL, 0, NULL, 0, NULL, NULL, NULL, NULL, 0, NULL, NULL, NULL, NULL, NULL, NULL, NULL, 0),
(562, 107, '2014-05-05 12:47:08', NULL, 41, 'fernando teixeira', '873.662.678-43', 'Reservado', NULL, 0, NULL, 0, NULL, NULL, NULL, NULL, 0, NULL, NULL, NULL, NULL, NULL, NULL, NULL, 0),
(563, 117, '2014-05-05 12:47:35', NULL, 41, 'fernando teixeira', '625.527.889-38', 'Reservado', NULL, 0, NULL, 0, NULL, NULL, NULL, NULL, 0, NULL, NULL, NULL, NULL, NULL, NULL, NULL, 0),
(564, 77, '2014-05-05 14:32:33', NULL, 43, 'cristiano da rosa', '011.978.740-70', 'Reserva vendida', 1, NULL, NULL, NULL, NULL, NULL, NULL, NULL, NULL, NULL, NULL, NULL, NULL, NULL, NULL, NULL, 0),
(565, 47, '2014-05-06 10:14:19', NULL, 50, 'Joao Rogerio da Silva', '801.364.439-15', 'Reserva em contratação', NULL, 0, NULL, 0, NULL, NULL, NULL, NULL, 0, NULL, NULL, NULL, NULL, NULL, NULL, NULL, 0),
(566, 47, '2014-05-06 10:14:25', NULL, 50, 'Joao Rogerio da Silva', '801.364.439-15', 'Reserva vendida', 1, NULL, NULL, NULL, NULL, NULL, NULL, NULL, NULL, NULL, NULL, NULL, NULL, NULL, NULL, NULL, 0),
(567, 65, '2014-05-06 13:26:56', NULL, 21, 'robson', '043.824.898-49', 'Reservado', NULL, 0, NULL, 0, NULL, NULL, NULL, NULL, 0, NULL, NULL, NULL, NULL, NULL, NULL, NULL, 0),
(568, 74, '2014-05-06 14:43:59', NULL, 45, 'Felipe', '553.894.320-01', 'Reservado', NULL, 0, NULL, 0, NULL, NULL, NULL, NULL, 0, NULL, NULL, NULL, NULL, NULL, NULL, NULL, 0),
(569, 5, '2014-05-06 16:18:33', NULL, 40, 'poipoipoi', '654.654.556-44', 'Reserva em contratação', NULL, 0, NULL, 0, NULL, NULL, NULL, NULL, 0, NULL, NULL, NULL, NULL, NULL, NULL, NULL, 0),
(570, 91, '2014-05-06 16:19:06', NULL, 21, 'poipoipoio', '985.156.415-64', 'Reserva em contratação', NULL, 0, NULL, 0, NULL, NULL, NULL, NULL, 0, NULL, NULL, NULL, NULL, NULL, NULL, NULL, 0),
(571, 91, '2014-05-06 16:19:18', NULL, 21, 'poipoipoio', '985.156.415-64', 'Reserva vendida', 1, NULL, NULL, NULL, NULL, NULL, NULL, NULL, NULL, NULL, NULL, NULL, NULL, NULL, NULL, NULL, 0),
(572, 5, '2014-05-06 16:19:31', NULL, 40, 'poipoipoi', '654.654.556-44', 'Reserva vendida', 1, NULL, NULL, NULL, NULL, NULL, NULL, NULL, NULL, NULL, NULL, NULL, NULL, NULL, NULL, NULL, 0),
(573, 5, '2014-05-06 16:30:15', '2014-09-26 18:40:51', 40, 'Ricardo de Souza', '83791906615', 'Venda Cancelada', NULL, 0, NULL, 0, 3000.00, '2014-08-04 16:30:10', NULL, 6100.00, 1, '2014-05-09 18:43:35', 305.00, '125000.00', 3000.00, 8159.00, 113841.00, NULL, 0),
(574, 91, '2014-05-06 16:33:11', '2014-07-29 15:49:19', 21, 'Marcelo Luiz de Souza', '08226643996', 'Venda Cancelada', NULL, 0, NULL, 0, NULL, NULL, NULL, 6650.00, 0, NULL, 332.50, '136000.00', 1150.00, 9156.80, 125693.20, NULL, 0),
(575, 87, '2014-05-07 13:12:24', '2014-09-29 19:39:52', 40, 'Joceli Carla dos Santos Moura e Romulo', '829.038.160-34', 'Venda Cancelada', NULL, 0, NULL, 0, 2000.00, '2014-09-09 15:01:13', NULL, 6200.00, 1, '2014-09-10 16:03:15', 310.00, '127000.00', 1000.00, 8000.00, 118000.00, NULL, 0),
(576, 77, '2014-05-07 20:28:14', '2014-09-29 19:20:27', 43, 'Cristiano Barbosa da Rosa', '011.978.740-70', 'Venda Cancelada', NULL, 0, NULL, 0, 3000.00, '2014-05-09 17:42:59', NULL, 7100.00, 1, '2014-09-10 16:03:37', 355.00, '145000.00', 3000.00, 6423.00, 135577.00, NULL, 0),
(577, 73, '2014-05-08 12:22:31', NULL, 43, 'Juliana', '059.833.599-40', 'Reservado', NULL, 0, NULL, 0, NULL, NULL, NULL, NULL, 0, NULL, NULL, NULL, NULL, NULL, NULL, NULL, 0),
(578, 66, '2014-05-12 14:14:44', NULL, 41, 'fernando teixeira', '967.763.862-65', 'Reserva vendida', 1, NULL, NULL, NULL, NULL, NULL, NULL, NULL, NULL, NULL, NULL, NULL, NULL, NULL, NULL, NULL, 0),
(579, 66, '2014-05-12 17:24:40', '2014-09-29 19:06:19', 41, 'Thiago Martins', '06176379970', 'Venda Cancelada', NULL, 0, NULL, 0, 3000.00, '2014-05-13 18:02:44', NULL, 7200.00, 1, '2014-07-11 19:46:19', 360.00, '147000.00', 3000.00, 17010.00, 126990.00, NULL, 0),
(580, 117, '2014-05-13 12:51:50', '2014-05-16 17:59:02', 30, 'Cesar heil', '005.722.049-22', 'Reserva Cancelada', NULL, 0, NULL, 0, NULL, NULL, NULL, NULL, 0, NULL, NULL, NULL, NULL, NULL, NULL, NULL, 0),
(581, 107, '2014-05-13 13:03:58', NULL, 41, 'Fernando Araujo', '836.627.887-32', 'Reservado', NULL, 0, NULL, 0, NULL, NULL, NULL, NULL, 0, NULL, NULL, NULL, NULL, NULL, NULL, NULL, 0),
(582, 65, '2014-05-14 17:56:27', NULL, 45, 'Felipe Adriano dos Santos Lamim', '081.444.859-39', 'Reservado', NULL, 0, NULL, 0, NULL, NULL, NULL, NULL, 0, NULL, NULL, NULL, NULL, NULL, NULL, NULL, 0),
(583, 74, '2014-05-14 18:01:42', '2014-05-19 15:44:38', 41, 'gisele cardoso', '287.363.832-97', 'Reserva Cancelada', NULL, 0, NULL, 0, NULL, NULL, NULL, NULL, 0, NULL, NULL, NULL, NULL, NULL, NULL, NULL, 0),
(584, 47, '2014-05-14 19:30:16', '2014-09-29 18:36:38', 50, 'Joao Rogerio da Silva', '801.364.439-15', 'Venda Cancelada', NULL, 0, NULL, 0, 3000.00, '2014-08-04 16:37:52', NULL, 6350.00, 1, '2014-06-11 19:33:40', 317.50, '130000.00', 3000.00, 6473.00, 120527.00, NULL, 0),
(585, 9, '2014-05-16 16:09:43', '2014-09-26 18:57:00', 33, 'ADRIANA SERPA', '06182619902', 'Venda Cancelada', NULL, 0, NULL, 0, 3000.00, '2014-05-16 16:10:25', NULL, 6450.00, 1, '2014-06-11 19:33:23', 322.50, '132000.00', 3000.00, 11200.00, 117800.00, NULL, 0),
(586, 117, '2014-05-16 17:59:23', NULL, 21, 'Rafael Adriani Mendes', '021.338.449-37', 'Reserva em contratação', NULL, 0, NULL, 0, NULL, NULL, NULL, NULL, 0, NULL, NULL, NULL, NULL, NULL, NULL, NULL, 0),
(587, 117, '2014-05-16 17:59:30', NULL, 21, 'Rafael Adriani Mendes', '021.338.449-37', 'Reserva vendida', 1, NULL, NULL, NULL, NULL, NULL, NULL, NULL, NULL, NULL, NULL, NULL, NULL, NULL, NULL, NULL, 0),
(588, 73, '2014-05-17 13:56:16', '2014-05-19 20:42:00', 34, 'mauro jose diehl', '223.465.778-20', 'Reserva Cancelada', NULL, 0, NULL, 0, NULL, NULL, NULL, NULL, 0, NULL, NULL, NULL, NULL, NULL, NULL, NULL, 0),
(589, 74, '2014-05-19 15:45:06', NULL, 34, 'Caroline', '039.182.309-45', 'Reserva em contratação', NULL, 0, NULL, 0, NULL, NULL, NULL, NULL, 0, NULL, NULL, NULL, NULL, NULL, NULL, NULL, 0),
(590, 74, '2014-05-19 15:45:11', '2014-05-22 17:15:34', 34, 'Caroline', '039.182.309-45', 'Contratação Cancelada', 1, 0, NULL, NULL, NULL, NULL, NULL, NULL, NULL, NULL, NULL, NULL, NULL, NULL, NULL, NULL, 0),
(591, 130, '2014-05-19 16:28:10', NULL, 4, 'Mengalvio Colzani', '000.000.000-00', 'Permutado', NULL, 1, NULL, 0, NULL, NULL, NULL, 0.00, 0, NULL, 0.00, '0', 0.00, 0.00, 0.00, NULL, 1),
(592, 141, '2014-05-19 16:33:59', NULL, 4, 'Mengalvio Colzani', '000.000.000-00', 'Permutado', NULL, 1, NULL, 0, NULL, NULL, NULL, 0.00, 0, NULL, 0.00, '0', 0.00, 0.00, 0.00, NULL, 1),
(593, 148, '2014-05-19 16:48:21', NULL, 4, 'Mengalvio Colzani', '000.000.000-00', 'Permutado', NULL, 1, NULL, 0, NULL, NULL, NULL, 0.00, 0, NULL, 0.00, '0', 0.00, 0.00, 0.00, NULL, 1),
(594, 149, '2014-05-19 16:49:00', NULL, 4, 'Mengalvio Colzani', '000.000.000-00', 'Permutado', NULL, 1, NULL, 0, NULL, NULL, NULL, 0.00, 0, NULL, 0.00, '0', 0.00, 0.00, 0.00, NULL, 1),
(595, 158, '2014-05-19 16:55:02', NULL, 4, 'Mengalvio Colzani', '000.000.000-00', 'Permutado', NULL, 1, NULL, 0, NULL, NULL, NULL, 0.00, 0, NULL, 0.00, '0', 0.00, 0.00, 0.00, NULL, 1),
(596, 169, '2014-05-19 17:02:05', NULL, 4, 'Mengalvio Colzani', '000.000.000-00', 'Permutado', NULL, 1, NULL, 0, NULL, NULL, NULL, 0.00, 0, NULL, 0.00, '0', 0.00, 0.00, 0.00, NULL, 1),
(597, 177, '2014-05-19 17:09:32', NULL, 4, 'Mengalvio Colzani', '000.000.000-00', 'Permutado', NULL, 1, NULL, 0, NULL, NULL, NULL, 0.00, 0, NULL, 0.00, '0', 0.00, 0.00, 0.00, NULL, 1),
(598, 194, '2014-05-19 17:16:36', NULL, 4, 'Mengalvio Colzani', '000.000.000-00', 'Permutado', NULL, 1, NULL, 0, NULL, NULL, NULL, 0.00, 0, NULL, 0.00, '0', 0.00, 0.00, 0.00, NULL, 1),
(599, 201, '2014-05-19 17:25:03', NULL, 4, 'Mengalvio Colzani', '000.000.000-00', 'Permutado', NULL, 1, NULL, 0, NULL, NULL, NULL, 0.00, 0, NULL, 0.00, '0', 0.00, 0.00, 0.00, NULL, 1),
(600, 209, '2014-05-19 17:28:16', NULL, 4, 'Mengalvio Colzani', '000.000.000-00', 'Permutado', NULL, 1, NULL, 0, NULL, NULL, NULL, 0.00, 0, NULL, 0.00, '0', 0.00, 0.00, 0.00, NULL, 1),
(601, 221, '2014-05-19 17:33:21', NULL, 4, 'Mengalvio Colzani', '000.000.000-00', 'Permutado', NULL, 1, NULL, 0, NULL, NULL, NULL, 0.00, 0, NULL, 0.00, '0', 0.00, 0.00, 0.00, NULL, 1),
(602, 250, '2014-05-19 18:08:09', NULL, 4, 'Mengalvio Colzani', '000.000.000-00', 'Permutado', NULL, 1, NULL, 0, NULL, NULL, NULL, 0.00, 0, NULL, 0.00, '0', 0.00, 0.00, 0.00, NULL, 1),
(603, 257, '2014-05-19 18:10:44', NULL, 4, 'Mengalvio Colzani', '000.000.000-00', 'Permutado', NULL, 1, NULL, 0, NULL, NULL, NULL, 0.00, 0, NULL, 0.00, '0', 0.00, 0.00, 0.00, NULL, 1),
(604, 267, '2014-05-19 18:14:34', NULL, 4, 'Mengalvio Colzani', '000.000.000-00', 'Permutado', NULL, 1, NULL, 0, NULL, NULL, NULL, 0.00, 0, NULL, 0.00, '0', 0.00, 0.00, 0.00, NULL, 1),
(605, 270, '2014-05-19 18:15:45', NULL, 4, 'Mengalvio Colzani', '000.000.000-00', 'Permutado', NULL, 1, NULL, 0, NULL, NULL, NULL, 0.00, 0, NULL, 0.00, '0', 0.00, 0.00, 0.00, NULL, 1),
(606, 73, '2014-05-19 20:42:25', NULL, 21, 'Clairton Fronza e Juliana', '982.476.119-53', 'Reserva em contratação', NULL, 0, NULL, 0, NULL, NULL, NULL, NULL, 0, NULL, NULL, NULL, NULL, NULL, NULL, NULL, 0),
(607, 73, '2014-05-19 20:42:30', NULL, 21, 'Clairton Fronza e Juliana', '982.476.119-53', 'Reserva vendida', 1, NULL, NULL, NULL, NULL, NULL, NULL, NULL, NULL, NULL, NULL, NULL, NULL, NULL, NULL, NULL, 0),
(608, 173, '2014-05-20 02:45:43', NULL, 43, 'Juliana Vieira', '072.288.626-86', 'Reserva em contratação', NULL, 0, NULL, 0, NULL, NULL, NULL, NULL, 0, NULL, NULL, NULL, NULL, NULL, NULL, NULL, 0),
(609, 142, '2014-05-20 02:45:44', NULL, 41, 'Rafaela', '077.501.689-66', 'Reservado', NULL, 0, NULL, 0, NULL, NULL, NULL, NULL, 0, NULL, NULL, NULL, NULL, NULL, NULL, NULL, 0),
(610, 214, '2014-05-20 02:46:37', NULL, 41, 'Anderson', '097.774.339-63', 'Reserva em contratação', NULL, 0, NULL, 0, NULL, NULL, NULL, NULL, 0, NULL, NULL, NULL, NULL, NULL, NULL, NULL, 0),
(611, 131, '2014-05-20 02:48:05', '2014-05-25 22:24:13', 43, 'Pedro Henrique Fereira', '031.556.679-58', 'Reserva Cancelada', NULL, 0, NULL, 0, NULL, NULL, NULL, NULL, 0, NULL, NULL, NULL, NULL, NULL, NULL, NULL, 0),
(612, 249, '2014-05-20 02:53:28', '2014-05-23 16:03:36', 19, 'angela', '037.926.069-76', 'Reserva Cancelada', NULL, 0, NULL, 0, NULL, NULL, NULL, NULL, 0, NULL, NULL, NULL, NULL, NULL, NULL, NULL, 0),
(613, 255, '2014-05-20 02:55:12', NULL, 19, 'andre', '001.558.120-92', 'Reserva em contratação', NULL, 0, NULL, 0, NULL, NULL, NULL, NULL, 0, NULL, NULL, NULL, NULL, NULL, NULL, NULL, 0),
(614, 256, '2014-05-20 02:56:05', '2014-05-21 17:23:44', 19, 'alex', '013.409.960-57', 'Reserva Cancelada', NULL, 0, NULL, 0, NULL, NULL, NULL, NULL, 0, NULL, NULL, NULL, NULL, NULL, NULL, NULL, 0),
(615, 170, '2014-05-20 02:57:21', '2014-05-24 21:51:52', 19, 'adriano', '034.000.390-12', 'Reserva Cancelada', NULL, 0, NULL, 0, NULL, NULL, NULL, NULL, 0, NULL, NULL, NULL, NULL, NULL, NULL, NULL, 0),
(616, 242, '2014-05-20 02:59:08', NULL, 19, 'adalberto', '185.302.491-00', 'Reservado', NULL, 0, NULL, 0, NULL, NULL, NULL, NULL, 0, NULL, NULL, NULL, NULL, NULL, NULL, NULL, 0),
(617, 258, '2014-05-20 03:00:53', NULL, 19, 'adalto', '297.276.931-72', 'Reserva em contratação', NULL, 0, NULL, 0, NULL, NULL, NULL, NULL, 0, NULL, NULL, NULL, NULL, NULL, NULL, NULL, 0),
(618, 205, '2014-05-20 03:04:39', NULL, 19, 'solange', '247.733.281-34', 'Reserva em contratação', NULL, 0, NULL, 0, NULL, NULL, NULL, NULL, 0, NULL, NULL, NULL, NULL, NULL, NULL, NULL, 0),
(619, 202, '2014-05-20 03:06:49', NULL, 19, 'virginia', '007.915.501-41', 'Reservado', NULL, 0, NULL, 0, NULL, NULL, NULL, NULL, 0, NULL, NULL, NULL, NULL, NULL, NULL, NULL, 0),
(620, 210, '2014-05-20 03:07:50', '2014-05-25 21:33:08', 19, 'vivian', '036.461.741-10', 'Reserva Cancelada', NULL, 0, NULL, 0, NULL, NULL, NULL, NULL, 0, NULL, NULL, NULL, NULL, NULL, NULL, NULL, 0),
(621, 248, '2014-05-20 03:11:27', '2014-05-24 22:15:11', 19, 'antonio', '311.708.178-07', 'Reserva Cancelada', NULL, 0, NULL, 0, NULL, NULL, NULL, NULL, 0, NULL, NULL, NULL, NULL, NULL, NULL, NULL, 0),
(622, 129, '2014-05-20 03:37:18', '2014-05-24 20:53:10', 48, 'Cleitor', '026.246.799-17', 'Reserva Cancelada', NULL, 0, NULL, 0, NULL, NULL, NULL, NULL, 0, NULL, NULL, NULL, NULL, NULL, NULL, NULL, 0),
(623, 121, '2014-05-20 03:38:34', '2014-05-25 21:47:13', 48, 'Sara', '064.045.799-10', 'Reserva Cancelada', NULL, 0, NULL, 0, NULL, NULL, NULL, NULL, 0, NULL, NULL, NULL, NULL, NULL, NULL, NULL, 0),
(624, 241, '2014-05-20 03:40:44', '2014-05-25 20:19:28', 48, 'Guto', '088.991.359-59', 'Reserva Cancelada', NULL, 0, NULL, 0, NULL, NULL, NULL, NULL, 0, NULL, NULL, NULL, NULL, NULL, NULL, NULL, 0),
(625, 251, '2014-05-20 03:43:35', '2014-05-25 21:50:06', 48, 'Rodrigo', '939.592.739-91', 'Reserva Cancelada', NULL, 0, NULL, 0, NULL, NULL, NULL, NULL, 0, NULL, NULL, NULL, NULL, NULL, NULL, NULL, 0),
(626, 211, '2014-05-20 03:48:04', NULL, 48, 'Junior', '038.843.629-23', 'Reservado', NULL, 0, NULL, 0, NULL, NULL, NULL, NULL, 0, NULL, NULL, NULL, NULL, NULL, NULL, NULL, 0),
(627, 212, '2014-05-20 03:49:29', '2014-05-26 17:25:29', 48, 'Fabiano', '037.923.489-03', 'Reserva Cancelada', NULL, 0, NULL, 0, NULL, NULL, NULL, NULL, 0, NULL, NULL, NULL, NULL, NULL, NULL, NULL, 0),
(628, 171, '2014-05-20 03:51:22', '2014-05-25 22:04:33', 48, 'Claudelayne', '037.924.223-29', 'Reserva Cancelada', NULL, 0, NULL, 0, NULL, NULL, NULL, NULL, 0, NULL, NULL, NULL, NULL, NULL, NULL, NULL, 0),
(629, 204, '2014-05-20 03:52:33', '2014-05-25 21:37:10', 48, 'José', '037.892.387-77', 'Reserva Cancelada', NULL, 0, NULL, 0, NULL, NULL, NULL, NULL, 0, NULL, NULL, NULL, NULL, NULL, NULL, NULL, 0),
(630, 259, '2014-05-20 03:53:55', NULL, 48, 'Ricardo', '037.892.383-27', 'Reservado', NULL, 0, NULL, 0, NULL, NULL, NULL, NULL, 0, NULL, NULL, NULL, NULL, NULL, NULL, NULL, 0),
(631, 123, '2014-05-20 10:44:39', '2014-05-26 11:43:27', 38, 'cliente 001', '023.749.572-64', 'Reserva Cancelada', NULL, 0, NULL, 0, NULL, NULL, NULL, NULL, 0, NULL, NULL, NULL, NULL, NULL, NULL, NULL, 0),
(632, 122, '2014-05-20 10:46:38', NULL, 38, 'cliente 002', '974.597.597-87', 'Reserva em contratação', NULL, 0, NULL, 0, NULL, NULL, NULL, NULL, 0, NULL, NULL, NULL, NULL, NULL, NULL, NULL, 0),
(633, 125, '2014-05-20 10:47:19', '2014-05-26 21:29:39', 38, 'cliente 003', '233.048.779-37', 'Reserva Cancelada', NULL, 0, NULL, 0, NULL, NULL, NULL, NULL, 0, NULL, NULL, NULL, NULL, NULL, NULL, NULL, 0),
(634, 126, '2014-05-20 10:48:11', NULL, 38, 'cliente 004', '398.979.669-46', 'Reservado', NULL, 0, NULL, 0, NULL, NULL, NULL, NULL, 0, NULL, NULL, NULL, NULL, NULL, NULL, NULL, 0),
(635, 128, '2014-05-20 10:48:56', '2014-05-27 10:29:41', 38, 'cliente 005', '123.098.746-67', 'Reserva Cancelada', NULL, 0, NULL, 0, NULL, NULL, NULL, NULL, 0, NULL, NULL, NULL, NULL, NULL, NULL, NULL, 0),
(636, 133, '2014-05-20 10:49:55', '2014-05-26 21:34:24', 38, 'cliente 006', '998.766.645-67', 'Reserva Cancelada', NULL, 0, NULL, 0, NULL, NULL, NULL, NULL, 0, NULL, NULL, NULL, NULL, NULL, NULL, NULL, 0),
(637, 134, '2014-05-20 10:50:49', '2014-05-23 10:59:48', 38, 'cliente 007', '338.786.987-75', 'Reserva Cancelada', NULL, 0, NULL, 0, NULL, NULL, NULL, NULL, 0, NULL, NULL, NULL, NULL, NULL, NULL, NULL, 0),
(638, 136, '2014-05-20 10:51:41', '2014-05-27 11:58:12', 38, 'cliente 008', '675.887.764-76', 'Reserva Cancelada', NULL, 0, NULL, 0, NULL, NULL, NULL, NULL, 0, NULL, NULL, NULL, NULL, NULL, NULL, NULL, 0),
(639, 132, '2014-05-20 10:52:51', '2014-05-21 18:35:58', 38, 'cliente 009', '231.468.978-75', 'Reserva Cancelada', NULL, 0, NULL, 0, NULL, NULL, NULL, NULL, 0, NULL, NULL, NULL, NULL, NULL, NULL, NULL, 0),
(640, 138, '2014-05-20 10:53:53', NULL, 38, 'cliente 010', '457.876.965-45', 'Reserva em contratação', NULL, 0, NULL, 0, NULL, NULL, NULL, NULL, 0, NULL, NULL, NULL, NULL, NULL, NULL, NULL, 0),
(641, 139, '2014-05-20 10:54:37', NULL, 38, 'cliente 011', '767.998.776-63', 'Reservado', NULL, 0, NULL, 0, NULL, NULL, NULL, NULL, 0, NULL, NULL, NULL, NULL, NULL, NULL, NULL, 0),
(642, 137, '2014-05-20 10:55:13', NULL, 38, 'cliente 012', '675.686.793-87', 'Reservado', NULL, 0, NULL, 0, NULL, NULL, NULL, NULL, 0, NULL, NULL, NULL, NULL, NULL, NULL, NULL, 0),
(643, 145, '2014-05-20 10:56:26', NULL, 38, 'cliente 013', '378.786.776-29', 'Reservado', NULL, 0, NULL, 0, NULL, NULL, NULL, NULL, 0, NULL, NULL, NULL, NULL, NULL, NULL, NULL, 0),
(644, 152, '2014-05-20 10:57:11', NULL, 38, 'cliente 014', '213.340.008-77', 'Reservado', NULL, 0, NULL, 0, NULL, NULL, NULL, NULL, 0, NULL, NULL, NULL, NULL, NULL, NULL, NULL, 0),
(645, 161, '2014-05-20 10:59:26', '2014-05-27 10:18:32', 38, 'cliente 015', '958.666.356-22', 'Reserva Cancelada', NULL, 0, NULL, 0, NULL, NULL, NULL, NULL, 0, NULL, NULL, NULL, NULL, NULL, NULL, NULL, 0),
(646, 164, '2014-05-20 11:00:36', '2014-05-20 17:30:01', 38, 'cliente 016', '239.876.476-82', 'Reserva Cancelada', NULL, 0, NULL, 0, NULL, NULL, NULL, NULL, 0, NULL, NULL, NULL, NULL, NULL, NULL, NULL, 0),
(647, 168, '2014-05-20 11:01:20', '2014-05-27 10:30:44', 38, 'cliente 017', '098.777.738-77', 'Reserva Cancelada', NULL, 0, NULL, 0, NULL, NULL, NULL, NULL, 0, NULL, NULL, NULL, NULL, NULL, NULL, NULL, 0),
(648, 166, '2014-05-20 11:02:06', NULL, 38, 'cliente 018', '576.663.773-78', 'Reservado', NULL, 0, NULL, 0, NULL, NULL, NULL, NULL, 0, NULL, NULL, NULL, NULL, NULL, NULL, NULL, 0),
(649, 165, '2014-05-20 11:03:09', '2014-05-23 16:15:45', 38, 'cliente 019', '098.763.678-93', 'Reserva Cancelada', NULL, 0, NULL, 0, NULL, NULL, NULL, NULL, 0, NULL, NULL, NULL, NULL, NULL, NULL, NULL, 0),
(650, 135, '2014-05-20 11:06:11', '2014-05-25 21:48:32', 38, 'cliente 020', '878.467.367-73', 'Reserva Cancelada', NULL, 0, NULL, 0, NULL, NULL, NULL, NULL, 0, NULL, NULL, NULL, NULL, NULL, NULL, NULL, 0),
(651, 172, '2014-05-20 11:06:51', '2014-05-20 17:30:50', 38, 'cliente 021', '978.686.894-68', 'Reserva Cancelada', NULL, 0, NULL, 0, NULL, NULL, NULL, NULL, 0, NULL, NULL, NULL, NULL, NULL, NULL, NULL, 0),
(652, 175, '2014-05-20 11:07:28', NULL, 38, 'cliente 022', '877.486.848-44', 'Reservado', NULL, 0, NULL, 0, NULL, NULL, NULL, NULL, 0, NULL, NULL, NULL, NULL, NULL, NULL, NULL, 0),
(653, 176, '2014-05-20 11:08:04', NULL, 38, 'cliente 023', '134.597.477-73', 'Reserva em contratação', NULL, 0, NULL, 0, NULL, NULL, NULL, NULL, 0, NULL, NULL, NULL, NULL, NULL, NULL, NULL, 0),
(654, 174, '2014-05-20 11:08:43', NULL, 38, 'cliente 024', '987.654.345-67', 'Reservado', NULL, 0, NULL, 0, NULL, NULL, NULL, NULL, 0, NULL, NULL, NULL, NULL, NULL, NULL, NULL, 0),
(655, 203, '2014-05-20 11:09:26', NULL, 38, 'cliente 025', '123.456.786-54', 'Reserva em contratação', NULL, 0, NULL, 0, NULL, NULL, NULL, NULL, 0, NULL, NULL, NULL, NULL, NULL, NULL, NULL, 0),
(656, 206, '2014-05-20 11:10:16', NULL, 38, 'cliente 026', '542.398.765-43', 'Reservado', NULL, 0, NULL, 0, NULL, NULL, NULL, NULL, 0, NULL, NULL, NULL, NULL, NULL, NULL, NULL, 0),
(657, 213, '2014-05-20 11:10:50', '2014-05-27 10:31:38', 38, 'cliente 027', '987.654.356-78', 'Reserva Cancelada', NULL, 0, NULL, 0, NULL, NULL, NULL, NULL, 0, NULL, NULL, NULL, NULL, NULL, NULL, NULL, 0),
(658, 208, '2014-05-20 11:11:24', '2014-05-27 10:19:52', 38, 'cliente 028', '424.246.457-53', 'Reserva Cancelada', NULL, 0, NULL, 0, NULL, NULL, NULL, NULL, 0, NULL, NULL, NULL, NULL, NULL, NULL, NULL, 0),
(659, 207, '2014-05-20 11:12:13', NULL, 38, 'cliente 029', '342.498.736-27', 'Reservado', NULL, 0, NULL, 0, NULL, NULL, NULL, NULL, 0, NULL, NULL, NULL, NULL, NULL, NULL, NULL, 0),
(660, 215, '2014-05-20 11:13:03', NULL, 38, 'cliente 030', '897.937.570-30', 'Reservado', NULL, 0, NULL, 0, NULL, NULL, NULL, NULL, 0, NULL, NULL, NULL, NULL, NULL, NULL, NULL, 0),
(661, 127, '2014-05-20 11:42:16', NULL, 41, 'Fernando Araujo', '827.652.887-72', 'Reservado', NULL, 0, NULL, 0, NULL, NULL, NULL, NULL, 0, NULL, NULL, NULL, NULL, NULL, NULL, NULL, 0),
(662, 143, '2014-05-20 11:42:56', '2014-05-22 12:03:11', 41, 'adilson tortura', '726.597.628-76', 'Reserva Cancelada', NULL, 0, NULL, 0, NULL, NULL, NULL, NULL, 0, NULL, NULL, NULL, NULL, NULL, NULL, NULL, 0),
(663, 162, '2014-05-20 11:43:52', NULL, 41, 'adilson fernandez', '827.655.727-90', 'Reservado', NULL, 0, NULL, 0, NULL, NULL, NULL, NULL, 0, NULL, NULL, NULL, NULL, NULL, NULL, NULL, 0),
(664, 178, '2014-05-20 11:44:34', '2014-05-25 16:02:34', 41, 'carlos souza', '527.668.818-98', 'Reserva Cancelada', NULL, 0, NULL, 0, NULL, NULL, NULL, NULL, 0, NULL, NULL, NULL, NULL, NULL, NULL, NULL, 0),
(665, 219, '2014-05-20 11:45:36', NULL, 41, 'marcos da silva', '189.378.920-98', 'Reservado', NULL, 0, NULL, 0, NULL, NULL, NULL, NULL, 0, NULL, NULL, NULL, NULL, NULL, NULL, NULL, 0),
(666, 124, '2014-05-20 13:00:41', '2014-05-25 21:42:50', 36, 'ricardo', '024.599.569-24', 'Reserva Cancelada', NULL, 0, NULL, 0, NULL, NULL, NULL, NULL, 0, NULL, NULL, NULL, NULL, NULL, NULL, NULL, 0),
(667, 144, '2014-05-20 13:03:28', NULL, 36, 'ana maria', '008.679.869-30', 'Reservado', NULL, 0, NULL, 0, NULL, NULL, NULL, NULL, 0, NULL, NULL, NULL, NULL, NULL, NULL, NULL, 0),
(668, 140, '2014-05-20 13:04:32', '2014-05-22 11:53:41', 36, 'rafael', '021.823.339-67', 'Reserva Cancelada', NULL, 0, NULL, 0, NULL, NULL, NULL, NULL, 0, NULL, NULL, NULL, NULL, NULL, NULL, NULL, 0),
(669, 163, '2014-05-20 13:05:36', NULL, 36, 'romulo', '090.167.237-58', 'Reservado', NULL, 0, NULL, 0, NULL, NULL, NULL, NULL, 0, NULL, NULL, NULL, NULL, NULL, NULL, NULL, 0),
(670, 216, '2014-05-20 13:08:53', '2014-05-25 21:36:07', 36, 'roberto', '493.644.050-72', 'Reserva Cancelada', NULL, 0, NULL, 0, NULL, NULL, NULL, NULL, 0, NULL, NULL, NULL, NULL, NULL, NULL, NULL, 0),
(671, 246, '2014-05-20 13:11:09', '2014-05-23 21:50:51', 36, 'pamella', '017.844.510-02', 'Reserva Cancelada', NULL, 0, NULL, 0, NULL, NULL, NULL, NULL, 0, NULL, NULL, NULL, NULL, NULL, NULL, NULL, 0),
(672, 252, '2014-05-20 13:13:12', '2014-05-21 19:13:10', 47, 'Bruno Ferraz', '123.567.352-77', 'Reserva Cancelada', NULL, 0, NULL, 0, NULL, NULL, NULL, NULL, 0, NULL, NULL, NULL, NULL, NULL, NULL, NULL, 0),
(673, 263, '2014-05-20 13:14:14', NULL, 47, 'João José Matias', '348.767.342-99', 'Reservado', NULL, 0, NULL, 0, NULL, NULL, NULL, NULL, 0, NULL, NULL, NULL, NULL, NULL, NULL, NULL, 0),
(674, 183, '2014-05-20 13:56:03', NULL, 46, 'edivan', '042.991.817-42', 'Reservado', NULL, 0, NULL, 0, NULL, NULL, NULL, NULL, 0, NULL, NULL, NULL, NULL, NULL, NULL, NULL, 0),
(675, 192, '2014-05-20 13:57:57', NULL, 46, 'edivan', '042.819.472-21', 'Reservado', NULL, 0, NULL, 0, NULL, NULL, NULL, NULL, 0, NULL, NULL, NULL, NULL, NULL, NULL, NULL, 0),
(676, 264, '2014-05-20 14:00:02', NULL, 21, 'R', '852.852.852-85', 'Reserva em contratação', NULL, 0, NULL, 0, NULL, NULL, NULL, NULL, 0, NULL, NULL, NULL, NULL, NULL, NULL, NULL, 0),
(677, 260, '2014-05-20 14:01:45', NULL, 21, 'Robson', '753.956.899-95', 'Reservado', NULL, 0, NULL, 0, NULL, NULL, NULL, NULL, 0, NULL, NULL, NULL, NULL, NULL, NULL, NULL, 0),
(678, 253, '2014-05-20 14:02:21', NULL, 21, 'Robson', '741.852.965-48', 'Reserva em contratação', NULL, 0, NULL, 0, NULL, NULL, NULL, NULL, 0, NULL, NULL, NULL, NULL, NULL, NULL, NULL, 0),
(679, 245, '2014-05-20 14:03:15', NULL, 21, 'Robson', '741.855.784-55', 'Reserva em contratação', NULL, 0, NULL, 0, NULL, NULL, NULL, NULL, 0, NULL, NULL, NULL, NULL, NULL, NULL, NULL, 0),
(680, 218, '2014-05-20 14:04:03', NULL, 21, 'Robson', '857.695.857-44', 'Reservado', NULL, 0, NULL, 0, NULL, NULL, NULL, NULL, 0, NULL, NULL, NULL, NULL, NULL, NULL, NULL, 0),
(681, 217, '2014-05-20 14:04:37', NULL, 21, 'Robson', '968.596.969-69', 'Reservado', NULL, 0, NULL, 0, NULL, NULL, NULL, NULL, 0, NULL, NULL, NULL, NULL, NULL, NULL, NULL, 0),
(682, 225, '2014-05-20 14:05:12', NULL, 21, 'Robson', '747.474.747-47', 'Reservado', NULL, 0, NULL, 0, NULL, NULL, NULL, NULL, 0, NULL, NULL, NULL, NULL, NULL, NULL, NULL, 0),
(683, 232, '2014-05-20 14:05:55', NULL, 21, 'Robson', '858.585.266-54', 'Reservado', NULL, 0, NULL, 0, NULL, NULL, NULL, NULL, 0, NULL, NULL, NULL, NULL, NULL, NULL, NULL, 0),
(684, 244, '2014-05-20 14:55:03', '2014-05-26 11:44:35', 54, 'JOSUÉ', '009.951.289-48', 'Reserva Cancelada', NULL, 0, NULL, 0, NULL, NULL, NULL, NULL, 0, NULL, NULL, NULL, NULL, NULL, NULL, NULL, 0),
(685, 243, '2014-05-20 14:57:02', '2014-05-25 23:06:12', 54, 'PABLO', '601.366.859-00', 'Reserva Cancelada', NULL, 0, NULL, 0, NULL, NULL, NULL, NULL, 0, NULL, NULL, NULL, NULL, NULL, NULL, NULL, 0),
(686, 164, '2014-05-20 17:30:26', NULL, 33, 'Miguel Luiz Mendes Nunes e Gleiza', '024.927.873-11', 'Reserva em contratação', NULL, 0, NULL, 0, NULL, NULL, NULL, NULL, 0, NULL, NULL, NULL, NULL, NULL, NULL, NULL, 0),
(687, 172, '2014-05-20 17:31:22', NULL, 33, 'Mayckon Ferreira Moura', '051.998.459-50', 'Reserva em contratação', NULL, 0, NULL, 0, NULL, NULL, NULL, NULL, 0, NULL, NULL, NULL, NULL, NULL, NULL, NULL, 0),
(688, 214, '2014-05-20 20:03:07', NULL, 41, 'Anderson', '097.774.339-63', 'Reserva vendida', 1, NULL, NULL, NULL, NULL, NULL, NULL, NULL, NULL, NULL, NULL, NULL, NULL, NULL, NULL, NULL, 0),
(689, 258, '2014-05-20 20:03:28', NULL, 19, 'adalto', '297.276.931-72', 'Reserva vendida', 1, NULL, NULL, NULL, NULL, NULL, NULL, NULL, NULL, NULL, NULL, NULL, NULL, NULL, NULL, NULL, 0),
(690, 164, '2014-05-20 20:03:47', '2014-08-29 15:52:02', 33, 'Miguel Luiz Mendes Nunes e Gleiza', '024.927.873-11', 'Contratação Cancelada', 1, 0, NULL, NULL, NULL, NULL, NULL, NULL, NULL, NULL, NULL, NULL, NULL, NULL, NULL, NULL, 0),
(691, 172, '2014-05-20 20:04:05', NULL, 33, 'Mayckon Ferreira Moura', '051.998.459-50', 'Reserva vendida', 1, NULL, NULL, NULL, NULL, NULL, NULL, NULL, NULL, NULL, NULL, NULL, NULL, NULL, NULL, NULL, 0),
(692, 222, '2014-05-21 15:46:38', NULL, 41, 'Cinara Maciel', '004.282.459-19', 'Reservado', NULL, 0, NULL, 0, NULL, NULL, NULL, NULL, 0, NULL, NULL, NULL, NULL, NULL, NULL, NULL, 0),
(693, 256, '2014-05-21 17:24:11', NULL, 18, 'Alexsandro dos Santos e Eduarda', '401.058.798-94', 'Reserva em contratação', NULL, 0, NULL, 0, NULL, NULL, NULL, NULL, 0, NULL, NULL, NULL, NULL, NULL, NULL, NULL, 0),
(694, 107, '2014-05-21 17:56:56', NULL, 18, 'Leonardo Haramoto', '957.964.526-49', 'Reserva em contratação', NULL, 0, NULL, 0, NULL, NULL, NULL, NULL, 0, NULL, NULL, NULL, NULL, NULL, NULL, NULL, 0),
(695, 256, '2014-05-21 18:03:24', NULL, 18, 'Alexsandro dos Santos e Eduarda', '401.058.798-94', 'Reserva vendida', 1, NULL, NULL, NULL, NULL, NULL, NULL, NULL, NULL, NULL, NULL, NULL, NULL, NULL, NULL, NULL, 0),
(696, 132, '2014-05-21 18:36:21', NULL, 21, 'Adelar da Cruz e Isabel', '622.088.109-53', 'Reserva em contratação', NULL, 0, NULL, 0, NULL, NULL, NULL, NULL, 0, NULL, NULL, NULL, NULL, NULL, NULL, NULL, 0),
(697, 132, '2014-05-21 18:36:30', NULL, 21, 'Adelar da Cruz e Isabel', '622.088.109-53', 'Reserva vendida', 1, NULL, NULL, NULL, NULL, NULL, NULL, NULL, NULL, NULL, NULL, NULL, NULL, NULL, NULL, NULL, 0),
(698, 252, '2014-05-21 19:13:32', NULL, 33, 'Vanessa Caldeira', '048.213.879-30', 'Reserva em contratação', NULL, 0, NULL, 0, NULL, NULL, NULL, NULL, 0, NULL, NULL, NULL, NULL, NULL, NULL, NULL, 0),
(699, 252, '2014-05-21 19:14:02', NULL, 33, 'Vanessa Caldeira', '048.213.879-30', 'Reserva vendida', 1, NULL, NULL, NULL, NULL, NULL, NULL, NULL, NULL, NULL, NULL, NULL, NULL, NULL, NULL, NULL, 0),
(700, 107, '2014-05-21 19:41:52', NULL, 18, 'Leonardo Haramoto', '957.964.526-49', 'Reserva vendida', 1, NULL, NULL, NULL, NULL, NULL, NULL, NULL, NULL, NULL, NULL, NULL, NULL, NULL, NULL, NULL, 0),
(701, 140, '2014-05-22 11:54:21', NULL, 33, 'Eduardo Heitor Martins', '000.000.222-22', 'Reserva em contratação', NULL, 0, NULL, 0, NULL, NULL, NULL, NULL, 0, NULL, NULL, NULL, NULL, NULL, NULL, NULL, 0),
(702, 254, '2014-05-22 11:55:39', '2014-05-25 21:34:52', 41, 'tamara oliveira', '092.877.716-65', 'Reserva Cancelada', NULL, 0, NULL, 0, NULL, NULL, NULL, NULL, 0, NULL, NULL, NULL, NULL, NULL, NULL, NULL, 0),
(703, 143, '2014-05-22 12:03:31', NULL, 18, 'Ednei Luiz Balduino', '056.682.469-81', 'Reserva em contratação', NULL, 0, NULL, 0, NULL, NULL, NULL, NULL, 0, NULL, NULL, NULL, NULL, NULL, NULL, NULL, 0),
(704, 143, '2014-05-22 12:03:45', NULL, 18, 'Ednei Luiz Balduino', '056.682.469-81', 'Reserva vendida', 1, NULL, NULL, NULL, NULL, NULL, NULL, NULL, NULL, NULL, NULL, NULL, NULL, NULL, NULL, NULL, 0),
(705, 140, '2014-05-22 12:04:14', NULL, 33, 'Eduardo Heitor Martins', '000.000.222-22', 'Reserva vendida', 1, NULL, NULL, NULL, NULL, NULL, NULL, NULL, NULL, NULL, NULL, NULL, NULL, NULL, NULL, NULL, 0),
(706, 74, '2014-05-22 17:16:24', NULL, 41, 'Caroline Gehlen de Jesus', '039.182.309-46', 'Reserva em contratação', NULL, 0, NULL, 0, NULL, NULL, NULL, NULL, 0, NULL, NULL, NULL, NULL, NULL, NULL, NULL, 0),
(707, 184, '2014-05-22 17:31:35', NULL, 43, 'Amanda Aparecida dos Santos', '066.544.469-92', 'Reservado', NULL, 0, NULL, 0, NULL, NULL, NULL, NULL, 0, NULL, NULL, NULL, NULL, NULL, NULL, NULL, 0),
(708, 214, '2014-05-23 10:34:03', NULL, 41, 'Anderson Araujo dos Santos e Estefani', '097.774.339-63', 'Vendido', NULL, 1, NULL, 0, 3000.00, '2014-05-29 13:31:50', NULL, 6700.00, 0, NULL, 335.00, '137000.00', 3000.00, 12390.00, 121610.00, NULL, 1),
(709, 134, '2014-05-23 11:00:12', NULL, 50, 'Remigio Andre Censi', '060.634.789-57', 'Reserva em contratação', NULL, 0, NULL, 0, NULL, NULL, NULL, NULL, 0, NULL, NULL, NULL, NULL, NULL, NULL, NULL, 0),
(710, 134, '2014-05-23 11:00:16', NULL, 50, 'Remigio Andre Censi', '060.634.789-57', 'Reserva vendida', 1, NULL, NULL, NULL, NULL, NULL, NULL, NULL, NULL, NULL, NULL, NULL, NULL, NULL, NULL, NULL, 0),
(711, 74, '2014-05-23 11:22:42', NULL, 41, 'Caroline Gehlen de Jesus', '039.182.309-46', 'Reserva vendida', 1, NULL, NULL, NULL, NULL, NULL, NULL, NULL, NULL, NULL, NULL, NULL, NULL, NULL, NULL, NULL, 0),
(712, 249, '2014-05-23 16:04:04', NULL, 19, 'Wagner Afonso de Souza', '082.464.529-40', 'Reserva em contratação', NULL, 0, NULL, 0, NULL, NULL, NULL, NULL, 0, NULL, NULL, NULL, NULL, NULL, NULL, NULL, 0),
(713, 249, '2014-05-23 16:04:08', NULL, 19, 'Wagner Afonso de Souza', '082.464.529-40', 'Reserva vendida', 1, NULL, NULL, NULL, NULL, NULL, NULL, NULL, NULL, NULL, NULL, NULL, NULL, NULL, NULL, NULL, 0),
(714, 165, '2014-05-23 16:16:30', NULL, 19, 'Rosangela Maria Laurencio', '501.361.789-87', 'Reserva em contratação', NULL, 0, NULL, 0, NULL, NULL, NULL, NULL, 0, NULL, NULL, NULL, NULL, NULL, NULL, NULL, 0),
(715, 165, '2014-05-23 16:16:37', '2014-05-25 21:27:51', 19, 'Rosangela Maria Laurencio', '501.361.789-87', 'Contratação Cancelada', 1, 0, NULL, NULL, NULL, NULL, NULL, NULL, NULL, NULL, NULL, NULL, NULL, NULL, NULL, NULL, 0),
(716, 256, '2014-05-23 18:18:48', NULL, 18, 'Alexsandro dos Santos e Eduarda', '401.058.798-94', 'Vendido', NULL, 1, NULL, 0, NULL, NULL, NULL, 6600.00, 0, NULL, 330.00, '135000.00', 400.00, 11600.00, 123000.00, NULL, 1),
(717, 172, '2014-05-23 19:25:12', NULL, 33, 'Mayckon Ferreira Moura', '051.998.459-50', 'Vendido', NULL, 1, NULL, 0, NULL, NULL, NULL, 6550.00, 0, NULL, 327.50, '134000.00', 1000.00, 11250.00, 121750.00, NULL, 1),
(718, 247, '2014-05-23 20:57:36', NULL, 47, 'Pauro Ricardo Godoi', '074.089.589-32', 'Reserva em contratação', NULL, 0, NULL, 0, NULL, NULL, NULL, NULL, 0, NULL, NULL, NULL, NULL, NULL, NULL, NULL, 0),
(719, 246, '2014-05-23 21:51:21', NULL, 50, 'Almir Cardoso Moreira', '990.608.689-00', 'Reserva em contratação', NULL, 0, NULL, 0, NULL, NULL, NULL, NULL, 0, NULL, NULL, NULL, NULL, NULL, NULL, NULL, 0),
(720, 246, '2014-05-23 21:51:43', NULL, 50, 'Almir Cardoso Moreira', '990.608.689-00', 'Reserva vendida', 1, NULL, NULL, NULL, NULL, NULL, NULL, NULL, NULL, NULL, NULL, NULL, NULL, NULL, NULL, NULL, 0),
(721, 272, '2014-05-24 18:07:04', NULL, 47, 'JANAINA HERIQUETA ESPINDOLA', '072.007.119-42', 'Reserva em contratação', NULL, 0, NULL, 0, NULL, NULL, NULL, NULL, 0, NULL, NULL, NULL, NULL, NULL, NULL, NULL, 0),
(722, 188, '2014-05-24 18:13:55', NULL, 38, 'Daniel Ramos Rosa', '524.175.856-94', 'Reserva em contratação', NULL, 0, NULL, 0, NULL, NULL, NULL, NULL, 0, NULL, NULL, NULL, NULL, NULL, NULL, NULL, 0),
(723, 188, '2014-05-24 20:42:34', '2014-07-18 17:30:08', 38, 'Daniel Ramos Rosa', '524.175.856-94', 'Contratação Cancelada', 1, 0, NULL, NULL, NULL, NULL, NULL, NULL, NULL, NULL, NULL, NULL, NULL, NULL, NULL, NULL, 0),
(724, 129, '2014-05-24 20:53:25', NULL, 19, 's', '859.564.984-65', 'Reserva em contratação', NULL, 0, NULL, 0, NULL, NULL, NULL, NULL, 0, NULL, NULL, NULL, NULL, NULL, NULL, NULL, 0),
(725, 129, '2014-05-24 20:54:06', NULL, 19, 's', '859.564.984-65', 'Reserva vendida', 1, NULL, NULL, NULL, NULL, NULL, NULL, NULL, NULL, NULL, NULL, NULL, NULL, NULL, NULL, NULL, 0),
(726, 228, '2014-05-24 20:55:25', NULL, 38, 'çljklç', '585.555.222-22', 'Reservado', NULL, 0, NULL, 0, NULL, NULL, NULL, NULL, 0, NULL, NULL, NULL, NULL, NULL, NULL, NULL, 0),
(727, 224, '2014-05-24 21:26:06', NULL, 19, 'çlkçlkçlk', '654.654.654-64', 'Reserva em contratação', NULL, 0, NULL, 0, NULL, NULL, NULL, NULL, 0, NULL, NULL, NULL, NULL, NULL, NULL, NULL, 0),
(728, 170, '2014-05-24 21:52:08', NULL, 21, 'KJHOIIH', '985.646.545-11', 'Reserva em contratação', NULL, 0, NULL, 0, NULL, NULL, NULL, NULL, 0, NULL, NULL, NULL, NULL, NULL, NULL, NULL, 0),
(729, 189, '2014-05-24 21:53:23', NULL, 19, 'Fabio', '858.552.555-52', 'Reserva em contratação', NULL, 0, NULL, 0, NULL, NULL, NULL, NULL, 0, NULL, NULL, NULL, NULL, NULL, NULL, NULL, 0),
(730, 248, '2014-05-24 22:15:44', NULL, 43, 'Anilse Madianeira Piecha', '002.789.490-80', 'Reserva em contratação', NULL, 0, NULL, 0, NULL, NULL, NULL, NULL, 0, NULL, NULL, NULL, NULL, NULL, NULL, NULL, 0),
(731, 220, '2014-05-24 23:09:31', NULL, 19, 'Marcio', '027.728.679-43', 'Reservado', NULL, 0, NULL, 0, NULL, NULL, NULL, NULL, 0, NULL, NULL, NULL, NULL, NULL, NULL, NULL, 0),
(732, 223, '2014-05-24 23:26:26', NULL, 19, 'Luana', '076.901.771-93', 'Reservado', NULL, 0, NULL, 0, NULL, NULL, NULL, NULL, 0, NULL, NULL, NULL, NULL, NULL, NULL, NULL, 0),
(733, 185, '2014-05-24 23:34:40', NULL, 19, 'daniel', '086.306.809-03', 'Reservado', NULL, 0, NULL, 0, NULL, NULL, NULL, NULL, 0, NULL, NULL, NULL, NULL, NULL, NULL, NULL, 0),
(734, 173, '2014-05-25 14:52:36', '2014-05-25 14:53:00', 43, 'Juliana Vieira', '072.288.626-86', 'Contratação Cancelada', 1, 0, NULL, NULL, NULL, NULL, NULL, NULL, NULL, NULL, NULL, NULL, NULL, NULL, NULL, NULL, 0),
(735, 173, '2014-05-25 14:53:27', NULL, 38, 'irifkdfjjurrjf', '892.347.193-28', 'Reserva em contratação', NULL, 0, NULL, 0, NULL, NULL, NULL, NULL, 0, NULL, NULL, NULL, NULL, NULL, NULL, NULL, 0),
(736, 178, '2014-05-25 16:02:57', NULL, 38, 'Maickon', '949.494.949-49', 'Reserva em contratação', NULL, 0, NULL, 0, NULL, NULL, NULL, NULL, 0, NULL, NULL, NULL, NULL, NULL, NULL, NULL, 0),
(737, 205, '2014-05-25 18:00:04', '2014-07-18 17:31:55', 19, 'solange', '247.733.281-34', 'Contratação Cancelada', 1, 0, NULL, NULL, NULL, NULL, NULL, NULL, NULL, NULL, NULL, NULL, NULL, NULL, NULL, NULL, 0),
(738, 140, '2014-05-25 18:27:41', NULL, 33, 'Eduardo Heitor Martins', '07091506952', 'Vendido', NULL, 1, NULL, 0, NULL, NULL, NULL, 6750.00, 1, '2014-10-01 18:15:33', 337.50, '138000.00', 2100.00, 12980.00, 122920.00, NULL, 1),
(739, 252, '2014-05-25 18:28:22', NULL, 33, 'Vanessa Caldeira', '048.213.879-30', 'Vendido', NULL, 1, NULL, 0, NULL, NULL, NULL, 6550.00, 0, NULL, 327.50, '134000.00', 1000.00, 13500.00, 119500.00, NULL, 1),
(740, 179, '2014-05-25 19:39:40', '2014-05-30 19:15:13', 20, 'gicelio', '031.016.825-25', 'Reserva Cancelada', NULL, 0, NULL, 0, NULL, NULL, NULL, NULL, 0, NULL, NULL, NULL, NULL, NULL, NULL, NULL, 0),
(741, 241, '2014-05-25 20:19:55', NULL, 40, 'Cristiano', '883.014.202-22', 'Reserva em contratação', NULL, 0, NULL, 0, NULL, NULL, NULL, NULL, 0, NULL, NULL, NULL, NULL, NULL, NULL, NULL, 0),
(742, 165, '2014-05-25 21:28:22', NULL, 21, 'Gabriel Tavares Cassemiro', '088.053.489-37', 'Reserva em contratação', NULL, 0, NULL, 0, NULL, NULL, NULL, NULL, 0, NULL, NULL, NULL, NULL, NULL, NULL, NULL, 0),
(743, 210, '2014-05-25 21:33:25', NULL, 40, 'cris', '758.587.458-58', 'Reserva em contratação', NULL, 0, NULL, 0, NULL, NULL, NULL, NULL, 0, NULL, NULL, NULL, NULL, NULL, NULL, NULL, 0),
(744, 254, '2014-05-25 21:35:13', NULL, 40, 'cris', '206.206.206-20', 'Reserva em contratação', NULL, 0, NULL, 0, NULL, NULL, NULL, NULL, 0, NULL, NULL, NULL, NULL, NULL, NULL, NULL, 0),
(745, 254, '2014-05-25 21:35:20', NULL, 40, 'cris', '206.206.206-20', 'Reserva vendida', 1, NULL, NULL, NULL, NULL, NULL, NULL, NULL, NULL, NULL, NULL, NULL, NULL, NULL, NULL, NULL, 0),
(746, 241, '2014-05-25 21:35:46', NULL, 40, 'Cristiano', '883.014.202-22', 'Reserva vendida', 1, NULL, NULL, NULL, NULL, NULL, NULL, NULL, NULL, NULL, NULL, NULL, NULL, NULL, NULL, NULL, 0),
(747, 216, '2014-05-25 21:36:28', NULL, 40, 'cris', '758.585.858-58', 'Reserva em contratação', NULL, 0, NULL, 0, NULL, NULL, NULL, NULL, 0, NULL, NULL, NULL, NULL, NULL, NULL, NULL, 0),
(748, 216, '2014-05-25 21:36:33', NULL, 40, 'cris', '758.585.858-58', 'Reserva vendida', 1, NULL, NULL, NULL, NULL, NULL, NULL, NULL, NULL, NULL, NULL, NULL, NULL, NULL, NULL, NULL, 0),
(749, 204, '2014-05-25 21:37:34', NULL, 20, 'sandra', '555.555.555-25', 'Reserva em contratação', NULL, 0, NULL, 0, NULL, NULL, NULL, NULL, 0, NULL, NULL, NULL, NULL, NULL, NULL, NULL, 0),
(750, 124, '2014-05-25 21:43:08', NULL, 20, 'sandra', '454.554.878-75', 'Reserva em contratação', NULL, 0, NULL, 0, NULL, NULL, NULL, NULL, 0, NULL, NULL, NULL, NULL, NULL, NULL, NULL, 0),
(751, 124, '2014-05-25 21:43:10', NULL, 20, 'sandra', '454.554.878-75', 'Reserva vendida', 1, NULL, NULL, NULL, NULL, NULL, NULL, NULL, NULL, NULL, NULL, NULL, NULL, NULL, NULL, NULL, 0),
(752, 121, '2014-05-25 21:47:29', NULL, 19, 'evandra', '744.174.444-47', 'Reserva em contratação', NULL, 0, NULL, 0, NULL, NULL, NULL, NULL, 0, NULL, NULL, NULL, NULL, NULL, NULL, NULL, 0),
(753, 138, '2014-05-25 21:48:10', NULL, 38, 'cliente 010', '457.876.965-45', 'Reserva vendida', 1, NULL, NULL, NULL, NULL, NULL, NULL, NULL, NULL, NULL, NULL, NULL, NULL, NULL, NULL, NULL, 0),
(754, 135, '2014-05-25 21:48:51', NULL, 50, 'Rafael Joao Bento', '953.240.979-34', 'Reserva em contratação', NULL, 0, NULL, 0, NULL, NULL, NULL, NULL, 0, NULL, NULL, NULL, NULL, NULL, NULL, NULL, 0),
(755, 135, '2014-05-25 21:48:55', '2014-06-02 21:53:04', 50, 'Rafael Joao Bento', '953.240.979-34', 'Contratação Cancelada', 1, 0, NULL, NULL, NULL, NULL, NULL, NULL, NULL, NULL, NULL, NULL, NULL, NULL, NULL, NULL, 0),
(756, 178, '2014-05-25 21:49:21', NULL, 38, 'Maickon', '949.494.949-49', 'Reserva vendida', 1, NULL, NULL, NULL, NULL, NULL, NULL, NULL, NULL, NULL, NULL, NULL, NULL, NULL, NULL, NULL, 0),
(757, 173, '2014-05-25 21:49:45', NULL, 38, 'irifkdfjjurrjf', '892.347.193-28', 'Reserva vendida', 1, NULL, NULL, NULL, NULL, NULL, NULL, NULL, NULL, NULL, NULL, NULL, NULL, NULL, NULL, NULL, 0),
(758, 251, '2014-05-25 21:50:32', NULL, 38, 'Carlos Andre dos Santos Peixoto', '041.840.524-79', 'Reserva em contratação', NULL, 0, NULL, 0, NULL, NULL, NULL, NULL, 0, NULL, NULL, NULL, NULL, NULL, NULL, NULL, 0),
(759, 251, '2014-05-25 21:50:37', '2014-05-26 16:48:11', 38, 'Carlos Andre dos Santos Peixoto', '041.840.524-79', 'Contratação Cancelada', 1, 0, NULL, NULL, NULL, NULL, NULL, NULL, NULL, NULL, NULL, NULL, NULL, NULL, NULL, NULL, 0),
(760, 247, '2014-05-25 21:50:56', '2014-07-18 17:32:34', 47, 'Pauro Ricardo Godoi', '074.089.589-32', 'Contratação Cancelada', 1, 0, NULL, NULL, NULL, NULL, NULL, NULL, NULL, NULL, NULL, NULL, NULL, NULL, NULL, NULL, 0),
(761, 272, '2014-05-25 21:51:13', '2014-06-02 12:47:39', 47, 'JANAINA HERIQUETA ESPINDOLA', '072.007.119-42', 'Contratação Cancelada', 1, 0, NULL, NULL, NULL, NULL, NULL, NULL, NULL, NULL, NULL, NULL, NULL, NULL, NULL, NULL, 0),
(762, 189, '2014-05-25 21:53:09', NULL, 19, 'Fabio', '858.552.555-52', 'Reserva vendida', 1, NULL, NULL, NULL, NULL, NULL, NULL, NULL, NULL, NULL, NULL, NULL, NULL, NULL, NULL, NULL, 0);
INSERT INTO `historico` (`id`, `apartamento`, `data`, `data_cancelamento`, `usuario`, `cliente_nome`, `cliente_cpf`, `status`, `em_contratacao`, `vendido`, `corretor_pago_meia`, `corretor_pago`, `valor_pago_corretor`, `data_pagamento_corretor`, `data_pagamento_corretor_meia`, `valor_comissao_corretor`, `adm_vendas_pago`, `data_pagamento_adm_vendas`, `valor_pagamento_adm_vendas`, `valor_venda`, `valor_entrada`, `valor_financiado_construtora`, `valor_financiado_caixa`, `data_aprovacao_financiamento`, `ativo`) VALUES
(763, 121, '2014-05-25 21:57:36', NULL, 19, 'evandra', '744.174.444-47', 'Reserva vendida', 1, NULL, NULL, NULL, NULL, NULL, NULL, NULL, NULL, NULL, NULL, NULL, NULL, NULL, NULL, NULL, 0),
(764, 204, '2014-05-25 22:03:29', NULL, 20, 'sandra', '555.555.555-25', 'Reserva vendida', 1, NULL, NULL, NULL, NULL, NULL, NULL, NULL, NULL, NULL, NULL, NULL, NULL, NULL, NULL, NULL, 0),
(765, 248, '2014-05-25 22:03:57', NULL, 43, 'Anilse Madianeira Piecha', '002.789.490-80', 'Reserva vendida', 1, NULL, NULL, NULL, NULL, NULL, NULL, NULL, NULL, NULL, NULL, NULL, NULL, NULL, NULL, NULL, 0),
(766, 171, '2014-05-25 22:04:53', NULL, 40, 'cristiano', '474.747.411-12', 'Reserva em contratação', NULL, 0, NULL, 0, NULL, NULL, NULL, NULL, 0, NULL, NULL, NULL, NULL, NULL, NULL, NULL, 0),
(767, 171, '2014-05-25 22:05:12', '2014-07-03 19:37:10', 40, 'cristiano', '474.747.411-12', 'Contratação Cancelada', 1, 0, NULL, NULL, NULL, NULL, NULL, NULL, NULL, NULL, NULL, NULL, NULL, NULL, NULL, NULL, 0),
(768, 176, '2014-05-25 22:05:41', '2014-05-28 14:05:15', 38, 'cliente 023', '134.597.477-73', 'Contratação Cancelada', 1, 0, NULL, NULL, NULL, NULL, NULL, NULL, NULL, NULL, NULL, NULL, NULL, NULL, NULL, NULL, 0),
(769, 203, '2014-05-25 22:05:59', '2014-07-18 17:31:16', 38, 'cliente 025', '123.456.786-54', 'Contratação Cancelada', 1, 0, NULL, NULL, NULL, NULL, NULL, NULL, NULL, NULL, NULL, NULL, NULL, NULL, NULL, NULL, 0),
(770, 165, '2014-05-25 22:17:52', NULL, 21, 'Gabriel Tavares Cassemiro', '088.053.489-37', 'Reserva vendida', 1, NULL, NULL, NULL, NULL, NULL, NULL, NULL, NULL, NULL, NULL, NULL, NULL, NULL, NULL, NULL, 0),
(771, 210, '2014-05-25 22:18:14', NULL, 40, 'cris', '758.587.458-58', 'Reserva vendida', 1, NULL, NULL, NULL, NULL, NULL, NULL, NULL, NULL, NULL, NULL, NULL, NULL, NULL, NULL, NULL, 0),
(772, 122, '2014-05-25 22:19:54', '2014-07-14 19:23:26', 38, 'cliente 002', '974.597.597-87', 'Contratação Cancelada', 1, 0, NULL, NULL, NULL, NULL, NULL, NULL, NULL, NULL, NULL, NULL, NULL, NULL, NULL, NULL, 0),
(773, 224, '2014-05-25 22:22:42', NULL, 19, 'çlkçlkçlk', '654.654.654-64', 'Reserva vendida', 1, NULL, NULL, NULL, NULL, NULL, NULL, NULL, NULL, NULL, NULL, NULL, NULL, NULL, NULL, NULL, 0),
(774, 255, '2014-05-25 22:23:26', '2014-07-18 17:33:05', 19, 'andre', '001.558.120-92', 'Contratação Cancelada', 1, 0, NULL, NULL, NULL, NULL, NULL, NULL, NULL, NULL, NULL, NULL, NULL, NULL, NULL, NULL, 0),
(775, 131, '2014-05-25 22:24:29', NULL, 19, 'evandra', '852.555.252-52', 'Reserva em contratação', NULL, 0, NULL, 0, NULL, NULL, NULL, NULL, 0, NULL, NULL, NULL, NULL, NULL, NULL, NULL, 0),
(776, 131, '2014-05-25 22:24:34', NULL, 19, 'evandra', '852.555.252-52', 'Reserva vendida', 1, NULL, NULL, NULL, NULL, NULL, NULL, NULL, NULL, NULL, NULL, NULL, NULL, NULL, NULL, NULL, 0),
(777, 243, '2014-05-25 23:06:28', NULL, 50, 'Alex', '999.555.555-55', 'Reserva em contratação', NULL, 0, NULL, 0, NULL, NULL, NULL, NULL, 0, NULL, NULL, NULL, NULL, NULL, NULL, NULL, 0),
(778, 243, '2014-05-25 23:06:31', NULL, 50, 'Alex', '999.555.555-55', 'Reserva vendida', 1, NULL, NULL, NULL, NULL, NULL, NULL, NULL, NULL, NULL, NULL, NULL, NULL, NULL, NULL, NULL, 0),
(779, 123, '2014-05-26 11:43:47', NULL, 50, 'Antonio Carlos Rodrigues', '051.608.499-20', 'Reserva em contratação', NULL, 0, NULL, 0, NULL, NULL, NULL, NULL, 0, NULL, NULL, NULL, NULL, NULL, NULL, NULL, 0),
(780, 123, '2014-05-26 11:43:51', NULL, 50, 'Antonio Carlos Rodrigues', '051.608.499-20', 'Reserva vendida', 1, NULL, NULL, NULL, NULL, NULL, NULL, NULL, NULL, NULL, NULL, NULL, NULL, NULL, NULL, NULL, 0),
(781, 244, '2014-05-26 11:44:59', NULL, 50, 'Maria Aparecida Reis', '414.955.869-87', 'Reserva em contratação', NULL, 0, NULL, 0, NULL, NULL, NULL, NULL, 0, NULL, NULL, NULL, NULL, NULL, NULL, NULL, 0),
(782, 244, '2014-05-26 11:45:03', NULL, 50, 'Maria Aparecida Reis', '414.955.869-87', 'Reserva vendida', 1, NULL, NULL, NULL, NULL, NULL, NULL, NULL, NULL, NULL, NULL, NULL, NULL, NULL, NULL, NULL, 0),
(783, 229, '2014-05-26 13:00:05', NULL, 41, 'fernanda silva', '826.772.661-89', 'Reservado', NULL, 0, NULL, 0, NULL, NULL, NULL, NULL, 0, NULL, NULL, NULL, NULL, NULL, NULL, NULL, 0),
(784, 182, '2014-05-26 13:01:19', NULL, 41, 'eduardo cardozo', '826.256.627-00', 'Reservado', NULL, 0, NULL, 0, NULL, NULL, NULL, NULL, 0, NULL, NULL, NULL, NULL, NULL, NULL, NULL, 0),
(785, 251, '2014-05-26 16:48:37', NULL, 40, 'Wildebrand Kevin de Souza', '086.082.669-46', 'Reserva em contratação', NULL, 0, NULL, 0, NULL, NULL, NULL, NULL, 0, NULL, NULL, NULL, NULL, NULL, NULL, NULL, 0),
(786, 251, '2014-05-26 16:48:41', NULL, 40, 'Wildebrand Kevin de Souza', '086.082.669-46', 'Reserva vendida', 1, NULL, NULL, NULL, NULL, NULL, NULL, NULL, NULL, NULL, NULL, NULL, NULL, NULL, NULL, NULL, 0),
(787, 65, '2014-05-26 17:09:56', NULL, 41, 'ronaldo da silva', '037.628.731-90', 'Reservado', NULL, 0, NULL, 0, NULL, NULL, NULL, NULL, 0, NULL, NULL, NULL, NULL, NULL, NULL, NULL, 0),
(788, 212, '2014-05-26 17:25:48', NULL, 40, 'Cristiano', '999.999.999-96', 'Reserva em contratação', NULL, 0, NULL, 0, NULL, NULL, NULL, NULL, 0, NULL, NULL, NULL, NULL, NULL, NULL, NULL, 0),
(789, 212, '2014-05-26 17:25:53', NULL, 40, 'Cristiano', '999.999.999-96', 'Reserva vendida', 1, NULL, NULL, NULL, NULL, NULL, NULL, NULL, NULL, NULL, NULL, NULL, NULL, NULL, NULL, NULL, 0),
(790, 249, '2014-05-26 18:02:03', NULL, 19, 'Wagner Afonso de Souza', '082.464.529-40', 'Vendido', NULL, 1, NULL, 0, 3000.00, '2014-07-03 14:27:19', NULL, 6650.00, 0, NULL, 332.50, '136000.00', 3000.00, 11500.00, 121500.00, NULL, 1),
(791, 143, '2014-05-26 18:31:07', NULL, 18, 'Ednei Luiz Balduino', '056.682.469-81', 'Vendido', NULL, 1, NULL, 0, 3000.00, '2014-05-27 22:19:18', NULL, 7050.00, 1, '2014-10-09 14:43:23', 352.50, '144000.00', 3000.00, 19020.00, 121980.00, NULL, 1),
(792, 167, '2014-05-26 20:06:09', NULL, 54, 'JOSUÉ', '009.591.289-48', 'Reservado', NULL, 0, NULL, 0, NULL, NULL, NULL, NULL, 0, NULL, NULL, NULL, NULL, NULL, NULL, NULL, 0),
(793, 261, '2014-05-26 20:09:51', '2014-05-27 21:00:11', 54, 'PABLO', '929.485.704-98', 'Reserva Cancelada', NULL, 0, NULL, 0, NULL, NULL, NULL, NULL, 0, NULL, NULL, NULL, NULL, NULL, NULL, NULL, 0),
(794, 125, '2014-05-26 21:30:00', NULL, 21, 'Willian Rahini', '071.122.279-76', 'Reserva em contratação', NULL, 0, NULL, 0, NULL, NULL, NULL, NULL, 0, NULL, NULL, NULL, NULL, NULL, NULL, NULL, 0),
(795, 125, '2014-05-26 21:31:20', NULL, 21, 'Willian Rahini', '071.122.279-76', 'Reserva vendida', 1, NULL, NULL, NULL, NULL, NULL, NULL, NULL, NULL, NULL, NULL, NULL, NULL, NULL, NULL, NULL, 0),
(796, 133, '2014-05-26 21:34:48', NULL, 21, 'Fernando Porto Filho', '351.745.478-83', 'Reserva em contratação', NULL, 0, NULL, 0, NULL, NULL, NULL, NULL, 0, NULL, NULL, NULL, NULL, NULL, NULL, NULL, 0),
(797, 133, '2014-05-26 21:34:54', NULL, 21, 'Fernando Porto Filho', '351.745.478-83', 'Reserva vendida', 1, NULL, NULL, NULL, NULL, NULL, NULL, NULL, NULL, NULL, NULL, NULL, NULL, NULL, NULL, NULL, 0),
(798, 170, '2014-05-27 10:10:54', NULL, 21, 'KJHOIIH', '985.646.545-11', 'Reserva vendida', 1, NULL, NULL, NULL, NULL, NULL, NULL, NULL, NULL, NULL, NULL, NULL, NULL, NULL, NULL, NULL, 0),
(799, 264, '2014-05-27 10:15:44', NULL, 21, 'R', '852.852.852-85', 'Reserva vendida', 1, NULL, NULL, NULL, NULL, NULL, NULL, NULL, NULL, NULL, NULL, NULL, NULL, NULL, NULL, NULL, 0),
(800, 161, '2014-05-27 10:19:16', NULL, 40, 'Alexandre Ferreira e Rebeca', '086.546.864-80', 'Reserva em contratação', NULL, 0, NULL, 0, NULL, NULL, NULL, NULL, 0, NULL, NULL, NULL, NULL, NULL, NULL, NULL, 0),
(801, 208, '2014-05-27 10:20:19', NULL, 21, 'Jean Marie Alves de Araujo', '020.420.421-61', 'Reserva em contratação', NULL, 0, NULL, 0, NULL, NULL, NULL, NULL, 0, NULL, NULL, NULL, NULL, NULL, NULL, NULL, 0),
(802, 208, '2014-05-27 10:20:25', NULL, 21, 'Jean Marie Alves de Araujo', '020.420.421-61', 'Reserva vendida', 1, NULL, NULL, NULL, NULL, NULL, NULL, NULL, NULL, NULL, NULL, NULL, NULL, NULL, NULL, NULL, 0),
(803, 253, '2014-05-27 10:29:07', NULL, 21, 'Robson', '741.852.965-48', 'Reserva vendida', 1, NULL, NULL, NULL, NULL, NULL, NULL, NULL, NULL, NULL, NULL, NULL, NULL, NULL, NULL, NULL, 0),
(804, 128, '2014-05-27 10:30:03', NULL, 21, 'Josué Nogueira Trindade', '079.235.859-70', 'Reserva em contratação', NULL, 0, NULL, 0, NULL, NULL, NULL, NULL, 0, NULL, NULL, NULL, NULL, NULL, NULL, NULL, 0),
(805, 128, '2014-05-27 10:30:07', NULL, 21, 'Josué Nogueira Trindade', '079.235.859-70', 'Reserva vendida', 1, NULL, NULL, NULL, NULL, NULL, NULL, NULL, NULL, NULL, NULL, NULL, NULL, NULL, NULL, NULL, 0),
(806, 168, '2014-05-27 10:31:05', NULL, 21, 'Gilson Fontela', '990.975.160-72', 'Reserva em contratação', NULL, 0, NULL, 0, NULL, NULL, NULL, NULL, 0, NULL, NULL, NULL, NULL, NULL, NULL, NULL, 0),
(807, 168, '2014-05-27 10:31:08', '2014-08-07 19:38:33', 21, 'Gilson Fontela', '990.975.160-72', 'Contratação Cancelada', 1, 0, NULL, NULL, NULL, NULL, NULL, NULL, NULL, NULL, NULL, NULL, NULL, NULL, NULL, NULL, 0),
(808, 213, '2014-05-27 10:31:59', NULL, 21, 'Leonel Pereira da Silva', '050.706.829-70', 'Reserva em contratação', NULL, 0, NULL, 0, NULL, NULL, NULL, NULL, 0, NULL, NULL, NULL, NULL, NULL, NULL, NULL, 0),
(809, 213, '2014-05-27 10:32:09', NULL, 21, 'Leonel Pereira da Silva', '050.706.829-70', 'Reserva vendida', 1, NULL, NULL, NULL, NULL, NULL, NULL, NULL, NULL, NULL, NULL, NULL, NULL, NULL, NULL, NULL, 0),
(810, 245, '2014-05-27 10:33:10', NULL, 21, 'Robson', '741.855.784-55', 'Reserva vendida', 1, NULL, NULL, NULL, NULL, NULL, NULL, NULL, NULL, NULL, NULL, NULL, NULL, NULL, NULL, NULL, 0),
(811, 161, '2014-05-27 11:31:18', NULL, 40, 'Alexandre Ferreira e Rebeca', '086.546.864-80', 'Reserva vendida', 1, NULL, NULL, NULL, NULL, NULL, NULL, NULL, NULL, NULL, NULL, NULL, NULL, NULL, NULL, NULL, 0),
(812, 136, '2014-05-27 11:58:44', NULL, 21, 'Eder Milton Coutinho Pereira', '003.559.530-21', 'Reserva em contratação', NULL, 0, NULL, 0, NULL, NULL, NULL, NULL, 0, NULL, NULL, NULL, NULL, NULL, NULL, NULL, 0),
(813, 136, '2014-05-27 11:58:51', NULL, 21, 'Eder Milton Coutinho Pereira', '003.559.530-21', 'Reserva vendida', 1, NULL, NULL, NULL, NULL, NULL, NULL, NULL, NULL, NULL, NULL, NULL, NULL, NULL, NULL, NULL, 0),
(814, 261, '2014-05-27 21:00:49', NULL, 50, 'Jullye Fiorini de Souza e Henrique', '072.868.299-04', 'Reserva em contratação', NULL, 0, NULL, 0, NULL, NULL, NULL, NULL, 0, NULL, NULL, NULL, NULL, NULL, NULL, NULL, 0),
(815, 261, '2014-05-27 21:00:53', NULL, 50, 'Jullye Fiorini de Souza e Henrique', '072.868.299-04', 'Reserva vendida', 1, NULL, NULL, NULL, NULL, NULL, NULL, NULL, NULL, NULL, NULL, NULL, NULL, NULL, NULL, NULL, 0),
(816, 202, '2014-05-28 03:59:37', NULL, 19, 'Maria', '902.893.677-04', 'Reservado', NULL, 0, NULL, 0, NULL, NULL, NULL, NULL, 0, NULL, NULL, NULL, NULL, NULL, NULL, NULL, 0),
(817, 211, '2014-05-28 04:01:53', '2014-05-28 13:57:57', 19, 'João', '954.933.567-02', 'Reserva Cancelada', NULL, 0, NULL, 0, NULL, NULL, NULL, NULL, 0, NULL, NULL, NULL, NULL, NULL, NULL, NULL, 0),
(818, 242, '2014-05-28 04:02:57', NULL, 19, 'Theo', '007.398.474-03', 'Reservado', NULL, 0, NULL, 0, NULL, NULL, NULL, NULL, 0, NULL, NULL, NULL, NULL, NULL, NULL, NULL, 0),
(819, 180, '2014-05-28 04:04:00', NULL, 19, 'Julia', '025.008.397-01', 'Reservado', NULL, 0, NULL, 0, NULL, NULL, NULL, NULL, 0, NULL, NULL, NULL, NULL, NULL, NULL, NULL, 0),
(820, 259, '2014-05-28 04:05:30', NULL, 19, 'Alberto', '027.003.893-00', 'Reservado', NULL, 0, NULL, 0, NULL, NULL, NULL, NULL, 0, NULL, NULL, NULL, NULL, NULL, NULL, NULL, 0),
(821, 181, '2014-05-28 04:07:14', NULL, 19, 'sandra', '894.332.771-02', 'Reservado', NULL, 0, NULL, 0, NULL, NULL, NULL, NULL, 0, NULL, NULL, NULL, NULL, NULL, NULL, NULL, 0),
(822, 211, '2014-05-28 13:58:13', NULL, 21, 'Robson', '525.254.141-41', 'Reserva em contratação', NULL, 0, NULL, 0, NULL, NULL, NULL, NULL, 0, NULL, NULL, NULL, NULL, NULL, NULL, NULL, 0),
(823, 211, '2014-05-28 13:58:16', NULL, 21, 'Robson', '525.254.141-41', 'Reserva vendida', 1, NULL, NULL, NULL, NULL, NULL, NULL, NULL, NULL, NULL, NULL, NULL, NULL, NULL, NULL, NULL, 0),
(824, 176, '2014-05-28 14:05:44', NULL, 40, 'Cristina Aparecida Ribeiro', '914.659.239-34', 'Reserva em contratação', NULL, 0, NULL, 0, NULL, NULL, NULL, NULL, 0, NULL, NULL, NULL, NULL, NULL, NULL, NULL, 0),
(825, 176, '2014-05-28 14:05:49', NULL, 40, 'Cristina Aparecida Ribeiro', '914.659.239-34', 'Reserva vendida', 1, NULL, NULL, NULL, NULL, NULL, NULL, NULL, NULL, NULL, NULL, NULL, NULL, NULL, NULL, NULL, 0),
(826, 162, '2014-05-28 15:35:55', NULL, 40, 'thomaz', '069.305.439-50', 'Reserva em contratação', NULL, 0, NULL, 0, NULL, NULL, NULL, NULL, 0, NULL, NULL, NULL, NULL, NULL, NULL, NULL, 0),
(827, 269, '2014-05-28 16:05:30', NULL, 21, 'Samara Mello Pereira', '077.547.209-30', 'Reserva em contratação', NULL, 0, NULL, 0, NULL, NULL, NULL, NULL, 0, NULL, NULL, NULL, NULL, NULL, NULL, NULL, 0),
(828, 142, '2014-05-28 16:35:30', NULL, 41, 'Gabriel de oliveira', '089.692.389-48', 'Reservado', NULL, 0, NULL, 0, NULL, NULL, NULL, NULL, 0, NULL, NULL, NULL, NULL, NULL, NULL, NULL, 0),
(829, 139, '2014-05-28 16:44:06', NULL, 41, 'Carla Fiorentim', '937.626.771-67', 'Reservado', NULL, 0, NULL, 0, NULL, NULL, NULL, NULL, 0, NULL, NULL, NULL, NULL, NULL, NULL, NULL, 0),
(830, 126, '2014-05-28 16:44:59', '2014-05-30 12:07:35', 41, 'Beatriz Dal cero', '038.726.387-23', 'Reserva Cancelada', NULL, 0, NULL, 0, NULL, NULL, NULL, NULL, 0, NULL, NULL, NULL, NULL, NULL, NULL, NULL, 0),
(831, 219, '2014-05-28 16:46:12', NULL, 41, 'Fernando Cristovam', '038.726.425-89', 'Reservado', NULL, 0, NULL, 0, NULL, NULL, NULL, NULL, 0, NULL, NULL, NULL, NULL, NULL, NULL, NULL, 0),
(832, 206, '2014-05-29 13:45:10', '2014-05-30 21:44:29', 21, 'Luiz Carlos Maba', '832.088.609-00', 'Reserva Cancelada', NULL, 0, NULL, 0, NULL, NULL, NULL, NULL, 0, NULL, NULL, NULL, NULL, NULL, NULL, NULL, 0),
(833, 225, '2014-05-29 15:09:12', NULL, 21, 'Vilmar ZVETCH', '038.673.149-77', 'Reserva em contratação', NULL, 0, NULL, 0, NULL, NULL, NULL, NULL, 0, NULL, NULL, NULL, NULL, NULL, NULL, NULL, 0),
(834, 260, '2014-05-29 15:46:54', '2014-06-04 10:35:00', 21, 'Tiago Borges', '091.916.469-28', 'Reserva Cancelada', NULL, 0, NULL, 0, NULL, NULL, NULL, NULL, 0, NULL, NULL, NULL, NULL, NULL, NULL, NULL, 0),
(835, 74, '2014-05-29 16:03:42', NULL, 41, 'Caroline Gehlen de Jesus', '039.182.309-46', 'Vendido', NULL, 1, NULL, 0, 7450.00, '2014-09-30 12:08:52', NULL, 7450.00, 1, '2014-07-11 20:08:53', 372.50, '152000.00', 3000.00, 34388.00, 114612.00, NULL, 1),
(836, 61, '2014-05-29 16:06:53', NULL, 33, 'Miguel Luiz Mendes Nunes', '02492787311', 'Vendido', NULL, 1, NULL, 0, 6600.00, '2014-10-02 13:31:00', NULL, 6600.00, 1, '2014-07-11 19:45:25', 330.00, '135000.00', 3000.00, 12750.00, 119250.00, NULL, 1),
(837, 163, '2014-05-29 16:52:11', NULL, 38, 'cliente Araujo 001', '045.683.839-93', 'Reservado', NULL, 0, NULL, 0, NULL, NULL, NULL, NULL, 0, NULL, NULL, NULL, NULL, NULL, NULL, NULL, 0),
(838, 162, '2014-05-29 17:08:17', NULL, 40, 'thomaz', '069.305.439-50', 'Reserva vendida', 1, NULL, NULL, NULL, NULL, NULL, NULL, NULL, NULL, NULL, NULL, NULL, NULL, NULL, NULL, NULL, 0),
(839, 207, '2014-05-29 19:31:21', '2014-06-04 20:53:29', 50, 'Thiago Felipe da Costa', '789.098.345-00', 'Reserva Cancelada', NULL, 0, NULL, 0, NULL, NULL, NULL, NULL, 0, NULL, NULL, NULL, NULL, NULL, NULL, NULL, 0),
(840, 248, '2014-05-29 20:44:51', NULL, 43, 'Anilse Madianeira Piecha', '002.789.490-80', 'Vendido', NULL, 1, NULL, 0, 3000.00, '2014-06-04 12:18:29', NULL, 6350.00, 0, NULL, 317.50, '130000.00', 3000.00, 2876.00, 124124.00, NULL, 1),
(841, 268, '2014-05-29 22:02:25', NULL, 21, 'Samara Mello Pereira', '334.363.532-42', 'Reserva em contratação', NULL, 0, NULL, 0, NULL, NULL, NULL, NULL, 0, NULL, NULL, NULL, NULL, NULL, NULL, NULL, 0),
(842, 215, '2014-05-29 23:04:12', NULL, 38, 'cliente gente boa', '989.379.486-38', 'Reservado', NULL, 0, NULL, 0, NULL, NULL, NULL, NULL, 0, NULL, NULL, NULL, NULL, NULL, NULL, NULL, 0),
(843, 174, '2014-05-29 23:06:05', NULL, 38, 'cliente jota', '783.854.837-38', 'Reservado', NULL, 0, NULL, 0, NULL, NULL, NULL, NULL, 0, NULL, NULL, NULL, NULL, NULL, NULL, NULL, 0),
(844, 144, '2014-05-29 23:08:36', NULL, 38, 'cliente do jonathan', '793.387.746-56', 'Reserva em contratação', NULL, 0, NULL, 0, NULL, NULL, NULL, NULL, 0, NULL, NULL, NULL, NULL, NULL, NULL, NULL, 0),
(845, 126, '2014-05-30 12:08:25', NULL, 33, 'Fabricio Berlatto da Silva', '070.439.079-50', 'Reserva em contratação', NULL, 0, NULL, 0, NULL, NULL, NULL, NULL, 0, NULL, NULL, NULL, NULL, NULL, NULL, NULL, 0),
(846, 126, '2014-05-30 12:08:31', '2014-06-03 16:44:22', 33, 'Fabricio Berlatto da Silva', '070.439.079-50', 'Contratação Cancelada', 1, 0, NULL, NULL, NULL, NULL, NULL, NULL, NULL, NULL, NULL, NULL, NULL, NULL, NULL, NULL, 0),
(847, 144, '2014-05-30 14:10:53', NULL, 38, 'cliente do jonathan', '793.387.746-56', 'Reserva vendida', 1, NULL, NULL, NULL, NULL, NULL, NULL, NULL, NULL, NULL, NULL, NULL, NULL, NULL, NULL, NULL, 0),
(848, 184, '2014-05-30 17:44:33', NULL, 43, 'Amanda Aparecida dos Santos', '034.284.893-27', 'Reservado', NULL, 0, NULL, 0, NULL, NULL, NULL, NULL, 0, NULL, NULL, NULL, NULL, NULL, NULL, NULL, 0),
(849, 179, '2014-05-30 19:15:34', NULL, 21, 'Sandro Murilo Santos', '657.375.719-04', 'Reserva em contratação', NULL, 0, NULL, 0, NULL, NULL, NULL, NULL, 0, NULL, NULL, NULL, NULL, NULL, NULL, NULL, 0),
(850, 179, '2014-05-30 19:15:46', NULL, 21, 'Sandro Murilo Santos', '657.375.719-04', 'Reserva vendida', 1, NULL, NULL, NULL, NULL, NULL, NULL, NULL, NULL, NULL, NULL, NULL, NULL, NULL, NULL, NULL, 0),
(851, 258, '2014-05-30 19:51:12', NULL, 19, 'Luis Otavio Bilicki e Jessica Jacintho', '07057696906', 'Vendido', NULL, 1, NULL, 0, 3000.00, '2014-06-17 16:26:15', NULL, 7050.00, 0, NULL, 352.50, '144000.00', 1000.00, 19624.00, 123376.00, NULL, 1),
(852, 268, '2014-05-30 20:06:42', NULL, 21, 'Samara Mello Pereira', '334.363.532-42', 'Reserva vendida', 1, NULL, NULL, NULL, NULL, NULL, NULL, NULL, NULL, NULL, NULL, NULL, NULL, NULL, NULL, NULL, 0),
(853, 269, '2014-05-30 20:07:14', NULL, 21, 'Samara Mello Pereira', '077.547.209-30', 'Reserva vendida', 1, NULL, NULL, NULL, NULL, NULL, NULL, NULL, NULL, NULL, NULL, NULL, NULL, NULL, NULL, NULL, 0),
(854, 206, '2014-05-30 21:46:04', NULL, 50, 'Tiago Borges', '091.916.469-29', 'Reserva em contratação', NULL, 0, NULL, 0, NULL, NULL, NULL, NULL, 0, NULL, NULL, NULL, NULL, NULL, NULL, NULL, 0),
(855, 206, '2014-05-30 21:46:08', NULL, 50, 'Tiago Borges', '091.916.469-29', 'Reserva vendida', 1, NULL, NULL, NULL, NULL, NULL, NULL, NULL, NULL, NULL, NULL, NULL, NULL, NULL, NULL, NULL, 0),
(856, 166, '2014-05-31 13:25:20', NULL, 41, 'francisco araujo', '027.726.666-78', 'Reservado', NULL, 0, NULL, 0, NULL, NULL, NULL, NULL, 0, NULL, NULL, NULL, NULL, NULL, NULL, NULL, 0),
(857, 127, '2014-05-31 14:30:32', NULL, 41, 'Luiz Felipe Pedro', '080.757.499-60', 'Reservado', NULL, 0, NULL, 0, NULL, NULL, NULL, NULL, 0, NULL, NULL, NULL, NULL, NULL, NULL, NULL, 0),
(858, 137, '2014-05-31 23:19:15', NULL, 19, 'Márcia', '944.566.322-04', 'Reservado', NULL, 0, NULL, 0, NULL, NULL, NULL, NULL, 0, NULL, NULL, NULL, NULL, NULL, NULL, NULL, 0),
(859, 145, '2014-05-31 23:25:41', NULL, 19, 'Julia', '922.433.566-02', 'Reservado', NULL, 0, NULL, 0, NULL, NULL, NULL, NULL, 0, NULL, NULL, NULL, NULL, NULL, NULL, NULL, 0),
(860, 131, '2014-06-02 14:16:14', NULL, 19, 'Andrya Lima da Silveira Menna e Leonardo', '85076511000', 'Vendido', NULL, 1, NULL, 0, 3000.00, '2014-07-03 14:28:12', NULL, 6700.00, 1, '2014-10-09 14:41:07', 335.00, '137000.00', 3000.00, 16000.00, 118000.00, NULL, 1),
(861, 220, '2014-06-02 17:40:52', '2014-06-03 18:22:06', 20, 'Marcio', '009.234.568-90', 'Reserva Cancelada', NULL, 0, NULL, 0, NULL, NULL, NULL, NULL, 0, NULL, NULL, NULL, NULL, NULL, NULL, NULL, 0),
(862, 223, '2014-06-02 17:41:51', NULL, 20, 'Aline', '987.345.678-43', 'Reservado', NULL, 0, NULL, 0, NULL, NULL, NULL, NULL, 0, NULL, NULL, NULL, NULL, NULL, NULL, NULL, 0),
(863, 185, '2014-06-02 17:43:50', NULL, 20, 'Micheli', '897.908.567-43', 'Reservado', NULL, 0, NULL, 0, NULL, NULL, NULL, NULL, 0, NULL, NULL, NULL, NULL, NULL, NULL, NULL, 0),
(864, 224, '2014-06-02 18:41:59', NULL, 19, 'Evandro Murilo de Borba', '06041304905', 'Vendido', NULL, 1, NULL, 0, 3000.00, '2014-07-03 14:27:33', NULL, 6850.00, 0, NULL, 342.50, '140000.00', 3000.00, 7992.00, 129008.00, NULL, 1),
(865, 135, '2014-06-02 21:53:35', '2014-06-05 19:16:31', 50, 'Alex', '748.555.555-55', 'Reserva Cancelada', NULL, 0, NULL, 0, NULL, NULL, NULL, NULL, 0, NULL, NULL, NULL, NULL, NULL, NULL, NULL, 0),
(866, 216, '2014-06-02 22:12:53', NULL, 40, 'Michaela ires Cabelleira', '95887407034', 'Vendido', NULL, 1, NULL, 0, 3000.00, '2014-08-04 17:05:22', NULL, 6650.00, 0, NULL, 332.50, '136000.00', 3000.00, 9900.00, 123100.00, NULL, 1),
(867, 228, '2014-06-02 22:14:33', NULL, 38, 'Daniel Emilio Ramos Rosa', '059.306.149-70', 'Reserva vendida', NULL, 0, NULL, 0, NULL, NULL, NULL, NULL, 0, NULL, NULL, NULL, NULL, NULL, NULL, NULL, 0),
(868, 228, '2014-06-02 22:14:55', NULL, 38, 'Daniel Emilio Ramos Rosa', '059.306.149-70', 'Vendido', NULL, 1, NULL, 0, 1000.00, '2014-08-04 17:05:52', NULL, 6900.00, 0, NULL, 345.00, '141000.00', 1000.00, 29000.00, 111000.00, NULL, 1),
(869, 246, '2014-06-02 22:17:52', NULL, 50, 'Almir Cardoso Moreira', '990.608.689-00', 'Vendido', NULL, 1, NULL, 0, 3000.00, '2014-08-04 17:12:01', NULL, 6700.00, 0, NULL, 335.00, '137000.00', 3000.00, 14160.00, 119840.00, NULL, 1),
(870, 134, '2014-06-02 22:18:56', NULL, 50, 'Remigio Andre Censi', '060.634.789-57', 'Vendido', NULL, 1, NULL, 0, 6700.00, '2014-09-25 20:02:16', NULL, 6700.00, 1, '2014-10-09 14:41:28', 335.00, '137000.00', 3000.00, 11190.00, 122810.00, NULL, 1),
(871, 178, '2014-06-02 22:20:12', NULL, 38, 'Mayckon Luiz de Pin', '05977714998', 'Vendido', NULL, 1, NULL, 0, 3000.00, '2014-08-04 16:58:55', NULL, 7050.00, 0, NULL, 352.50, '144000.00', 3000.00, 22980.00, 118020.00, NULL, 1),
(872, 173, '2014-06-02 22:21:21', NULL, 38, 'Christian de Oliveira da Silva', '08997490974', 'Vendido', NULL, 1, 1, 0, NULL, NULL, '2014-08-04 16:58:06', 6500.00, 0, NULL, 325.00, '133000.00', 10000.00, 7575.00, 115425.00, NULL, 1),
(873, 217, '2014-06-03 16:40:08', NULL, 33, 'Fabricio Berlatto da Silva', '741.444.444-44', 'Reserva em contratação', NULL, 0, NULL, 0, NULL, NULL, NULL, NULL, 0, NULL, NULL, NULL, NULL, NULL, NULL, NULL, 0),
(874, 217, '2014-06-03 16:40:14', NULL, 33, 'Fabricio Berlatto da Silva', '741.444.444-44', 'Reserva vendida', 1, NULL, NULL, NULL, NULL, NULL, NULL, NULL, NULL, NULL, NULL, NULL, NULL, NULL, NULL, NULL, 0),
(875, 244, '2014-06-03 16:42:24', NULL, 50, 'Maria Aparecida Reis', '414.955.869-87', 'Vendido', NULL, 1, NULL, 0, 3000.00, '2014-08-04 17:11:33', NULL, 6350.00, 0, NULL, 317.50, '130000.00', 3000.00, 8960.00, 118040.00, NULL, 1),
(876, 218, '2014-06-03 17:51:07', NULL, 54, 'Malena', '049.940.979-50', 'Reserva em contratação', NULL, 0, NULL, 0, NULL, NULL, NULL, NULL, 0, NULL, NULL, NULL, NULL, NULL, NULL, NULL, 0),
(877, 126, '2014-06-03 17:54:42', '2014-06-05 19:15:29', 43, 'Francili Piccoli ', '041.146.859-60', 'Reserva Cancelada', NULL, 0, NULL, 0, NULL, NULL, NULL, NULL, 0, NULL, NULL, NULL, NULL, NULL, NULL, NULL, 0),
(878, 220, '2014-06-03 18:23:02', NULL, 40, 'Adelaine Raitz Zandonai', '042.098.599-90', 'Reserva em contratação', NULL, 0, NULL, 0, NULL, NULL, NULL, NULL, 0, NULL, NULL, NULL, NULL, NULL, NULL, NULL, 0),
(879, 220, '2014-06-03 18:23:06', NULL, 40, 'Adelaine Raitz Zandonai', '042.098.599-90', 'Reserva vendida', 1, NULL, NULL, NULL, NULL, NULL, NULL, NULL, NULL, NULL, NULL, NULL, NULL, NULL, NULL, NULL, 0),
(880, 213, '2014-06-03 18:44:44', NULL, 21, 'Leonel Pereira da Silva', '050.706.829-70', 'Vendido', NULL, 1, NULL, 0, 3000.00, '2014-08-04 17:05:11', NULL, 6550.00, 0, NULL, 327.50, '134000.00', 3000.00, 9352.00, 121648.00, NULL, 1),
(881, 243, '2014-06-03 18:45:59', NULL, 50, 'Luzia Marcelina Bezerra e Fabiola', '70052140997', 'Vendido', NULL, 1, 1, 0, NULL, NULL, '2014-08-04 17:10:04', 6450.00, 0, NULL, 322.50, '132000.00', 4000.00, 9900.00, 118100.00, NULL, 1),
(882, 260, '2014-06-04 10:35:40', NULL, 40, 'Fernando Luiz Vieira', '033.546.139-55', 'Reserva em contratação', NULL, 0, NULL, 0, NULL, NULL, NULL, NULL, 0, NULL, NULL, NULL, NULL, NULL, NULL, NULL, 0),
(883, 260, '2014-06-04 10:36:08', NULL, 40, 'Fernando Luiz Vieira', '033.546.139-55', 'Reserva vendida', 1, NULL, NULL, NULL, NULL, NULL, NULL, NULL, NULL, NULL, NULL, NULL, NULL, NULL, NULL, NULL, 0),
(884, 86, '2014-06-04 10:44:26', NULL, 38, 'Andre Antonio de Lima', '076.475.009-70', 'Reserva em contratação', NULL, 0, NULL, 0, NULL, NULL, NULL, NULL, 0, NULL, NULL, NULL, NULL, NULL, NULL, NULL, 0),
(885, 86, '2014-06-04 10:44:32', NULL, 38, 'Andre Antonio de Lima', '076.475.009-70', 'Reserva vendida', 1, NULL, NULL, NULL, NULL, NULL, NULL, NULL, NULL, NULL, NULL, NULL, NULL, NULL, NULL, NULL, 0),
(886, 207, '2014-06-04 20:53:58', NULL, 21, 'Kaio Vinicius da Silva Rufino e Gabriela', '074.999.279-46', 'Reserva em contratação', NULL, 0, NULL, 0, NULL, NULL, NULL, NULL, 0, NULL, NULL, NULL, NULL, NULL, NULL, NULL, 0),
(887, 207, '2014-06-04 20:54:03', NULL, 21, 'Kaio Vinicius da Silva Rufino e Gabriela', '074.999.279-46', 'Reserva vendida', 1, NULL, NULL, NULL, NULL, NULL, NULL, NULL, NULL, NULL, NULL, NULL, NULL, NULL, NULL, NULL, 0),
(888, 218, '2014-06-04 20:55:10', NULL, 54, 'Malena', '049.940.979-50', 'Reserva vendida', 1, NULL, NULL, NULL, NULL, NULL, NULL, NULL, NULL, NULL, NULL, NULL, NULL, NULL, NULL, NULL, 0),
(889, 242, '2014-06-05 04:03:45', NULL, 19, 'Julia', '677.455.398-00', 'Reservado', NULL, 0, NULL, 0, NULL, NULL, NULL, NULL, 0, NULL, NULL, NULL, NULL, NULL, NULL, NULL, 0),
(890, 202, '2014-06-05 04:05:01', NULL, 19, 'Luiz', '123.564.999-01', 'Reservado', NULL, 0, NULL, 0, NULL, NULL, NULL, NULL, 0, NULL, NULL, NULL, NULL, NULL, NULL, NULL, 0),
(891, 180, '2014-06-05 04:06:02', NULL, 19, 'maria', '467.987.633-00', 'Reservado', NULL, 0, NULL, 0, NULL, NULL, NULL, NULL, 0, NULL, NULL, NULL, NULL, NULL, NULL, NULL, 0),
(892, 259, '2014-06-05 04:07:13', NULL, 19, 'sandra', '768.556.433-02', 'Reservado', NULL, 0, NULL, 0, NULL, NULL, NULL, NULL, 0, NULL, NULL, NULL, NULL, NULL, NULL, NULL, 0),
(893, 181, '2014-06-05 04:08:26', NULL, 19, 'miria', '154.733.899-00', 'Reservado', NULL, 0, NULL, 0, NULL, NULL, NULL, NULL, 0, NULL, NULL, NULL, NULL, NULL, NULL, NULL, 0),
(894, 225, '2014-06-05 13:51:34', NULL, 21, 'Vilmar ZVETCH', '038.673.149-77', 'Reserva vendida', 1, NULL, NULL, NULL, NULL, NULL, NULL, NULL, NULL, NULL, NULL, NULL, NULL, NULL, NULL, NULL, 0),
(895, 142, '2014-06-05 17:03:58', NULL, 43, 'Jeferson bellé', '098.376.468-23', 'Reservado', NULL, 0, NULL, 0, NULL, NULL, NULL, NULL, 0, NULL, NULL, NULL, NULL, NULL, NULL, NULL, 0),
(896, 126, '2014-06-05 19:15:52', NULL, 21, 'Pamela Schaffer', '097.075.099-45', 'Reserva em contratação', NULL, 0, NULL, 0, NULL, NULL, NULL, NULL, 0, NULL, NULL, NULL, NULL, NULL, NULL, NULL, 0),
(897, 126, '2014-06-05 19:15:58', NULL, 21, 'Pamela Schaffer', '097.075.099-45', 'Reserva vendida', 1, NULL, NULL, NULL, NULL, NULL, NULL, NULL, NULL, NULL, NULL, NULL, NULL, NULL, NULL, NULL, 0),
(898, 135, '2014-06-05 19:17:01', NULL, 21, 'Leandro Marcelo Alves Ribeiro e Jaqueline', '004.622.909-48', 'Reserva em contratação', NULL, 0, NULL, 0, NULL, NULL, NULL, NULL, 0, NULL, NULL, NULL, NULL, NULL, NULL, NULL, 0),
(899, 135, '2014-06-05 19:17:05', NULL, 21, 'Leandro Marcelo Alves Ribeiro e Jaqueline', '004.622.909-48', 'Reserva vendida', 1, NULL, NULL, NULL, NULL, NULL, NULL, NULL, NULL, NULL, NULL, NULL, NULL, NULL, NULL, NULL, 0),
(900, 165, '2014-06-06 13:19:04', NULL, 21, 'Gabriel Tavares Cassemiro', '088.053.489-37', 'Vendido', NULL, 1, NULL, 0, 3000.00, '2014-08-04 16:57:45', NULL, 6300.00, 0, NULL, 315.00, '129000.00', 2000.00, 7820.00, 119180.00, NULL, 1),
(901, 211, '2014-06-06 13:25:51', NULL, 21, 'Maria Cilene Delucas', '67326714991', 'Vendido', NULL, 1, NULL, 0, 1200.00, '2014-08-04 17:03:51', NULL, 6700.00, 0, NULL, 335.00, '137000.00', 1200.00, 3000.00, 132800.00, NULL, 1),
(902, 163, '2014-06-06 18:11:43', NULL, 33, 'nei', '987.654.876-91', 'Reserva em contratação', NULL, 0, NULL, 0, NULL, NULL, NULL, NULL, 0, NULL, NULL, NULL, NULL, NULL, NULL, NULL, 0),
(903, 163, '2014-06-06 18:55:22', NULL, 33, 'nei', '987.654.876-91', 'Reserva vendida', 1, NULL, NULL, NULL, NULL, NULL, NULL, NULL, NULL, NULL, NULL, NULL, NULL, NULL, NULL, NULL, 0),
(904, 192, '2014-06-06 21:57:09', NULL, 43, 'victor traujas', '088.953.669-48', 'Reservado', NULL, 0, NULL, 0, NULL, NULL, NULL, NULL, 0, NULL, NULL, NULL, NULL, NULL, NULL, NULL, 0),
(905, 263, '2014-06-07 15:14:41', NULL, 50, 'Ivo Humberto Kreusch', '649.738.599-15', 'Reserva em contratação', NULL, 0, NULL, 0, NULL, NULL, NULL, NULL, 0, NULL, NULL, NULL, NULL, NULL, NULL, NULL, 0),
(906, 263, '2014-06-09 10:48:40', NULL, 50, 'Ivo Humberto Kreusch', '649.738.599-15', 'Reserva vendida', 1, NULL, NULL, NULL, NULL, NULL, NULL, NULL, NULL, NULL, NULL, NULL, NULL, NULL, NULL, NULL, 0),
(907, 174, '2014-06-09 13:52:54', NULL, 41, 'adriana feter', '287.662.662-90', 'Reservado', NULL, 0, NULL, 0, NULL, NULL, NULL, NULL, 0, NULL, NULL, NULL, NULL, NULL, NULL, NULL, 0),
(908, 125, '2014-06-09 14:18:03', NULL, 21, 'Willian Rahini', '071.122.279-76', 'Vendido', NULL, 1, NULL, 0, 6350.00, '2014-09-25 19:59:25', NULL, 6350.00, 1, '2014-10-09 14:33:11', 317.50, '130000.00', 2000.00, 7015.00, 120985.00, NULL, 1),
(909, 269, '2014-06-09 14:19:15', NULL, 21, 'Rosemeri Alves Tives', '91469791900', 'Vendido', NULL, 1, NULL, 0, 3000.00, '2014-08-04 17:13:49', NULL, 6850.00, 0, NULL, 342.50, '140000.00', 3000.00, 18340.00, 118660.00, NULL, 1),
(910, 206, '2014-06-09 16:34:47', NULL, 50, 'Tiago Borges', '091.916.469-29', 'Vendido', NULL, 1, NULL, 0, 3000.00, '2014-08-04 17:03:19', NULL, 6450.00, 0, NULL, 322.50, '132000.00', 3000.00, 9940.00, 119060.00, NULL, 1),
(911, 127, '2014-06-09 16:48:57', NULL, 50, 'alex', '869.061.359-53', 'Reservado', NULL, 0, NULL, 0, NULL, NULL, NULL, NULL, 0, NULL, NULL, NULL, NULL, NULL, NULL, NULL, 0),
(912, 215, '2014-06-09 17:37:43', NULL, 34, 'debora', '006.875.679-80', 'Reservado', NULL, 0, NULL, 0, NULL, NULL, NULL, NULL, 0, NULL, NULL, NULL, NULL, NULL, NULL, NULL, 0),
(913, 217, '2014-06-09 18:21:58', NULL, 33, 'Fabricio Berlatto da Silva', '07043907950', 'Vendido', NULL, 1, NULL, 0, 3000.00, '2014-06-24 17:02:57', NULL, 6850.00, 0, NULL, 342.50, '140000.00', 3000.00, 13950.00, 123050.00, NULL, 1),
(914, 175, '2014-06-09 19:38:13', NULL, 54, 'José', '853.215.839-00', 'Reservado', NULL, 0, NULL, 0, NULL, NULL, NULL, NULL, 0, NULL, NULL, NULL, NULL, NULL, NULL, NULL, 0),
(915, 218, '2014-06-10 13:28:05', NULL, 54, 'Marilisa de Paula Machado e Mauri', '61833266900', 'Vendido', NULL, 1, NULL, 0, 3000.00, '2014-06-12 11:37:06', NULL, 7050.00, 0, NULL, 352.50, '144000.00', 3000.00, 18600.00, 122400.00, NULL, 1),
(916, 183, '2014-06-10 13:33:29', NULL, 54, 'Roma', '058.098.259-90', 'Reservado', NULL, 0, NULL, 0, NULL, NULL, NULL, NULL, 0, NULL, NULL, NULL, NULL, NULL, NULL, NULL, 0),
(917, 184, '2014-06-10 16:40:47', NULL, 43, 'Amanda Aparecida dos Santos', '378.242.346-23', 'Reservado', NULL, 0, NULL, 0, NULL, NULL, NULL, NULL, 0, NULL, NULL, NULL, NULL, NULL, NULL, NULL, 0),
(918, 223, '2014-06-10 18:16:45', NULL, 20, 'Jaime Lamin', '119.311.193-11', 'Reserva em contratação', NULL, 0, NULL, 0, NULL, NULL, NULL, NULL, 0, NULL, NULL, NULL, NULL, NULL, NULL, NULL, 0),
(919, 137, '2014-06-10 18:29:36', NULL, 41, 'adriana feter', '028.771.666-78', 'Reservado', NULL, 0, NULL, 0, NULL, NULL, NULL, NULL, 0, NULL, NULL, NULL, NULL, NULL, NULL, NULL, 0),
(920, 222, '2014-06-10 18:30:24', NULL, 41, 'fernando teixeira', '827.762.551-44', 'Reservado', NULL, 0, NULL, 0, NULL, NULL, NULL, NULL, 0, NULL, NULL, NULL, NULL, NULL, NULL, NULL, 0),
(921, 182, '2014-06-10 18:31:04', NULL, 41, 'keli cristina', '817.166.615-51', 'Reservado', NULL, 0, NULL, 0, NULL, NULL, NULL, NULL, 0, NULL, NULL, NULL, NULL, NULL, NULL, NULL, 0),
(922, 166, '2014-06-10 18:31:39', NULL, 41, 'gelson fernadez', '827.651.551-56', 'Reservado', NULL, 0, NULL, 0, NULL, NULL, NULL, NULL, 0, NULL, NULL, NULL, NULL, NULL, NULL, NULL, 0),
(923, 229, '2014-06-10 18:32:40', NULL, 41, 'tereza augusto', '827.266.256-90', 'Reservado', NULL, 0, NULL, 0, NULL, NULL, NULL, NULL, 0, NULL, NULL, NULL, NULL, NULL, NULL, NULL, 0),
(924, 219, '2014-06-10 19:32:25', '2014-06-12 13:30:29', 46, 'edson', '071.312.909-39', 'Reserva Cancelada', NULL, 0, NULL, 0, NULL, NULL, NULL, NULL, 0, NULL, NULL, NULL, NULL, NULL, NULL, NULL, 0),
(925, 272, '2014-06-10 20:42:21', NULL, 41, 'Marcio Furlanetto', '040.936.769-92', 'Reserva em contratação', NULL, 0, NULL, 0, NULL, NULL, NULL, NULL, 0, NULL, NULL, NULL, NULL, NULL, NULL, NULL, 0),
(926, 145, '2014-06-10 21:46:35', NULL, 19, 'Serena', '009.578.455-02', 'Reservado', NULL, 0, NULL, 0, NULL, NULL, NULL, NULL, 0, NULL, NULL, NULL, NULL, NULL, NULL, NULL, 0),
(927, 232, '2014-06-10 21:51:12', NULL, 19, 'Theo', '029.566.344-01', 'Reservado', NULL, 0, NULL, 0, NULL, NULL, NULL, NULL, 0, NULL, NULL, NULL, NULL, NULL, NULL, NULL, 0),
(928, 220, '2014-06-11 14:24:21', NULL, 40, 'Adelaine Raitz Zandonai', '042.098.599-90', 'Vendido', NULL, 1, 1, 0, NULL, NULL, '2014-08-04 17:05:30', 6750.00, 0, NULL, 337.50, '138000.00', 30000.00, NULL, 108000.00, NULL, 1),
(929, 263, '2014-06-11 14:26:42', NULL, 50, 'Ivo Humberto Kreusch', '649.738.599-15', 'Vendido', NULL, 1, NULL, 0, 3000.00, '2014-08-04 17:13:14', NULL, 7300.00, 0, NULL, 365.00, '149000.00', 3000.00, 29460.00, 116540.00, NULL, 1),
(930, 223, '2014-06-11 14:38:58', NULL, 20, 'Jaime Lamin', '119.311.193-11', 'Reserva vendida', 1, NULL, NULL, NULL, NULL, NULL, NULL, NULL, NULL, NULL, NULL, NULL, NULL, NULL, NULL, NULL, 0),
(931, 223, '2014-06-11 14:39:27', NULL, 20, 'Jaime Lamin', '05080511931', 'Vendido', NULL, 1, NULL, 0, 3000.00, '2014-07-03 14:27:46', NULL, 7050.00, 0, NULL, 352.50, '144000.00', 1000.00, 15070.00, 127930.00, NULL, 1),
(932, 212, '2014-06-11 14:45:51', NULL, 40, 'Zelia Fagundes', '04136965966', 'Vendido', NULL, 1, NULL, 0, 3000.00, '2014-08-04 17:04:03', NULL, 6550.00, 0, NULL, 327.50, '134000.00', NULL, 12044.00, 121956.00, NULL, 1),
(933, 136, '2014-06-11 14:49:40', NULL, 21, 'Eder Milton Coutinho Pereira', '003.559.530-21', 'Vendido', NULL, 1, NULL, 0, 6650.00, '2014-09-25 20:02:39', NULL, 6650.00, 1, '2014-10-09 14:41:43', 332.50, '136000.00', 3000.00, 12992.00, 120008.00, NULL, 1),
(934, 138, '2014-06-11 14:51:06', NULL, 38, 'Geisy Hellen Leal', '08177878956', 'Vendido', NULL, 1, NULL, 0, 7050.00, '2014-09-25 20:03:52', NULL, 7050.00, 1, '2014-10-09 14:42:59', 352.50, '144000.00', 3000.00, 24750.00, 116250.00, NULL, 1),
(935, 65, '2014-06-11 21:23:06', NULL, 20, 'Maria', '098.970.699-59', 'Reservado', NULL, 0, NULL, 0, NULL, NULL, NULL, NULL, 0, NULL, NULL, NULL, NULL, NULL, NULL, NULL, 0),
(936, 219, '2014-06-12 13:31:15', NULL, 33, 'Leonardo Vinicius Santana e Sahara', '067.675.319-10', 'Reserva em contratação', NULL, 0, NULL, 0, NULL, NULL, NULL, NULL, 0, NULL, NULL, NULL, NULL, NULL, NULL, NULL, 0),
(937, 219, '2014-06-12 13:31:20', NULL, 33, 'Leonardo Vinicius Santana e Sahara', '067.675.319-10', 'Reserva vendida', 1, NULL, NULL, NULL, NULL, NULL, NULL, NULL, NULL, NULL, NULL, NULL, NULL, NULL, NULL, NULL, 0),
(938, 163, '2014-06-13 10:00:13', NULL, 33, 'Patricia do Rocio Fernandes', '05177680975', 'Vendido', NULL, 1, NULL, 0, NULL, NULL, NULL, 6450.00, 0, NULL, 322.50, '132000.00', 1000.00, 7200.00, 123800.00, NULL, 1),
(939, 126, '2014-06-13 14:08:22', NULL, 21, 'Pamela Schaffer', '097.075.099-45', 'Vendido', NULL, 1, NULL, 0, 6450.00, '2014-09-25 19:59:51', NULL, 6450.00, 1, '2014-10-09 14:33:20', 322.50, '132000.00', 1500.00, 8561.00, 121939.00, NULL, 1),
(940, 202, '2014-06-13 18:54:03', NULL, 41, 'arlindo pereira', '928.776.266-34', 'Reservado', NULL, 0, NULL, 0, NULL, NULL, NULL, NULL, 0, NULL, NULL, NULL, NULL, NULL, NULL, NULL, 0),
(941, 152, '2014-06-13 18:58:52', NULL, 54, 'Danielle Pacheco', '050.759.529-76', 'Reservado', NULL, 0, NULL, 0, NULL, NULL, NULL, NULL, 0, NULL, NULL, NULL, NULL, NULL, NULL, NULL, 0),
(942, 242, '2014-06-14 00:25:50', NULL, 19, 'Juliane', '675.983.221-04', 'Reservado', NULL, 0, NULL, 0, NULL, NULL, NULL, NULL, 0, NULL, NULL, NULL, NULL, NULL, NULL, NULL, 0),
(943, 180, '2014-06-14 00:26:50', NULL, 19, 'Luiz', '944.355.922-01', 'Reservado', NULL, 0, NULL, 0, NULL, NULL, NULL, NULL, 0, NULL, NULL, NULL, NULL, NULL, NULL, NULL, 0),
(944, 181, '2014-06-14 00:27:44', NULL, 19, 'Antonio', '123.544.677-09', 'Reservado', NULL, 0, NULL, 0, NULL, NULL, NULL, NULL, 0, NULL, NULL, NULL, NULL, NULL, NULL, NULL, 0),
(945, 259, '2014-06-14 00:28:28', NULL, 19, 'Sandra', '677.455.877-02', 'Reservado', NULL, 0, NULL, 0, NULL, NULL, NULL, NULL, 0, NULL, NULL, NULL, NULL, NULL, NULL, NULL, 0),
(946, 142, '2014-06-14 00:33:07', NULL, 19, 'Ivone', '547.388.477-02', 'Reservado', NULL, 0, NULL, 0, NULL, NULL, NULL, NULL, 0, NULL, NULL, NULL, NULL, NULL, NULL, NULL, 0),
(947, 101, '2014-06-14 14:12:42', NULL, 47, 'FERNANDO DE SOUZA DE LIMA', '097.270.169-95', 'Reservado', NULL, 0, NULL, 0, NULL, NULL, NULL, NULL, 0, NULL, NULL, NULL, NULL, NULL, NULL, NULL, 0),
(948, 192, '2014-06-16 13:01:45', NULL, 47, 'JEFERSON DE SOUZA', '092.537.589-00', 'Reservado', NULL, 0, NULL, 0, NULL, NULL, NULL, NULL, 0, NULL, NULL, NULL, NULL, NULL, NULL, NULL, 0),
(949, 185, '2014-06-16 13:03:31', '2014-06-18 13:52:45', 47, 'RODRIGO FERNANDES', '894.757.234-99', 'Reserva Cancelada', NULL, 0, NULL, 0, NULL, NULL, NULL, NULL, 0, NULL, NULL, NULL, NULL, NULL, NULL, NULL, 0),
(950, 108, '2014-06-16 18:47:25', NULL, 30, 'Juliana', '234.905.784-32', 'Reservado', NULL, 0, NULL, 0, NULL, NULL, NULL, NULL, 0, NULL, NULL, NULL, NULL, NULL, NULL, NULL, 0),
(951, 253, '2014-06-17 10:08:45', NULL, 21, 'Ana Paula Ferretto Gardini', '08116055909', 'Vendido', NULL, 1, NULL, 0, 3000.00, '2014-08-04 17:12:22', NULL, 6500.00, 0, NULL, 325.00, '133000.00', 3000.00, 5355.00, 124645.00, NULL, 1),
(952, 129, '2014-06-17 12:49:10', NULL, 19, 'Jessica Figueiredo Marques', '08158901921', 'Vendido', NULL, 1, NULL, 0, 3000.00, '2014-07-03 14:28:23', NULL, 6650.00, 1, '2014-10-09 14:40:57', 332.50, '136000.00', 3000.00, 14769.31, 118230.69, NULL, 1),
(953, 204, '2014-06-17 12:50:37', NULL, 20, 'Renato do Nascimento Campos', '63731584972', 'Vendido', NULL, 1, NULL, 0, 3000.00, '2014-07-03 14:27:58', NULL, 6350.00, 0, NULL, 317.50, '130000.00', 3000.00, 6000.00, 121000.00, NULL, 1),
(954, 268, '2014-06-17 14:53:08', NULL, 21, 'Samara Mello Pereira', '07754720930', 'Vendido', NULL, 1, NULL, 0, 3000.00, '2014-08-04 17:13:39', NULL, 6900.00, 0, NULL, 345.00, '141000.00', 3000.00, 10416.00, 127584.00, NULL, 1),
(955, 261, '2014-06-17 16:59:20', NULL, 50, 'Jullye Fiorini de Souza e Henrique', '072.868.299-04', 'Vendido', NULL, 1, NULL, 0, 3000.00, '2014-08-04 17:12:52', NULL, 6700.00, 0, NULL, 335.00, '137000.00', 3000.00, 7790.00, 126210.00, NULL, 1),
(956, 185, '2014-06-18 13:53:24', NULL, 40, 'Amanda Ana dos Santos Spiess e Carlos', '065.103.739-55', 'Reserva em contratação', NULL, 0, NULL, 0, NULL, NULL, NULL, NULL, 0, NULL, NULL, NULL, NULL, NULL, NULL, NULL, 0),
(957, 185, '2014-06-18 13:53:33', NULL, 40, 'Amanda Ana dos Santos Spiess e Carlos', '065.103.739-55', 'Reserva vendida', 1, NULL, NULL, NULL, NULL, NULL, NULL, NULL, NULL, NULL, NULL, NULL, NULL, NULL, NULL, NULL, 0),
(958, 272, '2014-06-18 13:57:29', NULL, 41, 'Marcio Furlanetto', '040.936.769-92', 'Reserva vendida', 1, NULL, NULL, NULL, NULL, NULL, NULL, NULL, NULL, NULL, NULL, NULL, NULL, NULL, NULL, NULL, 0),
(959, 207, '2014-06-18 14:52:25', NULL, 21, 'Kaio Vinicius da Silva Rufino e Gabriela', '074.999.279-46', 'Vendido', NULL, 1, NULL, 0, 3000.00, '2014-08-04 17:03:28', NULL, 6600.00, 0, NULL, 330.00, '135000.00', 3000.00, 14100.00, 117900.00, NULL, 1),
(960, 139, '2014-06-18 17:45:34', '2014-06-25 21:30:33', 43, 'Luis Felipe d santana', '025.563.090-59', 'Reserva Cancelada', NULL, 0, NULL, 0, NULL, NULL, NULL, NULL, 0, NULL, NULL, NULL, NULL, NULL, NULL, NULL, 0),
(961, 184, '2014-06-18 18:44:41', NULL, 40, 'Wellington Charles Storino', '024.095.819-51', 'Reserva em contratação', NULL, 0, NULL, 0, NULL, NULL, NULL, NULL, 0, NULL, NULL, NULL, NULL, NULL, NULL, NULL, 0),
(962, 184, '2014-06-18 18:44:45', NULL, 40, 'Wellington Charles Storino', '024.095.819-51', 'Reserva vendida', 1, NULL, NULL, NULL, NULL, NULL, NULL, NULL, NULL, NULL, NULL, NULL, NULL, NULL, NULL, NULL, 0),
(963, 175, '2014-06-18 20:40:20', NULL, 45, 'Bianca', '042.084.069-92', 'Reservado', NULL, 0, NULL, 0, NULL, NULL, NULL, NULL, 0, NULL, NULL, NULL, NULL, NULL, NULL, NULL, 0),
(964, 127, '2014-06-18 21:27:43', '2014-06-20 21:04:23', 45, 'Marcos Pereira', '086.178.989-09', 'Reserva Cancelada', NULL, 0, NULL, 0, NULL, NULL, NULL, NULL, 0, NULL, NULL, NULL, NULL, NULL, NULL, NULL, 0),
(965, 145, '2014-06-19 19:58:46', NULL, 20, 'Micheli', '987.685.984-56', 'Reservado', NULL, 0, NULL, 0, NULL, NULL, NULL, NULL, 0, NULL, NULL, NULL, NULL, NULL, NULL, NULL, 0),
(966, 232, '2014-06-19 20:08:14', '2014-06-23 19:57:22', 20, 'Sabrina', '765.674.897-88', 'Reserva Cancelada', NULL, 0, NULL, 0, NULL, NULL, NULL, NULL, 0, NULL, NULL, NULL, NULL, NULL, NULL, NULL, 0),
(967, 215, '2014-06-19 20:13:52', NULL, 20, 'Ruan', '875.647.873-54', 'Reserva em contratação', NULL, 0, NULL, 0, NULL, NULL, NULL, NULL, 0, NULL, NULL, NULL, NULL, NULL, NULL, NULL, 0),
(968, 65, '2014-06-20 14:22:14', NULL, 20, 'Letícia', '765.456.342-54', 'Reservado', NULL, 0, NULL, 0, NULL, NULL, NULL, NULL, 0, NULL, NULL, NULL, NULL, NULL, NULL, NULL, 0),
(969, 127, '2014-06-20 21:04:52', NULL, 40, 'Douglas Esser Franco', '079.523.859-25', 'Reserva em contratação', NULL, 0, NULL, 0, NULL, NULL, NULL, NULL, 0, NULL, NULL, NULL, NULL, NULL, NULL, NULL, 0),
(970, 127, '2014-06-20 21:04:55', NULL, 40, 'Douglas Esser Franco', '079.523.859-25', 'Reserva vendida', 1, NULL, NULL, NULL, NULL, NULL, NULL, NULL, NULL, NULL, NULL, NULL, NULL, NULL, NULL, NULL, 0),
(971, 137, '2014-06-21 01:11:10', NULL, 19, 'Maristela', '344.677.211-01', 'Reserva em contratação', NULL, 0, NULL, 0, NULL, NULL, NULL, NULL, 0, NULL, NULL, NULL, NULL, NULL, NULL, NULL, 0),
(972, 166, '2014-06-21 14:33:17', NULL, 41, 'vinicius tavares da silva', '827.662.557-89', 'Reservado', NULL, 0, NULL, 0, NULL, NULL, NULL, NULL, 0, NULL, NULL, NULL, NULL, NULL, NULL, NULL, 0),
(973, 262, '2014-06-21 14:34:35', NULL, 41, 'Carla Fiorentim', '735.524.441-09', 'Reservado', NULL, 0, NULL, 0, NULL, NULL, NULL, NULL, 0, NULL, NULL, NULL, NULL, NULL, NULL, NULL, 0),
(974, 222, '2014-06-21 14:35:30', NULL, 41, 'Fernando Araujo', '927.772.661-89', 'Reservado', NULL, 0, NULL, 0, NULL, NULL, NULL, NULL, 0, NULL, NULL, NULL, NULL, NULL, NULL, NULL, 0),
(975, 180, '2014-06-22 00:31:33', NULL, 45, 'jeziel', '027.794.569-06', 'Reserva em contratação', NULL, 0, NULL, 0, NULL, NULL, NULL, NULL, 0, NULL, NULL, NULL, NULL, NULL, NULL, NULL, 0),
(976, 242, '2014-06-22 00:50:42', '2014-06-27 20:38:26', 19, 'Maria', '125.433.766-00', 'Reserva Cancelada', NULL, 0, NULL, 0, NULL, NULL, NULL, NULL, 0, NULL, NULL, NULL, NULL, NULL, NULL, NULL, 0),
(977, 142, '2014-06-22 00:51:19', '2014-06-25 21:32:43', 19, 'Luiz', '655.433.967-01', 'Reserva Cancelada', NULL, 0, NULL, 0, NULL, NULL, NULL, NULL, 0, NULL, NULL, NULL, NULL, NULL, NULL, NULL, 0),
(978, 202, '2014-06-22 00:53:36', '2014-06-27 20:39:26', 19, 'Theo', '455.322.167-02', 'Reserva Cancelada', NULL, 0, NULL, 0, NULL, NULL, NULL, NULL, 0, NULL, NULL, NULL, NULL, NULL, NULL, NULL, 0),
(979, 181, '2014-06-22 01:00:55', NULL, 19, 'marcio', '344.756.922-01', 'Reservado', NULL, 0, NULL, 0, NULL, NULL, NULL, NULL, 0, NULL, NULL, NULL, NULL, NULL, NULL, NULL, 0),
(980, 229, '2014-06-22 01:08:22', NULL, 19, 'fernanda', '588.799.544-01', 'Reservado', NULL, 0, NULL, 0, NULL, NULL, NULL, NULL, 0, NULL, NULL, NULL, NULL, NULL, NULL, NULL, 0),
(981, 123, '2014-06-23 19:50:14', NULL, 50, 'Monique Cristiane Cravo Correa', '70163626200', 'Vendido', NULL, 1, NULL, 0, 6450.00, '2014-09-25 19:59:00', NULL, 6450.00, 1, '2014-10-09 14:32:57', 322.50, '132000.00', 3000.00, 14850.00, 114150.00, NULL, 1),
(982, 232, '2014-06-23 19:59:26', NULL, 31, 'Leonadro Antonio Xavier da Silva', '109.751.859-00', 'Reserva em contratação', NULL, 0, NULL, 0, NULL, NULL, NULL, NULL, 0, NULL, NULL, NULL, NULL, NULL, NULL, NULL, 0),
(983, 232, '2014-06-23 19:59:47', NULL, 31, 'Leonadro Antonio Xavier da Silva', '109.751.859-00', 'Reserva vendida', 1, NULL, NULL, NULL, NULL, NULL, NULL, NULL, NULL, NULL, NULL, NULL, NULL, NULL, NULL, NULL, 0),
(984, 215, '2014-06-23 20:00:26', NULL, 20, 'Ruan', '875.647.873-54', 'Reserva vendida', 1, NULL, NULL, NULL, NULL, NULL, NULL, NULL, NULL, NULL, NULL, NULL, NULL, NULL, NULL, NULL, 0),
(985, 180, '2014-06-23 20:32:44', NULL, 45, 'jeziel', '027.794.569-06', 'Reserva vendida', 1, NULL, NULL, NULL, NULL, NULL, NULL, NULL, NULL, NULL, NULL, NULL, NULL, NULL, NULL, NULL, 0),
(986, 101, '2014-06-24 18:20:10', '2014-06-30 19:48:35', 41, 'Jesse antunes', '927.761.544-67', 'Reserva Cancelada', NULL, 0, NULL, 0, NULL, NULL, NULL, NULL, 0, NULL, NULL, NULL, NULL, NULL, NULL, NULL, 0),
(987, 152, '2014-06-24 18:21:40', '2014-06-24 20:26:14', 41, 'abelardo antunes', '782.766.627-90', 'Reserva Cancelada', NULL, 0, NULL, 0, NULL, NULL, NULL, NULL, 0, NULL, NULL, NULL, NULL, NULL, NULL, NULL, 0),
(988, 152, '2014-06-24 20:26:40', NULL, 39, 'Rodrigo Dias Correia e Danieli', '054.083.399-12', 'Reserva vendida', NULL, 0, NULL, 0, NULL, NULL, NULL, NULL, 0, NULL, NULL, NULL, NULL, NULL, NULL, NULL, 0),
(989, 152, '2014-06-24 20:27:02', NULL, 39, 'Rodrigo Dias Correia e Danieli', '054.083.399-12', 'Vendido', NULL, 1, NULL, 0, NULL, NULL, NULL, 7050.00, 0, NULL, 352.50, '144000.00', 3000.00, 19350.00, 121650.00, NULL, 1),
(990, 180, '2014-06-24 22:56:16', NULL, 45, 'Bruna Alexandre', '09176354938', 'Vendido', NULL, 1, NULL, 0, 3000.00, '2014-07-01 13:11:28', NULL, 6750.00, 0, NULL, 337.50, '138000.00', 3000.00, 16350.00, 118650.00, NULL, 1),
(991, 128, '2014-06-24 22:57:27', NULL, 21, 'Talita M T de Aguilar e Amanda R Antunes', '08085904993', 'Vendido', NULL, 1, NULL, 0, 6400.00, '2014-09-25 20:00:26', NULL, 6400.00, 0, '2014-10-09 14:33:36', 320.00, '131000.00', 1300.00, 7089.00, 122611.00, NULL, 1),
(992, 225, '2014-06-24 22:59:29', NULL, 21, 'Vilmar Zvetch', '038.673.149-77', 'Vendido', NULL, 1, 1, 0, NULL, NULL, '2014-08-04 17:05:39', 7050.00, 0, NULL, 352.50, '144000.00', 5000.00, 21390.00, 117610.00, NULL, 1),
(993, 139, '2014-06-25 21:30:57', NULL, 41, 'Viviane Simone de Oliveira', '041.095.449-71', 'Reserva em contratação', NULL, 0, NULL, 0, NULL, NULL, NULL, NULL, 0, NULL, NULL, NULL, NULL, NULL, NULL, NULL, 0),
(994, 139, '2014-06-25 21:31:02', NULL, 41, 'Viviane Simone de Oliveira', '041.095.449-71', 'Reserva vendida', 1, NULL, NULL, NULL, NULL, NULL, NULL, NULL, NULL, NULL, NULL, NULL, NULL, NULL, NULL, NULL, 0),
(995, 142, '2014-06-25 21:33:03', NULL, 41, 'Jesse James de Oliveira', '007.962.539-86', 'Reserva em contratação', NULL, 0, NULL, 0, NULL, NULL, NULL, NULL, 0, NULL, NULL, NULL, NULL, NULL, NULL, NULL, 0),
(996, 142, '2014-06-25 21:33:06', NULL, 41, 'Jesse James de Oliveira', '007.962.539-86', 'Reserva vendida', 1, NULL, NULL, NULL, NULL, NULL, NULL, NULL, NULL, NULL, NULL, NULL, NULL, NULL, NULL, NULL, 0),
(997, 137, '2014-06-25 22:04:27', NULL, 19, 'Maristela', '344.677.211-01', 'Reserva vendida', 1, NULL, NULL, NULL, NULL, NULL, NULL, NULL, NULL, NULL, NULL, NULL, NULL, NULL, NULL, NULL, 0),
(998, 192, '2014-06-26 00:26:06', '2014-06-27 00:08:38', 38, 'Guilherme Dallacosta', '074.834.049-14', 'Reserva Cancelada', NULL, 0, NULL, 0, NULL, NULL, NULL, NULL, 0, NULL, NULL, NULL, NULL, NULL, NULL, NULL, 0),
(999, 183, '2014-06-26 00:32:00', NULL, 38, 'Alexandre Sebastião Leandro', '818.473.949-49', 'Reservado', NULL, 0, NULL, 0, NULL, NULL, NULL, NULL, 0, NULL, NULL, NULL, NULL, NULL, NULL, NULL, 0),
(1000, 133, '2014-06-26 10:24:02', NULL, 21, 'Deivid da Silva Carbonell', '00582890039', 'Vendido', NULL, 1, 1, 1, NULL, '2014-09-25 20:02:00', '2014-08-04 16:53:51', 6550.00, 1, '2014-10-09 14:41:20', 327.50, '134000.00', 4500.00, 1200.00, 128300.00, NULL, 1),
(1001, 86, '2014-06-26 10:25:47', '2014-09-29 19:36:50', 38, 'Alonso Allan de Oliveira Teixeira', '07002859978', 'Venda Cancelada', NULL, 0, NULL, 0, 3000.00, '2014-09-09 15:00:52', NULL, 6350.00, 1, '2014-09-10 16:03:02', 317.50, '130000.00', 1000.00, 15282.00, 113718.00, NULL, 0),
(1002, 127, '2014-06-26 10:28:47', NULL, 40, 'Douglas Esser Franco', '079.523.859-25', 'Vendido', NULL, 1, NULL, 0, 2084.02, '2014-08-04 17:17:18', NULL, 6600.00, 1, '2014-10-09 14:33:28', 330.00, '135000.00', NULL, 14160.00, 120840.00, NULL, 1),
(1003, 260, '2014-06-26 10:30:07', NULL, 40, 'Fernando Luiz Vieira', '033.546.139-55', 'Vendido', NULL, 1, NULL, 0, 3000.00, '2014-08-04 17:12:43', NULL, 6750.00, 0, NULL, 337.50, '138000.00', 3000.00, 11760.00, 123240.00, NULL, 1),
(1004, 259, '2014-06-26 14:24:07', NULL, 41, 'Ricardo', '993.772.882-77', 'Reservado', NULL, 0, NULL, 0, NULL, NULL, NULL, NULL, 0, NULL, NULL, NULL, NULL, NULL, NULL, NULL, 0),
(1005, 167, '2014-06-26 19:15:47', NULL, 33, 'Franciele Pedroso da Silva', '071.635.659-76', 'Reserva em contratação', NULL, 0, NULL, 0, NULL, NULL, NULL, NULL, 0, NULL, NULL, NULL, NULL, NULL, NULL, NULL, 0),
(1006, 137, '2014-06-26 21:27:12', '2014-06-26 21:31:27', 19, 'Luiz Carlos Lima e Giselle', '02106821913', 'Venda Cancelada', NULL, 0, NULL, 0, NULL, NULL, NULL, 6850.00, 0, NULL, 342.50, '140000.00', 15551.21, NULL, 124448.79, NULL, 0);
INSERT INTO `historico` (`id`, `apartamento`, `data`, `data_cancelamento`, `usuario`, `cliente_nome`, `cliente_cpf`, `status`, `em_contratacao`, `vendido`, `corretor_pago_meia`, `corretor_pago`, `valor_pago_corretor`, `data_pagamento_corretor`, `data_pagamento_corretor_meia`, `valor_comissao_corretor`, `adm_vendas_pago`, `data_pagamento_adm_vendas`, `valor_pagamento_adm_vendas`, `valor_venda`, `valor_entrada`, `valor_financiado_construtora`, `valor_financiado_caixa`, `data_aprovacao_financiamento`, `ativo`) VALUES
(1007, 137, '2014-06-26 21:32:00', NULL, 19, 'Luiz Carlos Lima', '021.068.219-13', 'Reserva vendida', NULL, 0, NULL, 0, NULL, NULL, NULL, NULL, 0, NULL, NULL, NULL, NULL, NULL, NULL, NULL, 0),
(1008, 137, '2014-06-26 21:32:38', NULL, 19, 'Luiz Carlos Lima', '021.068.219-13', 'Vendido', NULL, 1, NULL, 0, 3000.00, '2014-07-03 14:28:33', NULL, 6850.00, 1, '2014-10-09 14:42:54', 342.50, '140000.00', 14551.21, NULL, 125448.79, NULL, 1),
(1009, 185, '2014-06-26 23:10:42', NULL, 40, 'Amada Ana dos Santos Spiess e Carlos', '065.103.739-55', 'Vendido', NULL, 1, NULL, 0, 3000.00, '2014-08-04 16:59:35', NULL, 7050.00, 0, NULL, 352.50, '144000.00', 3000.00, 15150.00, 125850.00, NULL, 1),
(1010, 167, '2014-06-27 00:03:19', '2014-07-09 19:28:22', 33, 'Franciele Pedroso da Silva', '071.635.659-76', 'Contratação Cancelada', 1, 0, NULL, NULL, NULL, NULL, NULL, NULL, NULL, NULL, NULL, NULL, NULL, NULL, NULL, NULL, 0),
(1011, 192, '2014-06-27 00:09:05', NULL, 51, 'George e Camila', '096.055.579-08', 'Reserva em contratação', NULL, 0, NULL, 0, NULL, NULL, NULL, NULL, 0, NULL, NULL, NULL, NULL, NULL, NULL, NULL, 0),
(1012, 192, '2014-06-27 00:09:09', NULL, 51, 'George e Camila', '096.055.579-08', 'Reserva vendida', 1, NULL, NULL, NULL, NULL, NULL, NULL, NULL, NULL, NULL, NULL, NULL, NULL, NULL, NULL, NULL, 0),
(1013, 174, '2014-06-27 13:39:52', '2014-07-01 21:13:21', 21, 'Leo', '232.323.232-32', 'Reserva Cancelada', NULL, 0, NULL, 0, NULL, NULL, NULL, NULL, 0, NULL, NULL, NULL, NULL, NULL, NULL, NULL, 0),
(1014, 175, '2014-06-27 13:40:31', '2014-07-01 21:12:11', 21, 'Leo2', '330.398.390-03', 'Reserva Cancelada', NULL, 0, NULL, 0, NULL, NULL, NULL, NULL, 0, NULL, NULL, NULL, NULL, NULL, NULL, NULL, 0),
(1015, 145, '2014-06-27 20:23:51', '2014-06-30 23:55:20', 20, 'Micheli', '767.589.476-88', 'Reserva Cancelada', NULL, 0, NULL, 0, NULL, NULL, NULL, NULL, 0, NULL, NULL, NULL, NULL, NULL, NULL, NULL, 0),
(1016, 192, '2014-06-27 20:26:02', NULL, 51, 'George e Camila', '096.055.579-08', 'Vendido', NULL, 1, NULL, 0, NULL, NULL, NULL, 7000.00, 0, NULL, 350.00, '143000.00', 1000.00, 23087.00, 118913.00, NULL, 1),
(1017, 242, '2014-06-27 20:38:57', NULL, 45, 'Miguel e Iany', '094.149.159-58', 'Reserva em contratação', NULL, 0, NULL, 0, NULL, NULL, NULL, NULL, 0, NULL, NULL, NULL, NULL, NULL, NULL, NULL, 0),
(1018, 242, '2014-06-27 20:39:02', NULL, 45, 'Miguel e Iany', '094.149.159-58', 'Reserva vendida', 1, NULL, NULL, NULL, NULL, NULL, NULL, NULL, NULL, NULL, NULL, NULL, NULL, NULL, NULL, NULL, 0),
(1019, 202, '2014-06-27 20:43:03', NULL, 45, 'Kael e Josiane', '091.970.549-92', 'Reserva em contratação', NULL, 0, NULL, 0, NULL, NULL, NULL, NULL, 0, NULL, NULL, NULL, NULL, NULL, NULL, NULL, 0),
(1020, 202, '2014-06-27 20:43:10', NULL, 45, 'Kael e Josiane', '091.970.549-92', 'Reserva vendida', 1, NULL, NULL, NULL, NULL, NULL, NULL, NULL, NULL, NULL, NULL, NULL, NULL, NULL, NULL, NULL, 0),
(1021, 202, '2014-06-27 22:16:04', NULL, 45, 'Kael e Josiane', '091.970.549-92', 'Vendido', NULL, 1, NULL, 0, 3000.00, '2014-08-25 16:20:58', NULL, 6600.00, 0, NULL, 330.00, '135000.00', NULL, 15300.00, 119700.00, NULL, 1),
(1022, 65, '2014-06-29 01:23:40', NULL, 31, 'matheus rios zandonai', '086.483.509-48', 'Reservado', NULL, 0, NULL, 0, NULL, NULL, NULL, NULL, 0, NULL, NULL, NULL, NULL, NULL, NULL, NULL, 0),
(1023, 222, '2014-06-29 16:38:05', NULL, 41, 'Eder', '983.798.342-75', 'Reserva em contratação', NULL, 0, NULL, 0, NULL, NULL, NULL, NULL, 0, NULL, NULL, NULL, NULL, NULL, NULL, NULL, 0),
(1024, 181, '2014-06-30 01:03:46', '2014-07-02 12:54:17', 19, 'Miria', '544.378.965-01', 'Reserva Cancelada', NULL, 0, NULL, 0, NULL, NULL, NULL, NULL, 0, NULL, NULL, NULL, NULL, NULL, NULL, NULL, 0),
(1025, 166, '2014-06-30 01:07:09', '2014-07-07 10:12:06', 19, 'luiz', '766.544.322-00', 'Reserva Cancelada', NULL, 0, NULL, 0, NULL, NULL, NULL, NULL, 0, NULL, NULL, NULL, NULL, NULL, NULL, NULL, 0),
(1026, 229, '2014-06-30 01:08:53', NULL, 19, 'Fernanda', '744.388.399-00', 'Reservado', NULL, 0, NULL, 0, NULL, NULL, NULL, NULL, 0, NULL, NULL, NULL, NULL, NULL, NULL, NULL, 0),
(1027, 101, '2014-06-30 19:49:19', NULL, 30, 'Matheus Gomes Pires', '008.866.675-18', 'Reserva em contratação', NULL, 0, NULL, 0, NULL, NULL, NULL, NULL, 0, NULL, NULL, NULL, NULL, NULL, NULL, NULL, 0),
(1028, 101, '2014-06-30 19:49:23', NULL, 30, 'Matheus Gomes Pires', '008.866.675-18', 'Reserva vendida', 1, NULL, NULL, NULL, NULL, NULL, NULL, NULL, NULL, NULL, NULL, NULL, NULL, NULL, NULL, NULL, 0),
(1029, 232, '2014-06-30 23:31:41', NULL, 31, 'Leonadro Antonio Xavier da Silva', '109.751.859-00', 'Vendido', NULL, 1, NULL, 0, 3000.00, '2014-07-07 12:30:02', NULL, 7050.00, 0, NULL, 352.50, '144000.00', 3000.00, 22204.00, 118796.00, NULL, 1),
(1030, 145, '2014-06-30 23:56:06', NULL, 38, 'Guilherme Dallacosta', '074.834.049-15', 'Reserva em contratação', NULL, 0, NULL, 0, NULL, NULL, NULL, NULL, 0, NULL, NULL, NULL, NULL, NULL, NULL, NULL, 0),
(1031, 262, '2014-07-01 12:13:48', NULL, 50, 'Luiz Leonardo Bonfanti', '091.805.899-60', 'Reserva em contratação', NULL, 0, NULL, 0, NULL, NULL, NULL, NULL, 0, NULL, NULL, NULL, NULL, NULL, NULL, NULL, 0),
(1032, 262, '2014-07-01 12:14:37', NULL, 50, 'Luiz Leonardo Bonfanti', '091.805.899-60', 'Reserva vendida', 1, NULL, NULL, NULL, NULL, NULL, NULL, NULL, NULL, NULL, NULL, NULL, NULL, NULL, NULL, NULL, 0),
(1033, 219, '2014-07-01 15:58:23', NULL, 33, 'Leonardo Vinicius Santana e Sahara', '067.675.319-10', 'Vendido', NULL, 1, NULL, 0, 3000.00, '2014-07-01 19:59:24', NULL, 6900.00, 0, NULL, 345.00, '141000.00', 3000.00, 12870.00, 125130.00, NULL, 1),
(1034, 222, '2014-07-01 17:06:16', NULL, 41, 'Eder', '983.798.342-75', 'Reserva vendida', 1, NULL, NULL, NULL, NULL, NULL, NULL, NULL, NULL, NULL, NULL, NULL, NULL, NULL, NULL, NULL, 0),
(1035, 139, '2014-07-01 18:30:54', NULL, 41, 'Viviane Simone de Oliveira', '041.095.449-71', 'Vendido', NULL, 1, NULL, 0, 3000.00, '2014-07-04 14:02:04', NULL, 6900.00, 1, '2014-09-26 11:45:54', 345.00, '141000.00', 3000.00, 8208.00, 129792.00, NULL, 1),
(1036, 142, '2014-07-01 18:31:21', NULL, 41, 'Jesse James de Oliveira', '007.962.539-86', 'Vendido', NULL, 1, NULL, 0, 3000.00, '2014-07-04 14:02:15', NULL, 6900.00, 1, '2014-10-01 18:15:47', 345.00, '141000.00', 3000.00, 4800.00, 133200.00, NULL, 1),
(1037, 108, '2014-07-01 18:35:05', NULL, 30, ' Juliana de Souza', '061.018.159-94', 'Reservado', NULL, 0, NULL, 0, NULL, NULL, NULL, NULL, 0, NULL, NULL, NULL, NULL, NULL, NULL, NULL, 0),
(1038, 182, '2014-07-01 20:49:29', NULL, 36, 'rose', '011.333.123-23', 'Reservado', NULL, 0, NULL, 0, NULL, NULL, NULL, NULL, 0, NULL, NULL, NULL, NULL, NULL, NULL, NULL, 0),
(1039, 175, '2014-07-01 21:12:58', NULL, 57, 'Mariza Vicentina Rodrigues da Silva', '367.366.860-91', 'Reserva em contratação', NULL, 0, NULL, 0, NULL, NULL, NULL, NULL, 0, NULL, NULL, NULL, NULL, NULL, NULL, NULL, 0),
(1040, 175, '2014-07-01 21:13:04', NULL, 57, 'Mariza Vicentina Rodrigues da Silva', '367.366.860-91', 'Reserva vendida', 1, NULL, NULL, NULL, NULL, NULL, NULL, NULL, NULL, NULL, NULL, NULL, NULL, NULL, NULL, NULL, 0),
(1041, 174, '2014-07-01 21:13:50', NULL, 57, 'Nelson Veeck e Clecir R Veeck', '309.300.650-34', 'Reserva em contratação', NULL, 0, NULL, 0, NULL, NULL, NULL, NULL, 0, NULL, NULL, NULL, NULL, NULL, NULL, NULL, 0),
(1042, 174, '2014-07-01 21:13:54', '2014-08-19 16:09:46', 57, 'Nelson Veeck e Clecir R Veeck', '309.300.650-34', 'Contratação Cancelada', 1, 0, NULL, NULL, NULL, NULL, NULL, NULL, NULL, NULL, NULL, NULL, NULL, NULL, NULL, NULL, 0),
(1043, 181, '2014-07-02 12:54:44', NULL, 30, 'Paulo Eduardo Pacheco Cane', '073.447.399-09', 'Reserva em contratação', NULL, 0, NULL, 0, NULL, NULL, NULL, NULL, 0, NULL, NULL, NULL, NULL, NULL, NULL, NULL, 0),
(1044, 181, '2014-07-02 12:54:49', NULL, 30, 'Paulo Eduardo Pacheco Cane', '073.447.399-09', 'Reserva vendida', 1, NULL, NULL, NULL, NULL, NULL, NULL, NULL, NULL, NULL, NULL, NULL, NULL, NULL, NULL, NULL, 0),
(1045, 132, '2014-07-02 15:36:12', NULL, 21, 'Willyan Teixeira', '08129458918', 'Vendido', NULL, 1, NULL, 0, 6550.00, '2014-09-25 20:00:43', NULL, 6550.00, 1, '2014-10-09 14:41:11', 327.50, '134000.00', 3000.00, 20520.00, 110480.00, NULL, 1),
(1046, 104, '2014-07-02 21:38:46', NULL, 33, 'filipe da gama borges', '074.061.689-77', 'Reserva em contratação', NULL, 0, NULL, 0, NULL, NULL, NULL, NULL, 0, NULL, NULL, NULL, NULL, NULL, NULL, NULL, 0),
(1047, 145, '2014-07-03 11:56:10', NULL, 38, 'Guilherme Dallacosta', '074.834.049-15', 'Reserva vendida', 1, NULL, NULL, NULL, NULL, NULL, NULL, NULL, NULL, NULL, NULL, NULL, NULL, NULL, NULL, NULL, 0),
(1048, 145, '2014-07-03 11:56:39', NULL, 38, 'Guilherme Dallacosta', '074.834.049-14', 'Vendido', NULL, 1, 1, 0, NULL, NULL, '2014-08-04 16:54:51', 7050.00, 0, NULL, 352.50, '144000.00', 7000.00, 27000.00, 110000.00, NULL, 1),
(1049, 264, '2014-07-03 12:24:00', NULL, 21, 'Emerson Lucas Marques e Karin Catarina Pereira', '08982745912', 'Vendido', NULL, 1, NULL, 0, 3000.00, '2014-09-01 18:32:47', NULL, 6800.00, 0, NULL, 340.00, '139000.00', 1000.00, 14908.00, 123092.00, NULL, 1),
(1050, 176, '2014-07-03 12:25:17', NULL, 40, 'Cristina Aparecida Ribeiro', '914.659.239-34', 'Vendido', NULL, 1, 1, 0, NULL, NULL, '2014-08-04 16:58:20', 6600.00, 0, NULL, 330.00, '135000.00', 4000.00, NULL, 131000.00, NULL, 1),
(1051, 210, '2014-07-03 12:26:49', '2014-10-01 18:12:35', 40, 'Rosana Adão dos Santos Dilberti e Ivandro Garcia Dilberti', '07023579958', 'Venda Cancelada', NULL, 0, NULL, 0, 3000.00, '2014-08-04 17:03:40', NULL, 6850.00, 0, NULL, 342.50, '140000.00', 3000.00, 12750.00, 124250.00, NULL, 0),
(1052, 251, '2014-07-03 12:28:12', NULL, 40, 'Wildebrand Kevin de Souza', '086.082.669-46', 'Vendido', NULL, 1, NULL, 0, 3000.00, '2014-08-04 17:12:11', NULL, 6700.00, 0, NULL, 335.00, '137000.00', 3000.00, 10500.00, 123500.00, NULL, 1),
(1053, 161, '2014-07-03 12:30:03', NULL, 40, 'Alexandre Ferreira e Rebeca', '086.546.864-80', 'Vendido', NULL, 1, NULL, 0, 6400.00, '2014-09-25 20:04:23', NULL, 6400.00, 0, NULL, 320.00, '131000.00', 3000.00, 9900.00, 118100.00, NULL, 1),
(1054, 162, '2014-07-03 12:33:55', NULL, 40, 'Thomaz da Silva Bullo', '06930543950', 'Vendido', NULL, 1, NULL, 0, 3375.00, '2014-09-25 20:04:50', NULL, 6600.00, 0, NULL, 330.00, '135000.00', 1500.00, 10500.00, 123000.00, NULL, 1),
(1055, 117, '2014-07-03 12:35:05', NULL, 21, 'Rafael Adriani Mendes', '021.338.449-37', 'Vendido', NULL, 1, NULL, 1, NULL, '2014-10-08 15:28:18', NULL, 7200.00, 1, '2014-09-10 16:12:58', 360.00, '147000.00', 1000.00, 15500.00, 130500.00, NULL, 1),
(1056, 10, '2014-07-03 16:56:11', NULL, 33, 'Rafael', '541.545.451-54', 'Reserva em contratação', NULL, 0, NULL, 0, NULL, NULL, NULL, NULL, 0, NULL, NULL, NULL, NULL, NULL, NULL, NULL, 0),
(1057, 242, '2014-07-03 17:08:19', NULL, 45, 'Lauri Rosa de Lara', '00805267999', 'Vendido', NULL, 1, NULL, 0, 3000.00, '2014-07-04 13:57:59', NULL, 6600.00, 0, NULL, 330.00, '135000.00', 3000.00, 13398.00, 118602.00, NULL, 1),
(1058, 144, '2014-07-03 18:45:50', NULL, 38, 'Fernanda Arruda da Silva', '07832674954', 'Vendido', NULL, 1, NULL, 0, 6050.00, '2014-10-01 18:29:14', NULL, 6850.00, 1, '2014-10-09 14:43:28', 342.50, '140000.00', 3000.00, 11790.00, 125210.00, NULL, 1),
(1059, 171, '2014-07-03 19:37:41', NULL, 50, 'Matheus Regis de Souza', '095.655.059-29', 'Reserva em contratação', NULL, 0, NULL, 0, NULL, NULL, NULL, NULL, 0, NULL, NULL, NULL, NULL, NULL, NULL, NULL, 0),
(1060, 171, '2014-07-03 19:37:45', NULL, 50, 'Matheus Regis de Souza', '095.655.059-29', 'Reserva vendida', 1, NULL, NULL, NULL, NULL, NULL, NULL, NULL, NULL, NULL, NULL, NULL, NULL, NULL, NULL, NULL, 0),
(1061, 101, '2014-07-04 13:36:15', '2014-08-13 17:21:36', 30, 'Matheus Gomes Pires', '008.866.675-18', 'Venda Cancelada', NULL, 0, NULL, 0, NULL, NULL, NULL, 6700.00, 0, NULL, 335.00, '137000.00', 250.00, 15921.00, 120829.00, NULL, 0),
(1062, 259, '2014-07-04 14:35:34', '2014-07-07 21:14:47', 43, 'Lucas', '828.193.218-37', 'Reserva Cancelada', NULL, 0, NULL, 0, NULL, NULL, NULL, NULL, 0, NULL, NULL, NULL, NULL, NULL, NULL, NULL, 0),
(1063, 183, '2014-07-04 14:57:17', NULL, 41, 'fernanda silva', '037.662.455-18', 'Reserva em contratação', NULL, 0, NULL, 0, NULL, NULL, NULL, NULL, 0, NULL, NULL, NULL, NULL, NULL, NULL, NULL, 0),
(1064, 104, '2014-07-04 15:14:57', '2014-07-07 12:35:42', 33, 'filipe da gama borges', '074.061.689-77', 'Contratação Cancelada', 1, 0, NULL, NULL, NULL, NULL, NULL, NULL, NULL, NULL, NULL, NULL, NULL, NULL, NULL, NULL, 0),
(1065, 10, '2014-07-04 15:16:05', NULL, 33, 'Rafael', '541.545.451-54', 'Reserva vendida', 1, NULL, NULL, NULL, NULL, NULL, NULL, NULL, NULL, NULL, NULL, NULL, NULL, NULL, NULL, NULL, 0),
(1066, 166, '2014-07-07 10:12:43', NULL, 43, 'Lucas Raul Vieira', '091.769.849-58', 'Reserva em contratação', NULL, 0, NULL, 0, NULL, NULL, NULL, NULL, 0, NULL, NULL, NULL, NULL, NULL, NULL, NULL, 0),
(1067, 166, '2014-07-07 10:12:51', NULL, 43, 'Lucas Raul Vieira', '091.769.849-58', 'Reserva vendida', 1, NULL, NULL, NULL, NULL, NULL, NULL, NULL, NULL, NULL, NULL, NULL, NULL, NULL, NULL, NULL, 0),
(1068, 104, '2014-07-07 12:36:18', NULL, 21, 'Lincoln Patrick Marques', '073.624.829-30', 'Reserva em contratação', NULL, 0, NULL, 0, NULL, NULL, NULL, NULL, 0, NULL, NULL, NULL, NULL, NULL, NULL, NULL, 0),
(1069, 104, '2014-07-07 12:36:35', NULL, 21, 'Lincoln Patrick Marques', '073.624.829-30', 'Reserva vendida', 1, NULL, NULL, NULL, NULL, NULL, NULL, NULL, NULL, NULL, NULL, NULL, NULL, NULL, NULL, NULL, 0),
(1070, 65, '2014-07-07 13:01:26', NULL, 30, 'Marlons Ariel Bechtold e Jaine Zermiani', '064.034.439-92', 'Reserva em contratação', NULL, 0, NULL, 0, NULL, NULL, NULL, NULL, 0, NULL, NULL, NULL, NULL, NULL, NULL, NULL, 0),
(1071, 65, '2014-07-07 13:01:30', NULL, 30, 'Marlons Ariel Bechtold e Jaine Zermiani', '064.034.439-92', 'Reserva vendida', 1, NULL, NULL, NULL, NULL, NULL, NULL, NULL, NULL, NULL, NULL, NULL, NULL, NULL, NULL, NULL, 0),
(1072, 107, '2014-07-07 18:50:02', NULL, 18, 'Leonardo Haramoto e Eva Vanuza da Silva Haramoto', '957.964.526-49', 'Vendido', NULL, 1, NULL, 0, 3000.00, '2014-07-08 13:24:50', NULL, 7200.00, 1, '2014-09-10 16:11:09', 360.00, '147000.00', 3000.00, 13524.00, 130476.00, NULL, 1),
(1073, 259, '2014-07-07 21:17:06', NULL, 33, 'Filipe da Gama Borges', '074.061.689-78', 'Reserva em contratação', NULL, 0, NULL, 0, NULL, NULL, NULL, NULL, 0, NULL, NULL, NULL, NULL, NULL, NULL, NULL, 0),
(1074, 259, '2014-07-07 21:17:09', NULL, 33, 'Filipe da Gama Borges', '074.061.689-78', 'Reserva vendida', 1, NULL, NULL, NULL, NULL, NULL, NULL, NULL, NULL, NULL, NULL, NULL, NULL, NULL, NULL, NULL, 0),
(1075, 229, '2014-07-08 10:18:58', NULL, 50, 'Maxwell Erico da Silva e Larissa Pereira da Silva', '096.939.879-42', 'Reserva em contratação', NULL, 0, NULL, 0, NULL, NULL, NULL, NULL, 0, NULL, NULL, NULL, NULL, NULL, NULL, NULL, 0),
(1076, 229, '2014-07-08 10:22:05', NULL, 50, 'Maxwell Erico da Silva e Larissa Pereira da Silva', '096.939.879-42', 'Reserva vendida', 1, NULL, NULL, NULL, NULL, NULL, NULL, NULL, NULL, NULL, NULL, NULL, NULL, NULL, NULL, NULL, 0),
(1077, 222, '2014-07-08 14:27:31', NULL, 41, 'Caroline Matias', '07754465990', 'Vendido', NULL, 1, NULL, 0, 3000.00, '2014-08-18 18:14:50', NULL, 6900.00, 0, NULL, 345.00, '141000.00', 1500.00, 12300.00, 127200.00, NULL, 1),
(1078, 166, '2014-07-08 15:11:33', NULL, 43, 'Lucas Raul Vieira', '091.769.849-58', 'Vendido', NULL, 1, NULL, 0, 3000.00, '2014-07-10 19:32:57', NULL, 6700.00, 0, NULL, 335.00, '137000.00', 3000.00, 7320.00, 126680.00, NULL, 1),
(1079, 108, '2014-07-09 19:02:43', '2014-07-10 10:51:52', 50, 'Iuri Kahe Klaus', '094.528.959-69', 'Reserva Cancelada', NULL, 0, NULL, 0, NULL, NULL, NULL, NULL, 0, NULL, NULL, NULL, NULL, NULL, NULL, NULL, 0),
(1080, 272, '2014-07-09 19:57:43', NULL, 41, 'Marcio Leandro Furlanetto e Dulcemara Cugnier Furlanetto', '040.936.769-92', 'Vendido', NULL, 1, NULL, 0, 3000.00, '2014-08-18 18:15:04', NULL, 7000.00, 0, NULL, 350.00, '143000.00', 1500.00, 23405.00, 118095.00, NULL, 1),
(1081, 182, '2014-07-09 22:47:28', '2014-07-15 11:43:15', 43, 'francisco', '273.474.780-49', 'Reserva Cancelada', NULL, 0, NULL, 0, NULL, NULL, NULL, NULL, 0, NULL, NULL, NULL, NULL, NULL, NULL, NULL, 0),
(1082, 108, '2014-07-10 10:52:17', NULL, 33, 'Aline Maximo Peres', '072.416.599-10', 'Reserva em contratação', NULL, 0, NULL, 0, NULL, NULL, NULL, NULL, 0, NULL, NULL, NULL, NULL, NULL, NULL, NULL, 0),
(1083, 108, '2014-07-10 10:52:21', NULL, 33, 'Aline Maximo Peres', '072.416.599-10', 'Reserva vendida', 1, NULL, NULL, NULL, NULL, NULL, NULL, NULL, NULL, NULL, NULL, NULL, NULL, NULL, NULL, NULL, 0),
(1084, 167, '2014-07-10 14:27:46', '2014-07-14 19:24:38', 45, 'valmir', '009.645.789-77', 'Reserva Cancelada', NULL, 0, NULL, 0, NULL, NULL, NULL, NULL, 0, NULL, NULL, NULL, NULL, NULL, NULL, NULL, 0),
(1085, 183, '2014-07-10 14:54:08', NULL, 41, 'fernanda silva', '037.662.455-18', 'Reserva vendida', 1, NULL, NULL, NULL, NULL, NULL, NULL, NULL, NULL, NULL, NULL, NULL, NULL, NULL, NULL, NULL, 0),
(1086, 229, '2014-07-10 20:06:35', NULL, 50, 'Maxwell Erico da Silva e Larissa Pereira da Silva', '096.939.879-42', 'Vendido', NULL, 1, NULL, 0, 1500.00, '2014-08-04 17:06:04', NULL, 6900.00, 0, NULL, 345.00, '141000.00', 1500.00, 25947.00, 113553.00, NULL, 1),
(1087, 183, '2014-07-11 14:26:54', NULL, 41, 'Dgeofrei Jose Bulyk Fazzani', '04503275909', 'Vendido', NULL, 1, NULL, 0, 3000.00, '2014-07-24 14:52:49', NULL, 7300.00, 0, NULL, 365.00, '149000.00', 3000.00, 12905.00, 133095.00, NULL, 1),
(1088, 160, '2014-07-11 16:01:38', NULL, 4, 'je', '000.000.999-99', 'Reserva em contratação', NULL, 0, NULL, 0, NULL, NULL, NULL, NULL, 0, NULL, NULL, NULL, NULL, NULL, NULL, NULL, 0),
(1089, 160, '2014-07-11 16:01:42', '2014-07-18 16:49:16', 4, 'je', '000.000.999-99', 'Contratação Cancelada', 1, 0, NULL, NULL, NULL, NULL, NULL, NULL, NULL, NULL, NULL, NULL, NULL, NULL, NULL, NULL, 0),
(1090, 159, '2014-07-11 16:02:02', NULL, 4, 'jes', '000.088.888-88', 'Reserva em contratação', NULL, 0, NULL, 0, NULL, NULL, NULL, NULL, 0, NULL, NULL, NULL, NULL, NULL, NULL, NULL, 0),
(1091, 159, '2014-07-11 16:02:07', '2014-07-18 16:49:06', 4, 'jes', '000.088.888-88', 'Contratação Cancelada', 1, 0, NULL, NULL, NULL, NULL, NULL, NULL, NULL, NULL, NULL, NULL, NULL, NULL, NULL, NULL, 0),
(1092, 157, '2014-07-11 16:02:26', NULL, 4, 'jess', '000.009.998-88', 'Reserva em contratação', NULL, 0, NULL, 0, NULL, NULL, NULL, NULL, 0, NULL, NULL, NULL, NULL, NULL, NULL, NULL, 0),
(1093, 157, '2014-07-11 16:02:32', '2014-07-18 16:48:56', 4, 'jess', '000.009.998-88', 'Contratação Cancelada', 1, 0, NULL, NULL, NULL, NULL, NULL, NULL, NULL, NULL, NULL, NULL, NULL, NULL, NULL, NULL, 0),
(1094, 156, '2014-07-11 16:02:48', NULL, 4, 'je', '999.900.000-00', 'Reserva em contratação', NULL, 0, NULL, 0, NULL, NULL, NULL, NULL, 0, NULL, NULL, NULL, NULL, NULL, NULL, NULL, 0),
(1095, 156, '2014-07-11 16:03:06', '2014-07-18 16:48:46', 4, 'je', '999.900.000-00', 'Contratação Cancelada', 1, 0, NULL, NULL, NULL, NULL, NULL, NULL, NULL, NULL, NULL, NULL, NULL, NULL, NULL, NULL, 0),
(1096, 155, '2014-07-11 16:03:33', NULL, 4, 'jess', '777.788.888-86', 'Reserva em contratação', NULL, 0, NULL, 0, NULL, NULL, NULL, NULL, 0, NULL, NULL, NULL, NULL, NULL, NULL, NULL, 0),
(1097, 155, '2014-07-11 16:03:37', '2014-07-18 16:48:35', 4, 'jess', '777.788.888-86', 'Contratação Cancelada', 1, 0, NULL, NULL, NULL, NULL, NULL, NULL, NULL, NULL, NULL, NULL, NULL, NULL, NULL, NULL, 0),
(1098, 154, '2014-07-11 16:03:54', NULL, 4, 'je', '888.886.666-66', 'Reserva em contratação', NULL, 0, NULL, 0, NULL, NULL, NULL, NULL, 0, NULL, NULL, NULL, NULL, NULL, NULL, NULL, 0),
(1099, 154, '2014-07-11 16:03:58', '2014-07-18 16:48:24', 4, 'je', '888.886.666-66', 'Contratação Cancelada', 1, 0, NULL, NULL, NULL, NULL, NULL, NULL, NULL, NULL, NULL, NULL, NULL, NULL, NULL, NULL, 0),
(1100, 153, '2014-07-11 16:04:13', NULL, 4, 'jes', '555.555.555-55', 'Reserva em contratação', NULL, 0, NULL, 0, NULL, NULL, NULL, NULL, 0, NULL, NULL, NULL, NULL, NULL, NULL, NULL, 0),
(1101, 153, '2014-07-11 16:04:17', '2014-07-18 16:48:15', 4, 'jes', '555.555.555-55', 'Contratação Cancelada', 1, 0, NULL, NULL, NULL, NULL, NULL, NULL, NULL, NULL, NULL, NULL, NULL, NULL, NULL, NULL, 0),
(1102, 151, '2014-07-11 16:04:51', NULL, 4, 'j', '555.556.666-66', 'Reserva em contratação', NULL, 0, NULL, 0, NULL, NULL, NULL, NULL, 0, NULL, NULL, NULL, NULL, NULL, NULL, NULL, 0),
(1103, 151, '2014-07-11 16:04:54', '2014-07-18 16:48:01', 4, 'j', '555.556.666-66', 'Contratação Cancelada', 1, 0, NULL, NULL, NULL, NULL, NULL, NULL, NULL, NULL, NULL, NULL, NULL, NULL, NULL, NULL, 0),
(1104, 150, '2014-07-11 16:05:07', NULL, 4, 'je', '777.777.788-88', 'Reserva em contratação', NULL, 0, NULL, 0, NULL, NULL, NULL, NULL, 0, NULL, NULL, NULL, NULL, NULL, NULL, NULL, 0),
(1105, 150, '2014-07-11 16:05:11', '2014-07-18 16:47:50', 4, 'je', '777.777.788-88', 'Contratação Cancelada', 1, 0, NULL, NULL, NULL, NULL, NULL, NULL, NULL, NULL, NULL, NULL, NULL, NULL, NULL, NULL, 0),
(1106, 147, '2014-07-11 16:05:35', NULL, 4, 'je', '933.333.333-33', 'Reserva em contratação', NULL, 0, NULL, 0, NULL, NULL, NULL, NULL, 0, NULL, NULL, NULL, NULL, NULL, NULL, NULL, 0),
(1107, 147, '2014-07-11 16:05:38', '2014-07-18 16:47:36', 4, 'je', '933.333.333-33', 'Contratação Cancelada', 1, 0, NULL, NULL, NULL, NULL, NULL, NULL, NULL, NULL, NULL, NULL, NULL, NULL, NULL, NULL, 0),
(1108, 146, '2014-07-11 16:05:53', NULL, 4, 'je', '555.555.444-44', 'Reserva em contratação', NULL, 0, NULL, 0, NULL, NULL, NULL, NULL, 0, NULL, NULL, NULL, NULL, NULL, NULL, NULL, 0),
(1109, 146, '2014-07-11 16:06:07', '2014-07-18 16:47:14', 4, 'je', '555.555.444-44', 'Contratação Cancelada', 1, 0, NULL, NULL, NULL, NULL, NULL, NULL, NULL, NULL, NULL, NULL, NULL, NULL, NULL, NULL, 0),
(1110, 200, '2014-07-11 16:06:42', NULL, 4, 'je', '555.555.555-58', 'Reserva em contratação', NULL, 0, NULL, 0, NULL, NULL, NULL, NULL, 0, NULL, NULL, NULL, NULL, NULL, NULL, NULL, 0),
(1111, 200, '2014-07-11 16:06:45', '2014-07-18 16:52:54', 4, 'je', '555.555.555-58', 'Contratação Cancelada', 1, 0, NULL, NULL, NULL, NULL, NULL, NULL, NULL, NULL, NULL, NULL, NULL, NULL, NULL, NULL, 0),
(1112, 199, '2014-07-11 16:06:59', NULL, 4, 'jes', '655.555.555-55', 'Reserva em contratação', NULL, 0, NULL, 0, NULL, NULL, NULL, NULL, 0, NULL, NULL, NULL, NULL, NULL, NULL, NULL, 0),
(1113, 199, '2014-07-11 16:07:03', '2014-07-18 16:52:43', 4, 'jes', '655.555.555-55', 'Contratação Cancelada', 1, 0, NULL, NULL, NULL, NULL, NULL, NULL, NULL, NULL, NULL, NULL, NULL, NULL, NULL, NULL, 0),
(1114, 198, '2014-07-11 16:07:17', NULL, 4, 'jes', '333.333.334-89', 'Reserva em contratação', NULL, 0, NULL, 0, NULL, NULL, NULL, NULL, 0, NULL, NULL, NULL, NULL, NULL, NULL, NULL, 0),
(1115, 198, '2014-07-11 16:07:21', '2014-07-18 16:52:29', 4, 'jes', '333.333.334-89', 'Contratação Cancelada', 1, 0, NULL, NULL, NULL, NULL, NULL, NULL, NULL, NULL, NULL, NULL, NULL, NULL, NULL, NULL, 0),
(1116, 197, '2014-07-11 16:07:35', NULL, 4, 'jes', '678.788.888-88', 'Reserva em contratação', NULL, 0, NULL, 0, NULL, NULL, NULL, NULL, 0, NULL, NULL, NULL, NULL, NULL, NULL, NULL, 0),
(1117, 197, '2014-07-11 16:07:37', '2014-07-18 16:52:14', 4, 'jes', '678.788.888-88', 'Contratação Cancelada', 1, 0, NULL, NULL, NULL, NULL, NULL, NULL, NULL, NULL, NULL, NULL, NULL, NULL, NULL, NULL, 0),
(1118, 196, '2014-07-11 16:08:06', NULL, 4, 'je', '234.355.555-55', 'Reserva em contratação', NULL, 0, NULL, 0, NULL, NULL, NULL, NULL, 0, NULL, NULL, NULL, NULL, NULL, NULL, NULL, 0),
(1119, 196, '2014-07-11 16:08:10', '2014-07-18 16:51:55', 4, 'je', '234.355.555-55', 'Contratação Cancelada', 1, 0, NULL, NULL, NULL, NULL, NULL, NULL, NULL, NULL, NULL, NULL, NULL, NULL, NULL, NULL, 0),
(1120, 195, '2014-07-11 16:08:26', NULL, 4, 'je', '678.888.888-80', 'Reserva em contratação', NULL, 0, NULL, 0, NULL, NULL, NULL, NULL, 0, NULL, NULL, NULL, NULL, NULL, NULL, NULL, 0),
(1121, 195, '2014-07-11 16:08:29', '2014-07-18 16:50:59', 4, 'je', '678.888.888-80', 'Contratação Cancelada', 1, 0, NULL, NULL, NULL, NULL, NULL, NULL, NULL, NULL, NULL, NULL, NULL, NULL, NULL, NULL, 0),
(1122, 193, '2014-07-11 16:08:41', NULL, 4, 'je', '222.233.333-33', 'Reserva em contratação', NULL, 0, NULL, 0, NULL, NULL, NULL, NULL, 0, NULL, NULL, NULL, NULL, NULL, NULL, NULL, 0),
(1123, 193, '2014-07-11 16:08:44', '2014-07-18 16:50:48', 4, 'je', '222.233.333-33', 'Contratação Cancelada', 1, 0, NULL, NULL, NULL, NULL, NULL, NULL, NULL, NULL, NULL, NULL, NULL, NULL, NULL, NULL, 0),
(1124, 191, '2014-07-11 16:09:19', NULL, 4, 'jes', '778.888.889-99', 'Reserva em contratação', NULL, 0, NULL, 0, NULL, NULL, NULL, NULL, 0, NULL, NULL, NULL, NULL, NULL, NULL, NULL, 0),
(1125, 191, '2014-07-11 16:09:23', '2014-07-18 16:50:33', 4, 'jes', '778.888.889-99', 'Contratação Cancelada', 1, 0, NULL, NULL, NULL, NULL, NULL, NULL, NULL, NULL, NULL, NULL, NULL, NULL, NULL, NULL, 0),
(1126, 190, '2014-07-11 16:09:38', NULL, 4, 'j', '333.344.444-44', 'Reserva em contratação', NULL, 0, NULL, 0, NULL, NULL, NULL, NULL, 0, NULL, NULL, NULL, NULL, NULL, NULL, NULL, 0),
(1127, 190, '2014-07-11 16:09:42', '2014-07-18 16:50:21', 4, 'j', '333.344.444-44', 'Contratação Cancelada', 1, 0, NULL, NULL, NULL, NULL, NULL, NULL, NULL, NULL, NULL, NULL, NULL, NULL, NULL, NULL, 0),
(1128, 187, '2014-07-11 16:09:57', NULL, 4, 'je', '111.111.122-22', 'Reserva em contratação', NULL, 0, NULL, 0, NULL, NULL, NULL, NULL, 0, NULL, NULL, NULL, NULL, NULL, NULL, NULL, 0),
(1129, 187, '2014-07-11 16:10:00', '2014-07-18 16:49:58', 4, 'je', '111.111.122-22', 'Contratação Cancelada', 1, 0, NULL, NULL, NULL, NULL, NULL, NULL, NULL, NULL, NULL, NULL, NULL, NULL, NULL, NULL, 0),
(1130, 186, '2014-07-11 16:10:14', NULL, 4, 'jes', '456.666.666-66', 'Reserva em contratação', NULL, 0, NULL, 0, NULL, NULL, NULL, NULL, 0, NULL, NULL, NULL, NULL, NULL, NULL, NULL, 0),
(1131, 186, '2014-07-11 16:10:18', '2014-07-18 16:49:45', 4, 'jes', '456.666.666-66', 'Contratação Cancelada', 1, 0, NULL, NULL, NULL, NULL, NULL, NULL, NULL, NULL, NULL, NULL, NULL, NULL, NULL, NULL, 0),
(1132, 240, '2014-07-11 16:21:22', NULL, 4, 'je', '654.444.444-44', 'Reserva em contratação', NULL, 0, NULL, 0, NULL, NULL, NULL, NULL, 0, NULL, NULL, NULL, NULL, NULL, NULL, NULL, 0),
(1133, 240, '2014-07-11 16:21:26', '2014-07-18 16:55:24', 4, 'je', '654.444.444-44', 'Contratação Cancelada', 1, 0, NULL, NULL, NULL, NULL, NULL, NULL, NULL, NULL, NULL, NULL, NULL, NULL, NULL, NULL, 0),
(1134, 239, '2014-07-11 16:21:40', NULL, 4, 'je', '566.666.666-66', 'Reserva em contratação', NULL, 0, NULL, 0, NULL, NULL, NULL, NULL, 0, NULL, NULL, NULL, NULL, NULL, NULL, NULL, 0),
(1135, 239, '2014-07-11 16:21:43', '2014-07-18 16:55:10', 4, 'je', '566.666.666-66', 'Contratação Cancelada', 1, 0, NULL, NULL, NULL, NULL, NULL, NULL, NULL, NULL, NULL, NULL, NULL, NULL, NULL, NULL, 0),
(1136, 238, '2014-07-11 16:21:56', NULL, 4, 'je', '567.777.777-77', 'Reserva em contratação', NULL, 0, NULL, 0, NULL, NULL, NULL, NULL, 0, NULL, NULL, NULL, NULL, NULL, NULL, NULL, 0),
(1137, 238, '2014-07-11 16:22:00', '2014-07-18 16:54:59', 4, 'je', '567.777.777-77', 'Contratação Cancelada', 1, 0, NULL, NULL, NULL, NULL, NULL, NULL, NULL, NULL, NULL, NULL, NULL, NULL, NULL, NULL, 0),
(1138, 237, '2014-07-11 16:22:13', NULL, 4, 'jw', '222.222.233-33', 'Reserva em contratação', NULL, 0, NULL, 0, NULL, NULL, NULL, NULL, 0, NULL, NULL, NULL, NULL, NULL, NULL, NULL, 0),
(1139, 237, '2014-07-11 16:22:16', '2014-07-18 16:54:47', 4, 'jw', '222.222.233-33', 'Contratação Cancelada', 1, 0, NULL, NULL, NULL, NULL, NULL, NULL, NULL, NULL, NULL, NULL, NULL, NULL, NULL, NULL, 0),
(1140, 236, '2014-07-11 16:22:29', NULL, 4, 'je', '888.899.999-96', 'Reserva em contratação', NULL, 0, NULL, 0, NULL, NULL, NULL, NULL, 0, NULL, NULL, NULL, NULL, NULL, NULL, NULL, 0),
(1141, 236, '2014-07-11 16:22:32', '2014-07-18 16:54:30', 4, 'je', '888.899.999-96', 'Contratação Cancelada', 1, 0, NULL, NULL, NULL, NULL, NULL, NULL, NULL, NULL, NULL, NULL, NULL, NULL, NULL, NULL, 0),
(1142, 235, '2014-07-11 16:22:47', NULL, 4, 'je', '288.888.888-88', 'Reserva em contratação', NULL, 0, NULL, 0, NULL, NULL, NULL, NULL, 0, NULL, NULL, NULL, NULL, NULL, NULL, NULL, 0),
(1143, 235, '2014-07-11 16:22:53', '2014-07-18 16:54:20', 4, 'je', '288.888.888-88', 'Contratação Cancelada', 1, 0, NULL, NULL, NULL, NULL, NULL, NULL, NULL, NULL, NULL, NULL, NULL, NULL, NULL, NULL, 0),
(1144, 234, '2014-07-11 16:23:09', NULL, 4, 'je', '244.444.444-44', 'Reserva em contratação', NULL, 0, NULL, 0, NULL, NULL, NULL, NULL, 0, NULL, NULL, NULL, NULL, NULL, NULL, NULL, 0),
(1145, 234, '2014-07-11 16:23:13', '2014-07-18 16:54:09', 4, 'je', '244.444.444-44', 'Contratação Cancelada', 1, 0, NULL, NULL, NULL, NULL, NULL, NULL, NULL, NULL, NULL, NULL, NULL, NULL, NULL, NULL, 0),
(1146, 233, '2014-07-11 16:23:27', NULL, 4, 'je', '177.777.777-77', 'Reserva em contratação', NULL, 0, NULL, 0, NULL, NULL, NULL, NULL, 0, NULL, NULL, NULL, NULL, NULL, NULL, NULL, 0),
(1147, 233, '2014-07-11 16:23:31', '2014-07-18 16:53:57', 4, 'je', '177.777.777-77', 'Contratação Cancelada', 1, 0, NULL, NULL, NULL, NULL, NULL, NULL, NULL, NULL, NULL, NULL, NULL, NULL, NULL, NULL, 0),
(1148, 231, '2014-07-11 16:24:39', NULL, 4, 'je', '445.555.555-55', 'Reserva em contratação', NULL, 0, NULL, 0, NULL, NULL, NULL, NULL, 0, NULL, NULL, NULL, NULL, NULL, NULL, NULL, 0),
(1149, 231, '2014-07-11 16:24:43', '2014-07-18 16:53:46', 4, 'je', '445.555.555-55', 'Contratação Cancelada', 1, 0, NULL, NULL, NULL, NULL, NULL, NULL, NULL, NULL, NULL, NULL, NULL, NULL, NULL, NULL, 0),
(1150, 230, '2014-07-11 16:24:57', NULL, 4, 'je', '199.999.999-99', 'Reserva em contratação', NULL, 0, NULL, 0, NULL, NULL, NULL, NULL, 0, NULL, NULL, NULL, NULL, NULL, NULL, NULL, 0),
(1151, 230, '2014-07-11 16:25:00', '2014-07-18 16:53:33', 4, 'je', '199.999.999-99', 'Contratação Cancelada', 1, 0, NULL, NULL, NULL, NULL, NULL, NULL, NULL, NULL, NULL, NULL, NULL, NULL, NULL, NULL, 0),
(1152, 227, '2014-07-11 16:25:18', NULL, 4, 'je', '345.555.555-55', 'Reserva em contratação', NULL, 0, NULL, 0, NULL, NULL, NULL, NULL, 0, NULL, NULL, NULL, NULL, NULL, NULL, NULL, 0),
(1153, 227, '2014-07-11 16:25:21', '2014-07-18 16:53:22', 4, 'je', '345.555.555-55', 'Contratação Cancelada', 1, 0, NULL, NULL, NULL, NULL, NULL, NULL, NULL, NULL, NULL, NULL, NULL, NULL, NULL, NULL, 0),
(1154, 226, '2014-07-11 16:25:33', NULL, 4, 'je', '555.555.666-66', 'Reserva em contratação', NULL, 0, NULL, 0, NULL, NULL, NULL, NULL, 0, NULL, NULL, NULL, NULL, NULL, NULL, NULL, 0),
(1155, 226, '2014-07-11 16:25:36', '2014-07-18 16:53:08', 4, 'je', '555.555.666-66', 'Contratação Cancelada', 1, 0, NULL, NULL, NULL, NULL, NULL, NULL, NULL, NULL, NULL, NULL, NULL, NULL, NULL, NULL, 0),
(1156, 280, '2014-07-11 16:26:11', NULL, 4, 'je', '245.666.666-66', 'Reserva em contratação', NULL, 0, NULL, 0, NULL, NULL, NULL, NULL, 0, NULL, NULL, NULL, NULL, NULL, NULL, NULL, 0),
(1157, 280, '2014-07-11 16:26:14', '2014-07-18 17:00:28', 4, 'je', '245.666.666-66', 'Contratação Cancelada', 1, 0, NULL, NULL, NULL, NULL, NULL, NULL, NULL, NULL, NULL, NULL, NULL, NULL, NULL, NULL, 0),
(1158, 279, '2014-07-11 16:26:26', NULL, 4, 'je', '346.666.666-66', 'Reserva em contratação', NULL, 0, NULL, 0, NULL, NULL, NULL, NULL, 0, NULL, NULL, NULL, NULL, NULL, NULL, NULL, 0),
(1159, 279, '2014-07-11 16:26:29', '2014-07-18 16:59:39', 4, 'je', '346.666.666-66', 'Contratação Cancelada', 1, 0, NULL, NULL, NULL, NULL, NULL, NULL, NULL, NULL, NULL, NULL, NULL, NULL, NULL, NULL, 0),
(1160, 278, '2014-07-11 16:26:46', NULL, 4, 'je', '984.444.444-44', 'Reserva em contratação', NULL, 0, NULL, 0, NULL, NULL, NULL, NULL, 0, NULL, NULL, NULL, NULL, NULL, NULL, NULL, 0),
(1161, 278, '2014-07-11 16:26:49', '2014-07-18 16:59:27', 4, 'je', '984.444.444-44', 'Contratação Cancelada', 1, 0, NULL, NULL, NULL, NULL, NULL, NULL, NULL, NULL, NULL, NULL, NULL, NULL, NULL, NULL, 0),
(1162, 277, '2014-07-11 16:27:06', NULL, 4, 'je', '357.666.666-66', 'Reserva em contratação', NULL, 0, NULL, 0, NULL, NULL, NULL, NULL, 0, NULL, NULL, NULL, NULL, NULL, NULL, NULL, 0),
(1163, 277, '2014-07-11 16:27:08', '2014-07-18 16:59:13', 4, 'je', '357.666.666-66', 'Contratação Cancelada', 1, 0, NULL, NULL, NULL, NULL, NULL, NULL, NULL, NULL, NULL, NULL, NULL, NULL, NULL, NULL, 0),
(1164, 276, '2014-07-11 16:27:21', NULL, 4, 'je', '560.000.000-00', 'Reserva em contratação', NULL, 0, NULL, 0, NULL, NULL, NULL, NULL, 0, NULL, NULL, NULL, NULL, NULL, NULL, NULL, 0),
(1165, 276, '2014-07-11 16:27:24', '2014-07-18 16:59:04', 4, 'je', '560.000.000-00', 'Contratação Cancelada', 1, 0, NULL, NULL, NULL, NULL, NULL, NULL, NULL, NULL, NULL, NULL, NULL, NULL, NULL, NULL, 0),
(1166, 275, '2014-07-11 16:27:37', NULL, 4, 'je', '450.000.000-00', 'Reserva em contratação', NULL, 0, NULL, 0, NULL, NULL, NULL, NULL, 0, NULL, NULL, NULL, NULL, NULL, NULL, NULL, 0),
(1167, 275, '2014-07-11 16:27:41', '2014-07-18 16:58:54', 4, 'je', '450.000.000-00', 'Contratação Cancelada', 1, 0, NULL, NULL, NULL, NULL, NULL, NULL, NULL, NULL, NULL, NULL, NULL, NULL, NULL, NULL, 0),
(1168, 274, '2014-07-11 16:27:53', NULL, 4, 'je', '237.777.777-77', 'Reserva em contratação', NULL, 0, NULL, 0, NULL, NULL, NULL, NULL, 0, NULL, NULL, NULL, NULL, NULL, NULL, NULL, 0),
(1169, 274, '2014-07-11 16:27:56', '2014-07-18 16:58:43', 4, 'je', '237.777.777-77', 'Contratação Cancelada', 1, 0, NULL, NULL, NULL, NULL, NULL, NULL, NULL, NULL, NULL, NULL, NULL, NULL, NULL, NULL, 0),
(1170, 273, '2014-07-11 16:28:09', NULL, 4, 'je', '777.777.777-75', 'Reserva em contratação', NULL, 0, NULL, 0, NULL, NULL, NULL, NULL, 0, NULL, NULL, NULL, NULL, NULL, NULL, NULL, 0),
(1171, 273, '2014-07-11 16:28:12', '2014-07-18 16:58:32', 4, 'je', '777.777.777-75', 'Contratação Cancelada', 1, 0, NULL, NULL, NULL, NULL, NULL, NULL, NULL, NULL, NULL, NULL, NULL, NULL, NULL, NULL, 0),
(1172, 266, '2014-07-11 16:28:55', NULL, 4, 'je', '355.555.556-77', 'Reserva em contratação', NULL, 0, NULL, 0, NULL, NULL, NULL, NULL, 0, NULL, NULL, NULL, NULL, NULL, NULL, NULL, 0),
(1173, 266, '2014-07-11 16:28:58', '2014-07-18 16:58:09', 4, 'je', '355.555.556-77', 'Contratação Cancelada', 1, 0, NULL, NULL, NULL, NULL, NULL, NULL, NULL, NULL, NULL, NULL, NULL, NULL, NULL, NULL, 0),
(1174, 265, '2014-07-11 16:29:16', NULL, 4, 'je', '666.666.555-55', 'Reserva em contratação', NULL, 0, NULL, 0, NULL, NULL, NULL, NULL, 0, NULL, NULL, NULL, NULL, NULL, NULL, NULL, 0),
(1175, 265, '2014-07-11 16:29:18', '2014-07-18 16:55:55', 4, 'je', '666.666.555-55', 'Contratação Cancelada', 1, 0, NULL, NULL, NULL, NULL, NULL, NULL, NULL, NULL, NULL, NULL, NULL, NULL, NULL, NULL, 0),
(1176, 271, '2014-07-11 16:29:35', NULL, 4, 'jes', '765.555.555-55', 'Reserva em contratação', NULL, 0, NULL, 0, NULL, NULL, NULL, NULL, 0, NULL, NULL, NULL, NULL, NULL, NULL, NULL, 0),
(1177, 271, '2014-07-11 16:29:38', '2014-07-18 16:58:20', 4, 'jes', '765.555.555-55', 'Contratação Cancelada', 1, 0, NULL, NULL, NULL, NULL, NULL, NULL, NULL, NULL, NULL, NULL, NULL, NULL, NULL, NULL, 0),
(1178, 171, '2014-07-11 17:13:39', NULL, 50, 'Matheus Regis de Souza', '095.655.059-29', 'Vendido', NULL, 1, NULL, 0, 3000.00, '2014-08-04 16:57:58', NULL, 6700.00, 0, NULL, 335.00, '137000.00', 3000.00, 20160.00, 113840.00, NULL, 1),
(1179, 108, '2014-07-11 17:38:49', '2014-08-06 16:53:34', 33, 'Aline Maximo Peres', '072.416.599-10', 'Venda Cancelada', NULL, 0, NULL, 0, 3000.00, '2014-07-29 16:06:18', NULL, 6950.00, 0, NULL, 347.50, '142000.00', 5000.00, 10640.00, 126360.00, NULL, 0),
(1180, 122, '2014-07-14 19:24:01', NULL, 41, 'Mirian da Silva Vieira', '538.274.659-15', 'Reserva em contratação', NULL, 0, NULL, 0, NULL, NULL, NULL, NULL, 0, NULL, NULL, NULL, NULL, NULL, NULL, NULL, 0),
(1181, 122, '2014-07-14 19:24:06', NULL, 41, 'Mirian da Silva Vieira', '538.274.659-15', 'Reserva vendida', 1, NULL, NULL, NULL, NULL, NULL, NULL, NULL, NULL, NULL, NULL, NULL, NULL, NULL, NULL, NULL, 0),
(1182, 167, '2014-07-14 19:24:59', NULL, 43, 'Felipe de Bairros Salazar', '417.598.588-38', 'Reserva em contratação', NULL, 0, NULL, 0, NULL, NULL, NULL, NULL, 0, NULL, NULL, NULL, NULL, NULL, NULL, NULL, 0),
(1183, 167, '2014-07-14 19:25:02', NULL, 43, 'Felipe de Bairros Salazar', '417.598.588-38', 'Reserva vendida', 1, NULL, NULL, NULL, NULL, NULL, NULL, NULL, NULL, NULL, NULL, NULL, NULL, NULL, NULL, NULL, 0),
(1184, 254, '2014-07-15 10:42:30', NULL, 40, 'Eberson Fagundes de Oliveira e Djeice Kelly Pereira', '06949089910', 'Vendido', NULL, 1, NULL, 0, 3000.00, '2014-08-04 17:12:32', NULL, 6950.00, 0, NULL, 347.50, '142000.00', 3000.00, 8512.00, 130488.00, NULL, 1),
(1185, 182, '2014-07-15 11:43:36', NULL, 41, 'Cristina dos Santos', '057.825.839-08', 'Reserva em contratação', NULL, 0, NULL, 0, NULL, NULL, NULL, NULL, 0, NULL, NULL, NULL, NULL, NULL, NULL, NULL, 0),
(1186, 182, '2014-07-15 11:43:41', NULL, 41, 'Cristina dos Santos', '057.825.839-08', 'Reserva vendida', 1, NULL, NULL, NULL, NULL, NULL, NULL, NULL, NULL, NULL, NULL, NULL, NULL, NULL, NULL, NULL, 0),
(1187, 65, '2014-07-15 16:00:44', '2014-08-05 15:59:53', 30, 'Marlons Ariel Bechtold e Jaine Zermiani', '064.034.439-92', 'Venda Cancelada', NULL, 0, NULL, 0, NULL, NULL, NULL, 6950.00, 0, NULL, 347.50, '142000.00', NULL, 10976.00, 131024.00, NULL, 0),
(1188, 10, '2014-07-15 19:48:33', '2014-08-13 17:18:55', 33, 'Gracieli Souza Lima', '00714411078', 'Venda Cancelada', NULL, 0, NULL, 0, NULL, NULL, NULL, 6650.00, 0, NULL, 332.50, '136000.00', NULL, 15154.00, 120846.00, NULL, 0),
(1189, 167, '2014-07-16 16:32:05', NULL, 43, 'Felipe de Bairros Salazar', '417.598.588-38', 'Vendido', NULL, 1, NULL, 0, 3000.00, '2014-07-24 14:52:20', NULL, 6850.00, 0, NULL, 342.50, '140000.00', 3000.00, 18300.00, 118700.00, NULL, 1),
(1190, 245, '2014-07-17 14:59:51', NULL, 21, 'Jackson Santos Barbosa', '45675332839', 'Vendido', NULL, 1, NULL, 0, 2000.00, '2014-08-04 17:11:50', NULL, 6300.00, 0, NULL, 315.00, '129000.00', 2000.00, 20520.00, 106480.00, NULL, 1),
(1191, 184, '2014-07-18 13:45:26', NULL, 40, 'Wellington Charles Storino', '024.095.819-51', 'Vendido', NULL, 1, NULL, 0, 3000.00, '2014-08-04 16:59:49', NULL, 6800.00, 1, '2014-09-25 20:34:42', 340.00, '139000.00', 3000.00, 14100.00, 121900.00, NULL, 1),
(1192, 279, '2014-07-18 17:00:02', NULL, 2, 'Marcos Antonio Gerhardt', '493.953.789-72', 'Reserva em contratação', NULL, 0, NULL, 0, NULL, NULL, NULL, NULL, 0, NULL, NULL, NULL, NULL, NULL, NULL, NULL, 0),
(1193, 279, '2014-07-18 17:00:09', NULL, 2, 'Marcos Antonio Gerhardt', '493.953.789-72', 'Em Contratação', 1, NULL, NULL, NULL, NULL, NULL, NULL, NULL, NULL, NULL, NULL, NULL, NULL, NULL, NULL, NULL, 1),
(1194, 188, '2014-07-18 17:30:43', NULL, 2, 'Marcos', '874.175.416-13', 'Reserva em contratação', NULL, 0, NULL, 0, NULL, NULL, NULL, NULL, 0, NULL, NULL, NULL, NULL, NULL, NULL, NULL, 0),
(1195, 188, '2014-07-18 17:30:52', '2014-07-31 17:13:55', 2, 'Marcos', '874.175.416-13', 'Contratação Cancelada', 1, 0, NULL, NULL, NULL, NULL, NULL, NULL, NULL, NULL, NULL, NULL, NULL, NULL, NULL, NULL, 0),
(1196, 203, '2014-07-18 17:31:31', NULL, 2, 'Marcos', '857.485.522-11', 'Reserva em contratação', NULL, 0, NULL, 0, NULL, NULL, NULL, NULL, 0, NULL, NULL, NULL, NULL, NULL, NULL, NULL, 0),
(1197, 203, '2014-07-18 17:31:34', '2014-08-08 18:53:48', 2, 'Marcos', '857.485.522-11', 'Contratação Cancelada', 1, 0, NULL, NULL, NULL, NULL, NULL, NULL, NULL, NULL, NULL, NULL, NULL, NULL, NULL, NULL, 0),
(1198, 205, '2014-07-18 17:32:10', NULL, 2, 'Marcos', '654.987.864-51', 'Reserva em contratação', NULL, 0, NULL, 0, NULL, NULL, NULL, NULL, 0, NULL, NULL, NULL, NULL, NULL, NULL, NULL, 0),
(1199, 205, '2014-07-18 17:32:14', '2014-08-20 13:45:34', 2, 'Marcos', '654.987.864-51', 'Contratação Cancelada', 1, 0, NULL, NULL, NULL, NULL, NULL, NULL, NULL, NULL, NULL, NULL, NULL, NULL, NULL, NULL, 0),
(1200, 247, '2014-07-18 17:32:49', NULL, 2, 'Marcs', '352.152.151-51', 'Reserva em contratação', NULL, 0, NULL, 0, NULL, NULL, NULL, NULL, 0, NULL, NULL, NULL, NULL, NULL, NULL, NULL, 0),
(1201, 247, '2014-07-18 17:32:52', '2014-07-22 09:58:16', 2, 'Marcs', '352.152.151-51', 'Contratação Cancelada', 1, 0, NULL, NULL, NULL, NULL, NULL, NULL, NULL, NULL, NULL, NULL, NULL, NULL, NULL, NULL, 0),
(1202, 255, '2014-07-18 17:33:20', NULL, 2, 'Marcos', '321.654.852-41', 'Reserva em contratação', NULL, 0, NULL, 0, NULL, NULL, NULL, NULL, 0, NULL, NULL, NULL, NULL, NULL, NULL, NULL, 0),
(1203, 255, '2014-07-18 17:33:23', '2014-07-28 20:21:47', 2, 'Marcos', '321.654.852-41', 'Contratação Cancelada', 1, 0, NULL, NULL, NULL, NULL, NULL, NULL, NULL, NULL, NULL, NULL, NULL, NULL, NULL, NULL, 0),
(1204, 179, '2014-07-18 19:23:01', NULL, 21, 'Sandro Murilo Santos', '657.375.719-04', 'Vendido', NULL, 1, NULL, 0, 1000.00, '2014-08-04 16:59:13', NULL, 6900.00, 0, NULL, 345.00, '141000.00', 1000.00, 11800.00, 128200.00, NULL, 1),
(1205, 182, '2014-07-18 19:23:49', NULL, 41, 'Cristina dos Santos', '057.825.839-08', 'Vendido', NULL, 1, NULL, 0, 3000.00, '2014-07-24 14:52:39', NULL, 7150.00, 1, '2014-09-16 14:38:20', 357.50, '146000.00', 3000.00, 20216.00, 122784.00, NULL, 1),
(1206, 104, '2014-07-18 19:25:02', '2014-09-29 19:59:59', 21, 'Lincoln Patrick Marques', '073.624.829-30', 'Venda Cancelada', NULL, 0, NULL, 0, NULL, NULL, NULL, 6600.00, 1, '2014-09-10 16:06:48', 330.00, '135000.00', 4712.00, 19288.00, 111000.00, NULL, 0),
(1207, 181, '2014-07-21 10:15:02', NULL, 30, 'Paulo Eduardo Pacheco Cane', '073.447.399-09', 'Vendido', NULL, 1, NULL, 0, 3000.00, '2014-07-28 20:29:31', NULL, 6700.00, 0, NULL, 335.00, '137000.00', 3000.00, 12600.00, 121400.00, NULL, 1),
(1208, 22, '2014-07-21 15:31:59', NULL, 2, 'Marcos', '564.591.585-13', 'Reserva em contratação', NULL, 0, NULL, 0, NULL, NULL, NULL, NULL, 0, NULL, NULL, NULL, NULL, NULL, NULL, NULL, 0),
(1209, 22, '2014-07-21 15:32:02', '2014-07-31 17:08:58', 2, 'Marcos', '564.591.585-13', 'Contratação Cancelada', 1, 0, NULL, NULL, NULL, NULL, NULL, NULL, NULL, NULL, NULL, NULL, NULL, NULL, NULL, NULL, 0),
(1210, 247, '2014-07-22 09:59:04', NULL, 30, 'Antonio Adami Junior e Jaqueline Cardoso de Lima Adami', '03778854950', 'Vendido', NULL, 1, NULL, 0, 3000.00, '2014-09-01 16:02:25', NULL, 6850.00, 0, NULL, 342.50, '140000.00', 3000.00, 1800.00, 135200.00, NULL, 1),
(1211, 189, '2014-07-22 10:56:58', NULL, 19, 'Erika Brigida Lee', '05560979988', 'Vendido', NULL, 1, NULL, 0, 3000.00, '2014-08-06 14:44:53', NULL, 6850.00, 0, NULL, 342.50, '140000.00', 3000.00, 19600.00, 117400.00, NULL, 1),
(1212, 124, '2014-07-22 10:58:40', NULL, 20, 'Felipe Campos', '06732638947', 'Vendido', NULL, 1, NULL, 0, 3000.00, '2014-08-26 11:38:31', NULL, 6350.00, 1, '2014-10-09 14:33:02', 317.50, '130000.00', 2000.00, 7876.00, 120124.00, NULL, 1),
(1213, 73, '2014-07-25 16:31:08', '2014-09-29 19:17:21', 21, 'Josué dos Santos', '05029098976', 'Venda Cancelada', NULL, 0, NULL, 0, NULL, NULL, NULL, 7200.00, 1, '2014-08-19 18:49:41', 360.00, '147000.00', 1500.00, 16687.50, 128812.50, NULL, 0),
(1214, 121, '2014-07-28 20:20:59', NULL, 19, 'Jefferson José de Lima', '54795273987', 'Vendido', NULL, 1, NULL, 0, 3000.00, '2014-08-06 14:45:16', NULL, 6400.00, 1, '2014-09-10 16:14:35', 320.00, '131000.00', 3000.00, 6000.00, 122000.00, NULL, 1),
(1215, 255, '2014-07-28 20:22:30', NULL, 48, 'Amanda de Souza', '05307057962', 'Vendido', NULL, 1, NULL, 0, 3000.00, '2014-08-06 14:41:17', NULL, 7100.00, 0, NULL, 355.00, '145000.00', 3000.00, 23252.00, 118748.00, NULL, 1),
(1216, 91, '2014-07-29 15:50:03', NULL, 2, 'dfsadfsd', '544.554.654-65', 'Reserva em contratação', NULL, 0, NULL, 0, NULL, NULL, NULL, NULL, 0, NULL, NULL, NULL, NULL, NULL, NULL, NULL, 0),
(1217, 91, '2014-07-29 15:50:07', '2014-08-07 19:37:21', 2, 'dfsadfsd', '544.554.654-65', 'Contratação Cancelada', 1, 0, NULL, NULL, NULL, NULL, NULL, NULL, NULL, NULL, NULL, NULL, NULL, NULL, NULL, NULL, 0),
(1218, 75, '2014-07-29 15:50:44', NULL, 2, 'zfasdfsadf', '965.498.418-15', 'Reserva em contratação', NULL, 0, NULL, 0, NULL, NULL, NULL, NULL, 0, NULL, NULL, NULL, NULL, NULL, NULL, NULL, 0),
(1219, 75, '2014-07-29 15:50:47', '2014-09-17 16:28:27', 2, 'zfasdfsadf', '965.498.418-15', 'Contratação Cancelada', 1, 0, NULL, NULL, NULL, NULL, NULL, NULL, NULL, NULL, NULL, NULL, NULL, NULL, NULL, NULL, 0),
(1220, 175, '2014-07-29 19:31:04', NULL, 57, 'Sergio da Conceição', '76245314968', 'Vendido', NULL, 1, NULL, 0, 3000.00, '2014-08-04 17:00:10', NULL, 7100.00, 0, NULL, 355.00, '145000.00', 3000.00, 13500.00, 128500.00, NULL, 1),
(1221, 241, '2014-07-30 10:20:18', NULL, 40, 'Willian da Silva Jorge', '09137816900', 'Vendido', NULL, 1, 1, 0, NULL, NULL, '2014-08-04 17:09:09', 6400.00, 0, NULL, 320.00, '131000.00', 5000.00, 5000.00, 121000.00, NULL, 1),
(1222, 262, '2014-07-30 12:50:52', '2014-09-09 15:10:10', 50, 'Luiz Leonardo Bonfanti e Larissa Tomaz da Silva', '091.805.899-60', 'Venda Cancelada', NULL, 0, NULL, 0, 2000.00, '2014-08-04 17:13:03', NULL, 7150.00, 0, NULL, 357.50, '146000.00', 2000.00, 23919.00, 120081.00, NULL, 0),
(1223, 22, '2014-07-31 17:10:03', '2014-10-01 18:12:05', 33, 'Maria Aparecida da Mota Teixeira e Jonas Teixeira', '58659137949', 'Venda Cancelada', NULL, 0, NULL, 0, NULL, NULL, NULL, 6750.00, 1, '2014-08-19 18:49:17', 337.50, '138000.00', NULL, 16700.00, 121300.00, NULL, 0),
(1224, 188, '2014-07-31 17:14:39', NULL, 33, 'Aline Maximo Peres', '07241659910', 'Vendido', NULL, 1, NULL, 0, 3000.00, '2014-08-06 16:51:26', NULL, 6900.00, 0, NULL, 345.00, '141000.00', 5000.00, 9640.00, 126360.00, NULL, 1),
(1225, 215, '2014-08-01 14:05:22', NULL, 20, 'Anderson Luiz Farias e Dayane Cristina Aparecida Andrade', '09051404948', 'Vendido', NULL, 1, NULL, 0, 3000.00, '2014-08-06 14:45:04', NULL, 6850.00, 0, NULL, 342.50, '140000.00', 3000.00, 8450.00, 128550.00, NULL, 1),
(1226, 259, '2014-08-01 18:27:53', NULL, 33, 'Bruna Luiza Gleisa', '07246311947', 'Vendido', NULL, 1, NULL, 0, 3000.00, '2014-08-06 14:41:27', NULL, 6900.00, 0, NULL, 345.00, '141000.00', 3000.00, 12798.00, 125202.00, NULL, 1),
(1227, 65, '2014-08-05 16:00:13', NULL, 2, 'dlfkjlskdflsdfj', '987.984.566-51', 'Reserva em contratação', NULL, 0, NULL, 0, NULL, NULL, NULL, NULL, 0, NULL, NULL, NULL, NULL, NULL, NULL, NULL, 0),
(1228, 65, '2014-08-05 16:00:17', NULL, 2, 'dlfkjlskdflsdfj', '987.984.566-51', 'Em Contratação', 1, NULL, NULL, NULL, NULL, NULL, NULL, NULL, NULL, NULL, NULL, NULL, NULL, NULL, NULL, NULL, 1),
(1229, 48, '2014-08-05 16:04:35', NULL, 2, 'ryrgrgregrtgr', '963.587.465-92', 'Reserva em contratação', NULL, 0, NULL, 0, NULL, NULL, NULL, NULL, 0, NULL, NULL, NULL, NULL, NULL, NULL, NULL, 0),
(1230, 48, '2014-08-05 16:04:39', '2014-08-13 14:24:16', 2, 'ryrgrgregrtgr', '963.587.465-92', 'Contratação Cancelada', 1, 0, NULL, NULL, NULL, NULL, NULL, NULL, NULL, NULL, NULL, NULL, NULL, NULL, NULL, NULL, 0),
(1231, 208, '2014-08-05 17:38:39', NULL, 21, 'Danielle Sandri Affonso', '69419710106', 'Vendido', NULL, 1, NULL, 0, NULL, NULL, NULL, 6400.00, 0, NULL, 320.00, '131000.00', 1000.00, 9342.00, 120658.00, NULL, 1),
(1232, 108, '2014-08-06 16:55:39', '2014-09-29 20:09:54', 30, 'Juliana de Souza', '06101815994', 'Venda Cancelada', NULL, 0, NULL, 0, NULL, NULL, NULL, 6950.00, 1, '2014-09-09 15:11:28', 347.50, '142000.00', NULL, 2856.00, 139144.00, NULL, 0),
(1233, 91, '2014-08-07 19:38:08', NULL, 21, 'Estefano Tafarel Pereira', '05905114919', 'Vendido', NULL, 1, NULL, 0, 6650.00, '2014-09-25 19:51:37', NULL, 6650.00, 1, '2014-09-10 16:04:23', 332.50, '136000.00', 4000.00, 21400.00, 110600.00, NULL, 1),
(1234, 168, '2014-08-07 19:39:31', NULL, 40, 'João Diamantino Pereira, Sibeli e Murilo', '31228739900', 'Vendido', NULL, 1, NULL, 0, NULL, NULL, NULL, 6350.00, 0, NULL, 317.50, '130000.00', 3000.00, 12040.00, 114960.00, NULL, 1),
(1235, 203, '2014-08-08 18:54:39', NULL, 33, 'Antonio Wagner de Gusmão da Silva e Leticia', '01775630013', 'Vendido', NULL, 1, NULL, 0, NULL, NULL, NULL, 6450.00, 0, NULL, 322.50, '132000.00', 1500.00, 11031.00, 119469.00, NULL, 1),
(1236, 48, '2014-08-13 14:26:32', NULL, 40, 'Phillipe Dhiego da Silva e Crislaine', '06868275978', 'Vendido', NULL, 1, NULL, 1, NULL, '2014-09-25 19:48:22', NULL, 6150.00, 1, '2014-08-19 18:49:35', 307.50, '126000.00', 342.00, 8658.00, 117000.00, NULL, 1),
(1237, 29, '2014-08-13 17:16:57', NULL, 2, 'wertwetgwerg', '984.564.198-16', 'Reserva em contratação', NULL, 0, NULL, 0, NULL, NULL, NULL, NULL, 0, NULL, NULL, NULL, NULL, NULL, NULL, NULL, 0),
(1238, 29, '2014-08-13 17:17:01', NULL, 2, 'wertwetgwerg', '984.564.198-16', 'Em Contratação', 1, NULL, NULL, NULL, NULL, NULL, NULL, NULL, NULL, NULL, NULL, NULL, NULL, NULL, NULL, NULL, 1),
(1239, 10, '2014-08-13 17:19:20', NULL, 2, 'Graciana', '987.984.654-51', 'Reserva em contratação', NULL, 0, NULL, 0, NULL, NULL, NULL, NULL, 0, NULL, NULL, NULL, NULL, NULL, NULL, NULL, 0),
(1240, 10, '2014-08-13 17:19:24', '2014-08-19 18:28:50', 2, 'Graciana', '987.984.654-51', 'Contratação Cancelada', 1, 0, NULL, NULL, NULL, NULL, NULL, NULL, NULL, NULL, NULL, NULL, NULL, NULL, NULL, NULL, 0),
(1241, 101, '2014-08-13 17:21:54', NULL, 2, 'ythhtyhthth', '788.574.456-46', 'Reserva em contratação', NULL, 0, NULL, 0, NULL, NULL, NULL, NULL, 0, NULL, NULL, NULL, NULL, NULL, NULL, NULL, 0),
(1242, 101, '2014-08-13 17:21:57', NULL, 2, 'ythhtyhthth', '788.574.456-46', 'Reserva vendida', 1, NULL, NULL, NULL, NULL, NULL, NULL, NULL, NULL, NULL, NULL, NULL, NULL, NULL, NULL, NULL, 0);
INSERT INTO `historico` (`id`, `apartamento`, `data`, `data_cancelamento`, `usuario`, `cliente_nome`, `cliente_cpf`, `status`, `em_contratacao`, `vendido`, `corretor_pago_meia`, `corretor_pago`, `valor_pago_corretor`, `data_pagamento_corretor`, `data_pagamento_corretor_meia`, `valor_comissao_corretor`, `adm_vendas_pago`, `data_pagamento_adm_vendas`, `valor_pagamento_adm_vendas`, `valor_venda`, `valor_entrada`, `valor_financiado_construtora`, `valor_financiado_caixa`, `data_aprovacao_financiamento`, `ativo`) VALUES
(1243, 32, '2014-08-13 17:33:51', NULL, 20, 'Donizete Bittencourt Reinaldo e Glauce', '94109850134', 'Vendido', NULL, 1, NULL, 0, 3000.00, '2014-09-09 14:46:08', NULL, 6950.00, 1, '2014-08-19 18:49:26', 347.50, '142000.00', 3000.00, 13200.00, 125800.00, NULL, 1),
(1244, 96, '2014-08-13 19:30:09', NULL, 2, 'gtwertfwertwer', '235.235.234-53', 'Reserva em contratação', NULL, 0, NULL, 0, NULL, NULL, NULL, NULL, 0, NULL, NULL, NULL, NULL, NULL, NULL, NULL, 0),
(1245, 96, '2014-08-13 19:30:12', '2014-08-19 18:37:26', 2, 'gtwertfwertwer', '235.235.234-53', 'Contratação Cancelada', 1, 0, NULL, NULL, NULL, NULL, NULL, NULL, NULL, NULL, NULL, NULL, NULL, NULL, NULL, NULL, 0),
(1246, 101, '2014-08-18 10:01:05', NULL, 2, 'Roan de Almeida', '08106970922', 'Vendido', NULL, 1, NULL, 0, 3000.00, '2014-08-20 16:08:22', NULL, 6700.00, 1, '2014-09-10 16:06:34', 335.00, '137000.00', 3000.00, 12015.00, 121985.00, NULL, 1),
(1247, 122, '2014-08-18 12:27:44', NULL, 41, 'Kelen C P da Silva e Rafael R de Souza', '09522591920', 'Vendido', NULL, 1, NULL, 0, NULL, NULL, NULL, 6600.00, 1, '2014-09-10 16:14:40', 330.00, '135000.00', 1000.00, 11888.00, 122112.00, NULL, 1),
(1248, 174, '2014-08-19 16:10:23', NULL, 21, 'Bruna Soares', '09190369963', 'Vendido', NULL, 1, NULL, 0, NULL, NULL, NULL, 6950.00, 0, '2014-09-16 14:37:52', 347.50, '142000.00', 1500.00, 12348.00, 128152.00, NULL, 1),
(1249, 10, '2014-08-19 18:29:30', NULL, 33, 'Graciana Amaral', '78579023904', 'Vendido', NULL, 1, NULL, 0, 3000.00, '2014-08-20 16:08:11', NULL, 6650.00, 1, '2014-09-10 16:03:40', 332.50, '136000.00', 3000.00, 11205.00, 121795.00, '0000-00-00 00:00:00', 1),
(1250, 96, '2014-08-19 18:38:04', NULL, 20, 'Tatiani Pereira', '07365852909', 'Vendido', NULL, 1, NULL, 0, 6350.00, '2014-10-06 13:30:10', NULL, 6350.00, 1, '2014-09-10 16:04:45', 317.50, '130000.00', 3000.00, 6000.00, 121000.00, NULL, 1),
(1251, 205, '2014-08-20 13:46:10', NULL, 33, 'Alfonso Carlos Cardoso', '08101352996', 'Vendido', NULL, 1, NULL, 0, 3000.00, '2014-08-25 16:21:23', NULL, 6350.00, 0, NULL, 317.50, '130000.00', 3000.00, 10800.00, 116200.00, NULL, 1),
(1252, 41, '2014-08-20 14:52:46', NULL, 2, 'dsfgsdfgsdfgdsfg', '454.552.353-45', 'Reserva em contratação', NULL, 0, NULL, 0, NULL, NULL, NULL, NULL, 0, NULL, NULL, NULL, NULL, NULL, NULL, NULL, 0),
(1253, 41, '2014-08-20 14:52:49', NULL, 2, 'dsfgsdfgsdfgdsfg', '454.552.353-45', 'Em Contratação', 1, NULL, NULL, NULL, NULL, NULL, NULL, NULL, NULL, NULL, NULL, NULL, NULL, NULL, NULL, NULL, 1),
(1254, 34, '2014-08-26 14:48:56', NULL, 2, 'etertwertertwetwerter', '456.664.646-56', 'Reserva em contratação', NULL, 0, NULL, 0, NULL, NULL, NULL, NULL, 0, NULL, NULL, NULL, NULL, NULL, NULL, NULL, 0),
(1255, 34, '2014-08-26 14:49:00', '2014-09-18 19:36:35', 2, 'etertwertertwetwerter', '456.664.646-56', 'Contratação Cancelada', 1, 0, NULL, NULL, NULL, NULL, NULL, NULL, NULL, NULL, NULL, NULL, NULL, NULL, NULL, NULL, 0),
(1256, 135, '2014-08-28 10:53:47', NULL, 21, 'Bianca Bielau Gernandes', '00733363946', 'Vendido', NULL, 1, NULL, 1, NULL, '2014-10-01 18:28:27', NULL, 6850.00, 1, '2014-10-09 14:41:35', 342.50, '140000.00', 1000.00, 12960.00, 126040.00, NULL, 1),
(1257, 164, '2014-08-29 15:52:58', NULL, 48, 'Alexandro de Carvalho', '03390657967', 'Vendido', NULL, 1, NULL, 0, 3000.00, '2014-09-01 18:25:16', NULL, 6350.00, 0, NULL, 317.50, '130000.00', 3000.00, 6000.00, 121000.00, NULL, 1),
(1258, 262, '2014-09-09 15:11:00', NULL, 2, 'sfsadfasfasdsda', '123.412.341-23', 'Reserva em contratação', NULL, 0, NULL, 0, NULL, NULL, NULL, NULL, 0, NULL, NULL, NULL, NULL, NULL, NULL, NULL, 0),
(1259, 262, '2014-09-09 15:11:04', '2014-09-12 19:22:26', 2, 'sfsadfasfasdsda', '123.412.341-23', 'Contratação Cancelada', 1, 0, NULL, NULL, NULL, NULL, NULL, NULL, NULL, NULL, NULL, NULL, NULL, NULL, NULL, NULL, 0),
(1260, 109, '2014-09-09 15:11:28', NULL, 2, 'yuyyyyyyry', '658.688.888-78', 'Reserva em contratação', NULL, 0, NULL, 0, NULL, NULL, NULL, NULL, 0, NULL, NULL, NULL, NULL, NULL, NULL, NULL, 0),
(1261, 109, '2014-09-09 15:11:31', '2014-09-09 20:03:41', 2, 'yuyyyyyyry', '658.688.888-78', 'Contratação Cancelada', 1, 0, NULL, NULL, NULL, NULL, NULL, NULL, NULL, NULL, NULL, NULL, NULL, NULL, NULL, NULL, 0),
(1262, 109, '2014-09-09 20:04:21', NULL, 38, 'Vitor Everton Fernandes', '09258715918', 'Vendido', NULL, 1, NULL, 1, NULL, '2014-09-25 19:52:42', NULL, 6950.00, 1, '2014-09-10 16:11:17', 347.50, '142000.00', 20497.72, NULL, 121502.28, NULL, 1),
(1263, 262, '2014-09-12 19:23:05', NULL, 38, 'Tairine Tuany Rebelo', '07912517995', 'Vendido', NULL, 1, NULL, 0, NULL, NULL, NULL, 7150.00, 0, NULL, 357.50, '146000.00', 8000.00, 21060.00, 116940.00, NULL, 1),
(1264, 35, '2014-09-16 14:33:00', NULL, 2, 'asdfasdfasdf', '452.352.345-23', 'Reserva em contratação', NULL, 0, NULL, 0, NULL, NULL, NULL, NULL, 0, NULL, NULL, NULL, NULL, NULL, NULL, NULL, 0),
(1265, 35, '2014-09-16 14:33:03', '2014-09-25 20:41:27', 2, 'asdfasdfasdf', '452.352.345-23', 'Contratação Cancelada', 1, 0, NULL, NULL, NULL, NULL, NULL, NULL, NULL, NULL, NULL, NULL, NULL, NULL, NULL, NULL, 0),
(1266, 75, '2014-09-17 16:29:24', NULL, 57, 'Paula Dutra Pereira', '07246470905', 'Vendido', NULL, 1, NULL, 1, NULL, '2014-09-25 19:50:20', NULL, 7250.00, 1, '2014-10-09 14:31:22', 362.50, '148000.00', 5000.00, 12788.00, 130212.00, NULL, 1),
(1267, 34, '2014-09-18 19:37:20', NULL, 41, 'Ana Paula de Moraes', '06842425913', 'Vendido', NULL, 1, NULL, 0, 3750.00, '2014-09-26 17:58:03', NULL, 7450.00, 1, '2014-10-09 14:31:33', 372.50, '152000.00', 10000.00, 13800.00, 128200.00, NULL, 1),
(1268, 105, '2014-09-25 20:33:47', NULL, 31, 'yyyyy', '575.474.774-74', 'Reserva em contratação', NULL, 0, NULL, 0, NULL, NULL, NULL, NULL, 0, NULL, NULL, NULL, NULL, NULL, NULL, NULL, 0),
(1269, 105, '2014-09-25 20:33:51', NULL, 31, 'yyyyy', '575.474.774-74', 'Reserva vendida', 1, NULL, NULL, NULL, NULL, NULL, NULL, NULL, NULL, NULL, NULL, NULL, NULL, NULL, NULL, NULL, 0),
(1270, 35, '2014-09-25 20:42:21', NULL, 48, 'Jose Nilzo Schultz', '98733141991', 'Vendido', NULL, 1, NULL, 1, NULL, '2014-09-26 11:29:06', NULL, 7250.00, 1, '2014-10-09 14:31:27', 362.50, '148000.00', 8000.00, 18672.00, 121328.00, NULL, 1),
(1271, 23, '2014-09-26 11:32:12', '2014-10-09 19:20:46', 20, 'Willian Everton de Oliveira', '08222205986', 'Venda Cancelada', NULL, 0, NULL, 0, 2000.00, '2014-09-26 17:29:05', NULL, 6900.00, 1, '2014-10-09 14:31:40', 345.00, '141000.00', 3000.00, 14320.00, 123680.00, NULL, 0),
(1272, 105, '2014-09-26 11:35:30', '2014-10-09 19:16:42', 31, 'Luan dos Santos Subtil e Luana Maciel Pereira Subtil', '08158854907', 'Venda Cancelada', NULL, 0, NULL, 0, 3000.00, '2014-10-09 19:00:38', NULL, 6800.00, 1, '2014-10-09 14:40:29', 340.00, '139000.00', 3000.00, 16767.00, 119233.00, NULL, 0),
(1273, 3, '2014-09-26 18:36:28', NULL, 50, 'Dirlene Alexandre', '041641615641648496', 'Vendido', NULL, 1, NULL, 0, 6200.00, '2014-10-08 15:08:21', NULL, 6200.00, 1, '2014-09-26 18:37:00', 310.00, '127000.00', 3000.00, 5850.00, 118150.00, NULL, 1),
(1274, 5, '2014-09-26 18:43:42', NULL, 40, 'Ricardo de Souza', '0005222558855', 'Vendido', NULL, 1, NULL, 0, 6100.00, '2014-10-08 15:08:42', NULL, 6100.00, 1, '2014-09-26 18:44:03', 305.00, '125000.00', 3000.00, 21687.58, 100312.42, NULL, 1),
(1275, 9, '2014-09-26 18:58:17', NULL, 33, 'Adrana Serpa', '66666666666555', 'Vendido', NULL, 1, NULL, 1, NULL, '2014-10-02 13:27:38', NULL, 6450.00, 1, '2014-10-09 14:31:54', 322.50, '132000.00', 3000.00, 10887.00, 118113.00, NULL, 1),
(1276, 15, '2014-09-26 19:04:28', '2014-09-26 19:20:30', 30, 'Laerte Rautenberg Constantino', '52965023056416', 'Venda Cancelada', NULL, 0, NULL, 0, NULL, NULL, NULL, 6650.00, 1, '2014-09-26 19:04:39', 332.50, '136000.00', NULL, 19401.70, 116598.30, NULL, 0),
(1277, 19, '2014-09-26 19:12:34', NULL, 30, 'Joselino Floriano', '55662000000', 'Vendido', NULL, 1, NULL, 0, 6750.00, '2014-10-02 13:28:18', NULL, 6750.00, 1, '2014-09-26 19:13:03', 337.50, '138000.00', 5065.00, 44935.00, 88000.00, NULL, 1),
(1278, 15, '2014-09-26 19:21:33', NULL, 30, 'Laerte Rautenberg Constantino', '663332211', 'Vendido', NULL, 1, NULL, 1, NULL, '2014-10-02 13:27:56', NULL, 6650.00, 1, '2014-10-09 14:31:48', 332.50, '136000.00', NULL, 24598.32, 111401.68, NULL, 1),
(1279, 20, '2014-09-26 19:24:54', NULL, 38, 'Andre Luis Davila', '555444222', 'Vendido', NULL, 1, NULL, 0, 6600.00, '2014-10-08 15:10:44', NULL, 6600.00, 1, '2014-09-26 19:25:39', 330.00, '135000.00', 3000.00, 11154.00, 120846.00, NULL, 1),
(1280, 21, '2014-09-26 19:28:12', NULL, 21, 'Nicholas Mafra', '000000002', 'Vendido', NULL, 1, NULL, 0, 6600.00, '2014-10-08 15:11:02', NULL, 6600.00, 1, '2014-09-26 19:28:38', 330.00, '135000.00', 3000.00, 19766.00, 112234.00, NULL, 1),
(1281, 24, '2014-09-26 19:32:25', NULL, 21, 'Jonatan Fernandez Ferreira e Thais', '633339987', 'Vendido', NULL, 1, NULL, 0, 6700.00, '2014-10-08 15:11:16', NULL, 6700.00, 1, '2014-09-26 19:32:50', 335.00, '137000.00', 1500.00, 14900.12, 120599.88, NULL, 1),
(1282, 25, '2014-09-26 19:36:21', NULL, 18, 'Reseleia de Morais Salvador', '222222222555', 'Vendido', NULL, 1, NULL, 0, 6950.00, '2014-09-26 19:36:39', NULL, 6950.00, 1, '2014-09-26 19:36:49', 347.50, '142000.00', 3000.00, 20887.00, 118113.00, NULL, 1),
(1283, 26, '2014-09-26 19:40:11', NULL, 18, 'Eliomar de Souza', '11111111117', 'Vendido', NULL, 1, NULL, 1, NULL, '2014-09-26 19:40:26', NULL, 7200.00, 1, '2014-09-26 19:40:34', 360.00, '147000.00', 4600.00, 25011.31, 117388.69, NULL, 1),
(1284, 27, '2014-09-26 19:44:06', NULL, 18, 'Andre Felipe Elesbao de Amorim', '0004485', 'Vendido', NULL, 1, NULL, 1, NULL, '2014-09-26 19:44:26', NULL, 7000.00, 1, '2014-09-26 19:44:33', 350.00, '143000.00', 3000.00, 19014.00, 120986.00, NULL, 1),
(1285, 30, '2014-09-26 19:49:04', NULL, 18, 'Allan Roddrigue Hoffmann', '000558', 'Vendido', NULL, 1, NULL, 1, NULL, '2014-09-26 19:49:14', NULL, 7000.00, 1, '2014-09-26 19:49:22', 350.00, '143000.00', 2000.00, 21234.45, 119765.55, NULL, 1),
(1286, 31, '2014-09-26 19:53:54', NULL, 41, 'Rafaelle Moreira Martins', '555555666', 'Vendido', NULL, 1, NULL, 0, 7200.00, '2014-09-30 12:08:01', NULL, 7200.00, 1, '2014-09-26 19:54:19', 360.00, '147000.00', 3000.00, 11521.96, 132478.05, NULL, 1),
(1287, 33, '2014-09-26 19:57:12', NULL, 21, 'Fabiano Subtil e Jeane', '85265', 'Vendido', NULL, 1, NULL, 0, 7200.00, '2014-10-08 15:11:36', NULL, 7200.00, 1, '2014-09-26 19:57:37', 360.00, '147000.00', 3000.00, 19484.45, 124515.55, NULL, 1),
(1288, 36, '2014-09-26 20:01:17', '2014-10-08 15:18:13', 19, 'Cristiano Ribeiro de Lima', '8885523', 'Venda Cancelada', NULL, 0, NULL, 0, 3000.00, '2014-09-26 20:01:35', NULL, 7100.00, 1, '2014-09-26 20:01:43', 355.00, '145000.00', 1000.00, 38000.00, 106000.00, NULL, 0),
(1289, 37, '2014-09-26 20:04:30', NULL, 41, 'Rafaela Silva Japiassu Reis', '88565261264', 'Vendido', NULL, 1, NULL, 1, NULL, '2014-09-26 20:04:42', NULL, 7100.00, 1, '2014-09-26 20:04:50', 355.00, '145000.00', 25000.00, 18277.12, 101722.88, NULL, 1),
(1290, 38, '2014-09-26 20:07:30', NULL, 18, 'Rafael Possa', '33333333355', 'Vendido', NULL, 1, NULL, 1, NULL, '2014-09-26 20:07:44', NULL, 7250.00, 1, '2014-09-26 20:07:52', 362.50, '148000.00', 6000.00, 14699.17, 127300.83, NULL, 1),
(1291, 170, '2014-09-29 18:31:39', NULL, 21, 'Kelvin Ramos e Priscila Cristina Martins', '09891833941', 'Vendido', NULL, 1, NULL, 0, NULL, NULL, NULL, 7000.00, 0, NULL, 350.00, '143000.00', 630.00, 18775.00, 123595.00, NULL, 1),
(1292, 47, '2014-09-29 18:38:05', NULL, 50, 'Joao Rogerio da Silva', '88552222', 'Vendido', NULL, 1, NULL, 0, 6350.00, '2014-10-08 15:22:22', NULL, 6350.00, 1, '2014-09-29 18:38:40', 317.50, '130000.00', 3000.00, 20655.85, 106344.15, NULL, 1),
(1293, 49, '2014-09-29 18:41:54', NULL, 31, 'Bruno Nelson Amorim', '8888888888888', 'Vendido', NULL, 1, NULL, 0, 6450.00, '2014-10-02 13:29:01', NULL, 6450.00, 1, '2014-09-29 18:42:17', 322.50, '132000.00', 6500.00, 17928.01, 107571.99, NULL, 1),
(1294, 50, '2014-09-29 18:45:58', NULL, 30, 'Leonardo Roberto Souza', '85236633', 'Vendido', NULL, 1, NULL, 1, NULL, '2014-10-02 13:29:15', NULL, 6650.00, 1, '2014-09-29 18:46:06', 332.50, '136000.00', 5000.00, 9426.00, 121574.00, NULL, 1),
(1295, 54, '2014-09-29 18:49:31', NULL, 19, 'Fabricio Tadeu Silva de Miranda e Ana', '000000022222333', 'Vendido', NULL, 1, NULL, 0, 6500.00, '2014-10-02 13:29:57', NULL, 6500.00, 1, '2014-09-29 18:49:59', 325.00, '133000.00', 3000.00, 12643.50, 117356.50, NULL, 1),
(1296, 60, '2014-09-29 18:52:37', NULL, 35, 'Bianca Gonçalves e Emerson', '8555996', 'Vendido', NULL, 1, NULL, 0, 6600.00, '2014-10-02 13:30:42', NULL, 6600.00, 1, '2014-09-29 18:53:03', 330.00, '135000.00', 3500.00, 9521.19, 121978.81, NULL, 1),
(1297, 64, '2014-09-29 18:55:15', NULL, 20, 'Carla Kai', '8963258741', 'Vendido', NULL, 1, NULL, 0, 6700.00, '2014-10-06 13:29:16', NULL, 6700.00, 1, '2014-09-29 18:55:42', 335.00, '137000.00', 3000.00, 25121.60, 108878.40, NULL, 1),
(1298, 66, '2014-09-29 19:07:40', NULL, 41, 'Thiago Martins', '222200000000', 'Vendido', NULL, 1, NULL, 0, 7200.00, '2014-09-30 12:08:32', NULL, 7200.00, 1, '2014-09-29 19:08:26', 360.00, '147000.00', 3000.00, 18201.47, 125798.53, NULL, 1),
(1299, 67, '2014-09-29 19:10:58', NULL, 35, 'Luiz Orlando Serpa Neto', '55556666666111', 'Vendido', NULL, 1, NULL, 0, 7000.00, '2014-10-02 13:31:43', NULL, 7000.00, 1, '2014-09-29 19:11:29', 350.00, '143000.00', 3000.00, 18038.70, 121961.30, NULL, 1),
(1300, 69, '2014-09-29 19:15:03', NULL, 21, 'Elton da Silva e Ana Luiza', '5487777', 'Vendido', NULL, 1, NULL, 0, 6800.00, '2014-10-08 15:23:12', NULL, 6800.00, 1, '2014-09-29 19:15:26', 340.00, '139000.00', 3000.00, 12452.52, 123547.48, NULL, 1),
(1301, 73, '2014-09-29 19:18:22', NULL, 21, 'Josue dos Santos', '44447778', 'Vendido', NULL, 1, NULL, 1, NULL, '2014-10-08 15:23:25', NULL, 7200.00, 1, '2014-09-29 19:19:42', 360.00, '147000.00', 1500.00, 27387.00, 118113.00, NULL, 1),
(1302, 77, '2014-09-29 19:22:19', NULL, 43, 'Cristiano Barbosa da Rosa', '852693', 'Vendido', NULL, 1, NULL, 0, 7100.00, '2014-09-30 12:09:12', NULL, 7100.00, 1, '2014-09-29 19:22:43', 355.00, '145000.00', 3000.00, 16902.19, 125097.81, NULL, 1),
(1303, 79, '2014-09-29 19:25:02', NULL, 18, 'Marcela de Paula', '85269', 'Vendido', NULL, 1, NULL, 0, 7450.00, '2014-09-29 19:25:19', NULL, 7450.00, 1, '2014-09-29 19:25:30', 372.50, '152000.00', 4000.00, 26572.27, 121427.73, NULL, 1),
(1304, 82, '2014-09-29 19:34:48', NULL, 20, 'Leandro Inacio Claudino', '5896698', 'Vendido', NULL, 1, NULL, 0, 6200.00, '2014-10-06 13:29:34', NULL, 6200.00, 1, '2014-09-29 19:35:13', 310.00, '127000.00', NULL, 13753.08, 113246.92, NULL, 1),
(1305, 86, '2014-09-29 19:38:01', NULL, 38, 'Alonso Allan de Oliveira Teixeira', '878787', 'Vendido', NULL, 1, NULL, 0, 6350.00, '2014-10-08 15:24:49', NULL, 6350.00, 1, '2014-09-29 19:38:25', 317.50, '130000.00', 1000.00, 19356.98, 109643.02, NULL, 1),
(1306, 87, '2014-09-29 19:41:24', NULL, 40, 'Joceli Carla dos Santos Moura e Romulo', '8585696', 'Vendido', NULL, 1, NULL, 0, 6200.00, '2014-10-08 15:25:04', NULL, 6200.00, 1, '2014-09-29 19:41:54', 310.00, '127000.00', 1000.00, 16250.00, 109750.00, NULL, 1),
(1307, 92, '2014-09-29 19:45:25', NULL, 21, 'Marcus Vinicius Neto da Silva', '363636', 'Vendido', NULL, 1, NULL, 0, 6450.00, '2014-10-08 15:25:45', NULL, 6450.00, 1, '2014-09-29 19:46:05', 322.50, '132000.00', 10000.00, 22757.54, 99242.46, NULL, 1),
(1308, 97, '2014-09-29 19:49:04', NULL, 21, 'Vilson Jose de Souza', '8525852', 'Vendido', NULL, 1, NULL, 0, 6600.00, '2014-10-08 15:26:31', NULL, 6600.00, 1, '2014-09-29 19:49:34', 330.00, '135000.00', 3000.00, 7578.06, 124421.94, NULL, 1),
(1309, 98, '2014-09-29 19:51:42', NULL, 21, 'Arao dos Santos Amara', '32323636', 'Vendido', NULL, 1, NULL, 0, 6750.00, '2014-10-08 15:26:49', NULL, 6750.00, 1, '2014-09-29 19:52:03', 337.50, '138000.00', 2000.00, 10872.57, 125127.43, NULL, 1),
(1310, 99, '2014-09-29 19:54:01', NULL, 35, 'Rainerio do Nascimento Nogueira', '85859696', 'Vendido', NULL, 1, NULL, 0, 6900.00, '2014-10-02 13:33:12', NULL, 6900.00, 1, '2014-09-29 19:54:26', 345.00, '141000.00', 3000.00, 22000.00, 116000.00, NULL, 1),
(1311, 100, '2014-09-29 19:58:34', NULL, 21, 'Geovane de Souza e Ana Carolina', '85252623', 'Vendido', NULL, 1, NULL, 0, 6700.00, '2014-10-08 15:27:07', NULL, 6700.00, 1, '2014-09-29 19:59:01', 335.00, '137000.00', NULL, 16629.36, 120370.64, NULL, 1),
(1312, 104, '2014-09-29 20:01:05', NULL, 21, 'Lincoln Patrick Marques', '96963323', 'Vendido', NULL, 1, NULL, 1, NULL, '2014-10-08 15:27:17', NULL, 6600.00, 1, '2014-09-29 20:01:13', 330.00, '135000.00', 4712.00, 18500.15, 111787.85, NULL, 1),
(1313, 106, '2014-09-29 20:07:59', NULL, 18, 'Julien D Pinheiro e Cristiane', '747412', 'Vendido', NULL, 1, NULL, 1, NULL, '2014-09-29 20:08:16', NULL, 7000.00, 1, '2014-09-29 20:08:41', 350.00, '143000.00', 10000.00, 11173.76, 121826.24, NULL, 1),
(1314, 108, '2014-09-29 20:10:53', NULL, 30, 'Juliana de Souza', '748596', 'Vendido', NULL, 1, NULL, 1, NULL, '2014-10-02 13:33:24', NULL, 6950.00, 1, '2014-09-29 20:11:03', 347.50, '142000.00', NULL, 5155.07, 136844.94, NULL, 1),
(1315, 111, '2014-09-29 20:14:37', NULL, 18, 'Aline Carlos Pinto', '363235', 'Vendido', NULL, 1, NULL, 1, NULL, '2014-09-29 20:14:56', NULL, 7000.00, 1, '2014-09-29 20:15:06', 350.00, '143000.00', 3500.00, 14484.00, 125016.00, NULL, 1),
(1316, 113, '2014-09-29 20:16:55', NULL, 33, 'Lucas dos Santo', '85258963', 'Vendido', NULL, 1, NULL, 0, 7100.00, '2014-10-02 13:33:46', NULL, 7100.00, 1, '2014-09-29 20:17:22', 355.00, '145000.00', 3000.00, 25768.41, 116231.59, NULL, 1),
(1317, 115, '2014-09-29 20:23:56', NULL, 21, 'Cintia Boll', '85214', 'Vendido', NULL, 1, NULL, 0, 7450.00, '2014-10-08 15:28:07', NULL, 7450.00, 1, '2014-09-29 20:24:19', 372.50, '152000.00', 9000.00, 38500.00, 104500.00, NULL, 1),
(1318, 116, '2014-09-29 20:29:29', NULL, 36, 'Viviane Medeiros Santos  da Silva e Leandro', '526398', 'Vendido', NULL, 1, NULL, 0, 7200.00, '2014-10-01 17:22:16', NULL, 7200.00, 1, '2014-09-29 20:29:55', 360.00, '147000.00', 3000.00, 18975.51, 125024.49, NULL, 1),
(1319, 119, '2014-09-29 20:32:37', NULL, 20, 'Paulo Henrique Ferreira', '91526', 'Vendido', NULL, 1, NULL, 0, 7250.00, '2014-10-06 13:30:28', NULL, 7250.00, 1, '2014-09-29 20:33:04', 362.50, '148000.00', 1500.00, 27318.98, 119181.02, NULL, 1),
(1320, 210, '2014-10-01 18:14:19', NULL, 2, 'sadfsdfsadfsdafsadfa', '234.552.352-35', 'Reserva em contratação', NULL, 0, NULL, 0, NULL, NULL, NULL, NULL, 0, NULL, NULL, NULL, NULL, NULL, NULL, NULL, 0),
(1321, 210, '2014-10-01 18:14:25', NULL, 2, 'sadfsdfsadfsdafsadfa', '234.552.352-35', 'Em Contratação', 1, NULL, NULL, NULL, NULL, NULL, NULL, NULL, NULL, NULL, NULL, NULL, NULL, NULL, NULL, NULL, 1),
(1322, 22, '2014-10-01 18:15:05', NULL, 2, 'hgrwertertewrtwert', '787.547.357-77', 'Reserva em contratação', NULL, 0, NULL, 0, NULL, NULL, NULL, NULL, 0, NULL, NULL, NULL, NULL, NULL, NULL, NULL, 0),
(1323, 22, '2014-10-01 18:15:13', NULL, 2, 'hgrwertertewrtwert', '787.547.357-77', 'Em Contratação', 1, NULL, NULL, NULL, NULL, NULL, NULL, NULL, NULL, NULL, NULL, NULL, NULL, NULL, NULL, NULL, 1),
(1324, 58, '2014-10-01 18:15:46', NULL, 2, 'wrwqewerqwerwqerqwe', '324.523.523-45', 'Reserva em contratação', NULL, 0, NULL, 0, NULL, NULL, NULL, NULL, 0, NULL, NULL, NULL, NULL, NULL, NULL, NULL, 0),
(1325, 58, '2014-10-01 18:15:50', NULL, 2, 'wrwqewerqwerwqerqwe', '324.523.523-45', 'Em Contratação', 1, NULL, NULL, NULL, NULL, NULL, NULL, NULL, NULL, NULL, NULL, NULL, NULL, NULL, NULL, NULL, 1),
(1326, 36, '2014-10-08 15:19:44', NULL, 40, 'Cristiano Ribeiro de Lima', '859563', 'Vendido', NULL, 1, NULL, 1, NULL, '2014-10-08 15:20:10', NULL, 7100.00, 1, '2014-10-08 15:19:53', 355.00, '145000.00', 1000.00, 38000.00, 106000.00, NULL, 1),
(1327, 105, '2014-10-09 19:18:33', NULL, 31, 'Luan Santos Sub til', '9636963', 'Vendido', NULL, 1, NULL, 0, 3000.00, '2014-10-09 19:19:03', NULL, 7100.00, 1, '2014-10-09 19:19:14', 355.00, '145000.00', 3000.00, 16767.00, 125233.00, NULL, 1),
(1328, 23, '2014-10-09 19:22:01', NULL, 20, 'Willian Everton Olinveira', '856321', 'Vendido', NULL, 1, NULL, 0, 2000.00, '2014-10-09 19:22:59', NULL, 7100.00, 1, '2014-10-09 19:23:23', 355.00, '145000.00', 3000.00, 14320.00, 127680.00, NULL, 1);

--
-- Dumping data for table `historico_atividade`
--

INSERT INTO `historico_atividade` (`id`, `atividade`, `referencia`, `quantidade`, `retencao`, `recibo`, `data`, `usuario`, `empreiteiro`, `ativo`) VALUES
(22, 11, 242, NULL, 10, 37, '2014-10-09 21:04:22', 1, 60, 1),
(23, 11, 250, NULL, 10, 37, '2014-10-09 21:04:22', 1, 60, 1),
(24, 11, 258, NULL, 10, 37, '2014-10-09 21:04:22', 1, 60, 1),
(25, 11, 2, NULL, 10, 38, '2014-10-14 17:52:34', 1, 60, 0),
(26, 11, 10, NULL, 10, 38, '2014-10-14 17:52:34', 1, 60, 1),
(27, 11, 2, NULL, 10, 39, '2014-10-15 23:23:04', 62, 61, 0),
(28, 11, 3, NULL, 10, 39, '2014-10-15 23:23:04', 62, 61, 1),
(29, 11, 10, NULL, 10, 39, '2014-10-15 23:23:04', 62, 61, 1),
(30, 11, 11, NULL, 20, 39, '2014-10-15 23:38:28', 62, 61, 1),
(31, 11, 19, NULL, 20, 39, '2014-10-15 23:38:28', 62, 61, 1),
(32, 11, 2, NULL, 10, 39, '2014-10-15 23:44:03', 62, 61, 0),
(33, 11, 2, NULL, 10, 39, '2014-10-15 23:44:34', 62, 61, 0),
(34, 11, 2, NULL, 15, 39, '2014-10-16 00:06:45', 62, 61, 0),
(35, 11, 2, NULL, 10, NULL, '2014-10-16 03:12:15', 62, 61, 0),
(36, 11, 2, NULL, 25, 40, '2014-10-16 03:17:36', 1, 61, 1),
(37, 11, 122, NULL, 50, NULL, '2014-10-16 03:24:56', 62, 61, 1),
(38, 11, 1, NULL, 10, 41, '2014-11-07 16:46:17', 1, 61, 1),
(39, 11, 4, NULL, 10, 41, '2014-11-07 16:46:17', 1, 61, 1);

--
-- Dumping data for table `imobiliaria`
--

INSERT INTO `imobiliaria` (`id`, `nome`, `telefone`, `endereco`, `ativo`) VALUES
(1, 'Dall Construções Ltda.', '(47)3248-3958', 'Rua Hercilio Luz, 530 - sala 7', 1),
(2, 'Pop Imóveis Empreendimentos Imobiliarios Ltda', '(47)3349-0276', 'Rua Carlos Seara, 494 - s1 - Vila Operária', 1),
(3, 'Dias Imoveis - Ética Negócios Imobiliários Lt', '(47)3246-0535', 'R Lauro Muller, 149 - sala 9', 1),
(4, 'Autonomo', '(47)1111-1111', 'Itajaí', 1),
(5, 'Brandao Negocios Imobiliarios Ltda - ME', '(47)3246-1707', 'Rua Heitor Liberato, 1101 - Vila Operaria', 1),
(6, 'SH2 Imoveis Ltda.', '(47)3348-5600', 'Rua Uruguai, 1050 - sala 1 - Centro', 1),
(7, 'Barcelos Imobiliaria Ltda ME', '(47)3246-0609', 'Rua Dr. Hermes A Mariani 438 - Cidade Nova', 1),
(8, 'Giraldi Imoveis Ltda.', '(47)3348-7070', 'Rua Brusque, 485 - Centro', 1),
(9, 'AMDG Consultoria Imobiliaria Ltda.', '(47)3045-7577', 'Av. Ministro Victor Konder, 840 - Fazenda', 1),
(10, 'Araujo Negocios Imobiliarios Ltda-ME', '(47)3346-5389', 'Av. Sete de Setembro, 974', 1),
(11, 'Empreendimentos Imobiliarios Prinati Ltda', '(47)3268-1476', 'Rua 1950, 640 - Balneário Camboriú - SC', 1),
(12, 'Slaviero Imóveis Ltda.', '(47)9659-4082', 'Rua das Algas, 343 - sl 3 - Florianópolis', 1);

--
-- Dumping data for table `material`
--

INSERT INTO `material` (`id`, `descricao`, `consumo`, `categoria`, `ativo`) VALUES
(2, 'Diversos - Concreto - M³', 300, 2, 1),
(3, 'Diversos - Aço - KG', 23402, 3, 1),
(4, 'Bloco I - Concreto M³', 465, 2, 1),
(5, 'Bloco J - Concreto M³', 465, 2, 1),
(6, 'Bloco H - Concreto M³', 465, 2, 1),
(7, 'Bloco G - Concreto M³', 465, 2, 1),
(8, 'Bloco E - Concreto - M³', 465, 2, 1),
(9, 'Bloco 14x19x29 - 9 MPA - Pallet', 400, 4, 1),
(10, 'Bloco F - concreto M³', 500, 2, 1),
(11, 'Bloco D - Concreto M³', 500, 2, 1),
(12, 'Bloco C - Concreto M³', 500, 2, 1),
(13, 'Bloco B - Concreto M³', 500, 2, 1),
(14, 'Bloco A - Concreto M³', 500, 2, 1),
(15, 'Aço 5.0 MM - Barra', 19068, 3, 1),
(16, 'Aço 6.3 MM - Barras', 13426, 3, 1),
(17, 'Aço 8.0 MM - Barras', 9103, 3, 1),
(18, 'Aço - 10.0 - Barras', 9901, 3, 1),
(19, 'Aço - 12.5 MM - Barras', 3424, 3, 1),
(20, 'Aço - 16.0 MM - Barras', 1596, 3, 1),
(21, 'Cimento - Saco 50 KG', 1000, 5, 1),
(22, 'Argamassa - M³', 1000, 5, 1),
(23, 'Areia e Brita - M³', 1000, 5, 1),
(24, 'Tábua de Pinus - M³', 250, 6, 1),
(25, 'Bloco 14x19x14 - 9 MPA - Pallet', 100, 4, 1),
(26, 'Bloco 14x19x44 - 9 MPA - Pallet', 50, 4, 1),
(27, 'Canaleta U 14x19x29', 100, 4, 1),
(28, 'Canaleta J - 14x19x29x29', 50, 4, 1),
(29, 'Maderite - 18 MM - Folha de 2,44 x 1,22', 1200, 6, 1),
(30, 'Tubo 100 MM ESG - Barra', 2000, 7, 1),
(31, 'Tubo 75', 1000, 7, 1);

--
-- Dumping data for table `modulo`
--

INSERT INTO `modulo` (`id`, `descricao`, `empreendimento`, `ativo`) VALUES
(1, 'Módulo 3', 1, 1);

--
-- Dumping data for table `movimentacao`
--

INSERT INTO `movimentacao` (`id`, `material`, `descricao`, `quantidade`, `data`, `tipo_movimentacao`, `usuario`, `ativo`) VALUES
(3, 2, NULL, '50.00', '2014-04-28 22:11:01', 1, 1, 0),
(4, 2, NULL, '4.00', '2014-04-28 22:11:27', 2, 1, 0),
(5, 6, NULL, '10.00', '2014-05-01 23:49:05', 1, 1, 0),
(6, 6, NULL, '3.00', '2014-05-01 23:49:27', 2, 1, 0),
(7, 7, NULL, '20.00', '2014-05-22 14:19:10', 1, 1, 0),
(8, 7, NULL, '2.00', '2014-05-22 14:19:28', 2, 1, 0),
(9, 8, NULL, '60.00', '2014-05-22 14:25:34', 1, 1, 0),
(10, 8, NULL, '5.00', '2014-05-22 14:25:58', 2, 1, 0),
(11, 3, NULL, '10.00', '2014-05-22 14:27:50', 1, 1, 0),
(12, 3, NULL, '2.00', '2014-05-22 14:28:00', 2, 1, 0),
(13, 6, NULL, '10.00', '2014-06-01 18:26:09', 1, 4, 0),
(14, 6, NULL, '2.00', '2014-06-01 18:26:24', 2, 4, 0),
(15, 9, NULL, '30.00', '2014-07-01 14:42:52', 1, 1, 0),
(16, 9, NULL, '5.00', '2014-07-01 14:43:21', 2, 1, 0),
(17, 2, NULL, '20.00', '2014-07-17 17:49:28', 1, 1, 0),
(18, 2, NULL, '10.00', '2014-07-17 17:50:12', 2, 1, 0),
(19, 2, NULL, '300.00', '2014-07-29 22:49:38', 1, 1, 1),
(20, 2, '27/03 - Viga Baldrame - Salão de Festas 01', '12.00', '2014-07-29 22:55:29', 2, 1, 1),
(21, 2, '04/04 - Laje Térreo - Salão de Festas 01', '24.00', '2014-07-29 22:57:34', 2, 1, 1),
(22, 2, '10/04 - Pilar - Salão de Festas 01', '4.00', '2014-07-29 22:58:19', 2, 1, 1),
(23, 2, '17/05 - ', '32.00', '2014-07-29 22:58:40', 2, 1, 0),
(24, 2, '17/05 - Laje 1 Andar - Salão de festas 01', '32.00', '2014-07-29 22:59:38', 2, 1, 1),
(25, 2, '17/05 - Viga Baldrame - Guarita', '3.00', '2014-07-30 00:05:59', 2, 1, 1),
(26, 2, '28/05 - Pilar - Guarita', '3.00', '2014-07-30 00:06:45', 2, 1, 1),
(27, 2, '05/06 - Laje 1 Andar - Guarita', '16.00', '2014-07-30 00:07:37', 2, 1, 1),
(28, 2, '17/05 Muro', '1.00', '2014-07-30 00:08:42', 2, 1, 1),
(29, 2, '28/05 - Muro', '13.00', '2014-07-30 00:09:09', 2, 1, 1),
(30, 2, '12/06 - Muro', '15.00', '2014-07-30 00:09:27', 2, 1, 1),
(31, 2, '26/06 - Muro', '16.00', '2014-07-30 00:10:03', 2, 1, 1),
(32, 2, '04/07 - Muro', '3.00', '2014-07-30 00:10:20', 2, 1, 0),
(33, 2, '04/07 - Muro', '11.00', '2014-07-30 00:11:50', 2, 1, 0),
(34, 2, '24/07 - Muro', '2.00', '2014-07-30 00:13:33', 2, 1, 1),
(35, 2, '28/07 - Muro', '5.00', '2014-07-30 00:13:52', 2, 1, 1),
(36, 2, '24/07 - Cabeça Estaca - Quiosque', '1.00', '2014-07-30 00:14:37', 2, 1, 1),
(37, 2, '28/07 - Viga Baldrame - Quiosque 03', '5.00', '2014-07-30 00:15:21', 2, 1, 1),
(38, 2, '06/06 - Baia Argamassa', '5.00', '2014-07-30 00:26:56', 2, 1, 1),
(39, 2, '15/06 - Piso - Chico', '1.00', '2014-07-30 00:27:29', 2, 1, 1),
(40, 2, '04/07 - Piso - Chico', '2.00', '2014-07-30 00:27:49', 2, 1, 0),
(41, 4, '26/06 - Piso Cisterna + Elevador', '5.00', '2014-07-30 00:37:56', 1, 1, 0),
(42, 4, NULL, '500.00', '2014-07-30 00:38:08', 1, 1, 0),
(43, 4, '26/06 - Piso Cisterna + Elevador', '5.00', '2014-07-30 00:38:24', 2, 1, 1),
(44, 4, '04/07 - Cabeça de Estaca', '38.00', '2014-07-30 00:39:14', 2, 1, 0),
(45, 4, '14/07 - Cabeça de Estaca', '18.00', '2014-07-30 00:40:00', 2, 1, 0),
(46, 4, '24/07 - Viga Baldrame LD', '29.00', '2014-07-30 00:41:16', 2, 1, 0),
(47, 2, '25/07 - Contrapiso - Salão de Festas', '6.00', '2014-07-30 13:29:51', 2, 1, 1),
(48, 9, NULL, '10.00', '2014-07-30 13:44:11', 1, 1, 0),
(49, 9, 'Laje Terreo Bloco I', '8.00', '2014-07-30 13:45:10', 2, 1, 0),
(50, 21, NULL, '300.00', '2014-07-30 13:46:11', 1, 1, 0),
(51, 21, NULL, '20.00', '2014-07-30 13:46:18', 1, 1, 0),
(52, 21, 'Levantamento - Bloco I - Terreo', '10.00', '2014-07-30 13:46:35', 2, 1, 0),
(53, 21, 'Reboco - Bloco I 1 Andar', '15.00', '2014-07-30 13:46:47', 2, 1, 0),
(54, 4, '04/07 - Cabeça de Estaca', '24.00', '2014-07-30 14:20:47', 2, 1, 1),
(55, 4, '14/07 - Cabeça de Estaca', '18.00', '2014-07-30 14:21:10', 2, 1, 1),
(56, 4, '24/07 - Viga Baldrame LD', '29.00', '2014-07-30 14:21:30', 2, 1, 1),
(57, 2, '04/07 - Muro', '8.00', '2014-07-30 14:23:36', 2, 1, 1),
(58, 2, '04/07 - Piso - Chico', '1.00', '2014-07-30 14:24:25', 2, 1, 1),
(59, 2, '14/03 - Cabeça de Estaca - Guarita', '3.00', '2014-08-01 18:03:04', 2, 1, 1),
(60, 2, '20/03 - Muro', '4.00', '2014-08-01 18:03:17', 2, 1, 1),
(61, 4, '31/07 - Viga Baldrame - LE', '33.00', '2014-08-01 18:07:00', 2, 1, 1),
(62, 5, '31/07 - Cabeça Estaca', '7.00', '2014-08-01 18:07:50', 1, 1, 0),
(63, 5, NULL, '465.00', '2014-08-01 19:57:08', 1, 1, 1),
(64, 5, '31/07 - Cabeça de Estaca', '7.00', '2014-08-01 19:57:54', 2, 1, 1),
(65, 3, NULL, '11900.00', '2014-08-05 00:25:29', 1, 1, 1),
(66, 3, 'Guarita', '1725.00', '2014-08-05 00:26:26', 2, 1, 1),
(67, 3, '1 Salão de Festas', '4650.00', '2014-08-05 00:26:58', 2, 1, 1),
(68, 3, '1 Quiosque 03', '1490.00', '2014-08-05 00:27:30', 2, 1, 1),
(69, 3, '560 Metros de Muro', '4035.00', '2014-08-05 00:28:02', 2, 1, 1),
(70, 15, NULL, '904.00', '2014-08-05 00:41:30', 1, 1, 1),
(71, 15, '2 Cab. Estaca + 1 Viga Baldrame + Meia Laje', '632.00', '2014-08-05 00:43:15', 2, 1, 1),
(72, 16, NULL, '1296.00', '2014-08-05 00:44:45', 1, 1, 1),
(73, 16, '2 Cab. Estaca + 1 Viga Baldrame + Meia Laje', '276.00', '2014-08-05 00:46:03', 2, 1, 1),
(74, 17, NULL, '564.00', '2014-08-05 00:47:09', 1, 1, 1),
(75, 17, '2 Cab. Estaca + 1 Viga Baldrame + Meia Laje', '144.00', '2014-08-05 00:47:33', 2, 1, 1),
(76, 18, NULL, '365.00', '2014-08-05 00:48:49', 1, 1, 1),
(77, 18, '2 Cab. Estaca + 1 Viga Baldrame + Meia Laje', '115.00', '2014-08-05 00:48:59', 2, 1, 1),
(78, 19, NULL, '528.00', '2014-08-05 00:49:41', 1, 1, 0),
(79, 19, '2 Cab. Estaca + 1 Viga Baldrame + Meia Laje', '465.00', '2014-08-05 00:49:58', 2, 1, 0),
(80, 19, NULL, '217.00', '2014-08-05 00:51:10', 1, 1, 1),
(81, 19, '2 Cab. Estaca + 1 Viga Baldrame + Meia Laje', '154.00', '2014-08-05 00:51:21', 2, 1, 1),
(82, 20, NULL, '312.00', '2014-08-05 00:52:26', 1, 1, 1),
(83, 20, '2 Cab. Estaca + 1 Viga Baldrame + Meia Laje', '127.00', '2014-08-05 00:53:16', 2, 1, 1),
(84, 24, 'Muro e Portaria', '6.00', '2014-08-06 00:35:59', 1, 1, 0),
(85, 24, '06/02 - Diversos', '6.00', '2014-08-06 00:36:45', 1, 1, 1),
(86, 24, '17/02', '5.00', '2014-08-06 00:37:31', 1, 1, 1),
(87, 24, '26/03', '6.00', '2014-08-06 00:37:57', 1, 1, 1),
(88, 24, '20/03', '5.00', '2014-08-06 00:38:32', 1, 1, 1),
(89, 24, '14/04', '3.00', '2014-08-06 00:38:43', 1, 1, 1),
(90, 24, '03/06', '6.00', '2014-08-06 00:38:57', 1, 1, 1),
(91, 24, '24/06', '5.00', '2014-08-06 00:39:20', 1, 1, 1),
(92, 24, '16/06', '5.00', '2014-08-06 00:39:39', 1, 1, 1),
(93, 24, '15/07', '6.00', '2014-08-06 00:39:57', 1, 1, 1),
(94, 24, '21/07', '5.00', '2014-08-06 00:40:17', 1, 1, 1),
(95, 24, '22/07', '6.00', '2014-08-06 00:40:31', 1, 1, 1),
(96, 24, '28/07', '6.00', '2014-08-06 00:40:48', 1, 1, 1),
(97, 5, '07/08 - Cabeça de Estaca', '18.00', '2014-08-08 17:24:23', 2, 1, 1),
(98, 2, '07/08 - Muro', '6.00', '2014-08-08 17:24:51', 2, 1, 1),
(99, 15, NULL, '1000.00', '2014-08-11 18:34:32', 1, 1, 1),
(100, 24, NULL, '5.00', '2014-08-11 19:33:44', 1, 1, 1),
(101, 15, NULL, '200.00', '2014-08-11 23:39:33', 2, 1, 1),
(102, 16, NULL, '210.00', '2014-08-11 23:41:52', 2, 1, 1),
(103, 17, NULL, '215.00', '2014-08-11 23:44:28', 2, 1, 1),
(104, 18, NULL, '173.00', '2014-08-11 23:45:34', 2, 1, 1),
(105, 19, NULL, '63.00', '2014-08-11 23:46:19', 2, 1, 1),
(106, 20, NULL, '57.00', '2014-08-11 23:48:08', 2, 1, 1),
(107, 4, '11/08 - Laje LD', '26.00', '2014-08-12 16:18:37', 1, 1, 0),
(108, 4, NULL, '465.00', '2014-08-12 16:19:17', 1, 1, 1),
(109, 4, '11/08 - Laje LD', '26.00', '2014-08-12 16:19:35', 2, 1, 1),
(110, 5, '12/08 - Refazer Cabeça Cisterna', '3.00', '2014-08-14 12:12:47', 2, 1, 1),
(111, 16, '15/08', '661.00', '2014-08-19 15:28:01', 1, 1, 1),
(112, 17, '15/08', '833.00', '2014-08-19 15:28:45', 1, 1, 1),
(113, 18, '15/08', '535.00', '2014-08-19 15:29:37', 1, 1, 1),
(114, 19, '15/08', '333.00', '2014-08-19 15:30:05', 1, 1, 1),
(115, 20, '15/08', '102.00', '2014-08-19 15:30:30', 1, 1, 1),
(116, 4, '18/08 - Laje LE', '32.00', '2014-08-19 15:31:41', 2, 1, 1),
(117, 2, 'Piso - Guarita', '3.00', '2014-08-19 15:40:02', 2, 1, 1),
(118, 5, 'Cabeça de Estaca', '4.00', '2014-08-20 20:31:09', 2, 1, 1),
(119, 5, 'Piso Cisterna', '4.00', '2014-08-20 20:31:28', 2, 1, 1),
(120, 5, 'Viga Baldrame LE', '32.00', '2014-08-20 20:31:49', 2, 1, 1),
(121, 9, 'Bloco I', '12.00', '2014-08-20 20:58:25', 1, 1, 1),
(122, 25, 'Bloco I', '2.00', '2014-08-20 20:59:31', 1, 1, 1),
(123, 26, 'Bloco I', '1.00', '2014-08-20 20:59:48', 1, 1, 1),
(124, 28, 'Bloco I', '4.00', '2014-08-20 21:00:41', 1, 1, 1),
(125, 27, 'Bloco I', '6.00', '2014-08-20 21:01:23', 1, 1, 1),
(126, 9, 'Bloco I - Térreo', '18.00', '2014-08-27 18:09:26', 1, 1, 1),
(127, 25, 'Bloco I - Térreo', '3.00', '2014-08-27 18:11:36', 1, 1, 1),
(128, 27, 'Bloco I - Térreo', '2.00', '2014-08-27 18:12:09', 1, 1, 1),
(129, 28, 'Bloco I - Térreo', '1.00', '2014-08-27 18:12:28', 1, 1, 1),
(130, 24, '14/08', '6.00', '2014-08-28 11:49:15', 1, 1, 1),
(131, 24, '27/08', '7.00', '2014-08-28 11:49:27', 1, 1, 1),
(132, 9, 'Bloco I - Térreo', '34.00', '2014-08-28 11:51:02', 1, 1, 1),
(133, 26, 'Bloco I - Térreo', '2.00', '2014-08-28 11:51:25', 1, 1, 1),
(134, 15, NULL, '222.00', '2014-08-29 12:24:48', 1, 1, 1),
(135, 16, NULL, '611.00', '2014-08-29 12:25:48', 1, 1, 0),
(136, 17, NULL, '73.00', '2014-08-29 12:26:18', 2, 1, 1),
(137, 16, NULL, '611.00', '2014-08-29 12:26:39', 2, 1, 1),
(138, 18, NULL, '72.00', '2014-08-29 12:27:15', 2, 1, 1),
(139, 20, NULL, '125.00', '2014-08-29 12:29:12', 2, 1, 1),
(140, 5, 'Viga Baldrame LD', '30.00', '2014-08-29 15:06:59', 2, 1, 1),
(141, 5, 'Cabeça de Estaca', '4.00', '2014-08-29 15:07:18', 2, 1, 1),
(142, 5, 'Laje - Lado D', '32.00', '2014-09-02 20:11:51', 2, 1, 0),
(143, 5, 'Laje - Lado E', '32.00', '2014-09-02 20:12:43', 2, 1, 1),
(144, 6, 'Cabeça de Estaca', '4.00', '2014-09-02 20:15:17', 1, 1, 0),
(145, 24, NULL, '7.00', '2014-09-03 20:11:54', 1, 1, 1),
(146, 3, '05/09', '1000.00', '2014-09-22 20:04:10', 1, 1, 0),
(147, 15, '05/09', '1000.00', '2014-09-22 20:04:47', 1, 1, 1),
(148, 24, '10/09', '20.00', '2014-09-24 17:31:25', 1, 1, 1),
(149, 24, '23/09', '8.00', '2014-09-24 17:32:15', 1, 1, 1),
(150, 16, '17/09', '1322.00', '2014-09-24 17:35:28', 1, 1, 1),
(151, 17, '17/09', '833.00', '2014-09-24 17:36:56', 1, 1, 1),
(152, 18, '17/09', '535.00', '2014-09-24 17:37:42', 1, 1, 1),
(153, 19, '17/09', '333.00', '2014-09-24 17:41:58', 1, 1, 1),
(154, 20, '17/09', '306.00', '2014-09-24 17:42:41', 1, 1, 1),
(155, 21, '17/08', '160.00', '2014-09-24 17:46:34', 1, 1, 1),
(156, 21, '08/09', '160.00', '2014-09-24 17:46:48', 1, 1, 1),
(157, 29, '190', '190.00', '2014-09-24 17:53:04', 1, 1, 1),
(158, 9, '08/09', '48.00', '2014-09-24 18:11:36', 1, 1, 1),
(159, 25, '08/09', '4.00', '2014-09-24 18:12:40', 1, 1, 1),
(160, 26, '08/09', '3.00', '2014-09-24 18:13:31', 1, 1, 1),
(161, 27, '08/09', '3.00', '2014-09-24 18:14:49', 1, 1, 1),
(162, 28, '08/09', '3.00', '2014-09-24 18:15:07', 1, 1, 1),
(163, 6, '04/09 - Cabeça de Estaca', '13.00', '2014-09-24 18:46:57', 1, 1, 0),
(164, 6, NULL, '465.00', '2014-09-24 18:47:36', 1, 1, 1),
(165, 6, '02/09 - Cabeça de Estaca', '4.00', '2014-09-24 18:47:51', 2, 1, 1),
(166, 6, '04/09 - Cabeça de Estaca', '13.00', '2014-09-24 18:48:19', 2, 1, 1),
(167, 6, '16/09 - Cabeça de Estaca', '4.00', '2014-09-24 18:48:56', 2, 1, 1),
(168, 6, '16/09 - Piso Cisterna', '4.00', '2014-09-24 18:49:48', 2, 1, 1),
(169, 6, '18/09 - Cabeça de Estaca', '7.00', '2014-09-24 18:50:34', 2, 1, 1),
(170, 6, '18/09 - Viga Baldrame LE', '33.00', '2014-09-24 18:57:08', 2, 1, 1),
(171, 6, '23/09 - Cabeça de Estaca', '3.00', '2014-09-24 18:58:43', 2, 1, 1),
(172, 5, '16/09 - Laje Térreo - LD', '26.00', '2014-09-24 19:11:04', 2, 1, 1),
(173, 4, '23/09 - Laje 1 LD + Vigas', '28.00', '2014-09-24 19:12:11', 2, 1, 1),
(174, 2, '16/09 - Viga Salão de Festas 02', '12.00', '2014-09-24 19:15:44', 2, 1, 1),
(175, 2, '16/06 - Viga Muro + Lixeira + Piso Guarita', '10.00', '2014-09-24 19:16:31', 2, 1, 1),
(176, 15, NULL, '1294.00', '2014-09-24 19:19:59', 2, 1, 1),
(177, 16, NULL, '674.00', '2014-09-24 19:20:49', 2, 1, 1),
(178, 17, NULL, '132.00', '2014-09-24 19:23:46', 2, 1, 1),
(179, 18, NULL, '410.00', '2014-09-24 19:25:01', 2, 1, 1),
(180, 19, NULL, '165.00', '2014-09-24 19:26:56', 2, 1, 1),
(181, 20, NULL, '156.00', '2014-09-24 19:29:58', 2, 1, 1),
(182, 31, NULL, '20.00', '2014-09-25 14:35:17', 1, 1, 1),
(183, 31, 'ajskdhsahdsakd', '15.00', '2014-09-25 14:35:35', 2, 1, 1),
(184, 21, '30/09', '160.00', '2014-10-02 12:52:58', 1, 1, 1),
(185, 22, NULL, '150.00', '2014-10-02 12:54:28', 1, 1, 1),
(186, 24, '30/09', '11.00', '2014-10-02 12:54:54', 1, 1, 1),
(187, 6, '02/09 - Cabeça de Estaca', '2.00', '2014-10-02 12:57:11', 2, 1, 1),
(188, 9, '01.10', '8.00', '2014-10-07 11:30:57', 1, 1, 1),
(189, 9, '02.10', '26.00', '2014-10-07 11:31:26', 1, 1, 1),
(190, 9, '06.10', '11.00', '2014-10-07 11:31:40', 1, 1, 1),
(191, 25, '01.10', '2.00', '2014-10-07 11:32:14', 1, 1, 1),
(192, 25, '02.10', '2.00', '2014-10-07 11:32:28', 1, 1, 1),
(193, 26, '01.10', '4.00', '2014-10-07 11:32:59', 1, 1, 1),
(194, 28, '01.10', '3.00', '2014-10-07 11:33:28', 1, 1, 1),
(195, 28, NULL, '6.00', '2014-10-07 11:36:45', 2, 1, 1),
(196, 27, NULL, '11.00', '2014-10-07 11:37:01', 2, 1, 1),
(197, 26, NULL, '7.00', '2014-10-07 11:37:16', 2, 1, 1),
(198, 25, NULL, '6.00', '2014-10-07 11:37:45', 2, 1, 1),
(199, 9, NULL, '119.00', '2014-10-07 11:38:22', 2, 1, 1),
(200, 27, NULL, '3.00', '2014-10-07 12:10:26', 1, 1, 1),
(201, 9, NULL, '9.00', '2014-10-07 12:10:51', 1, 1, 1),
(202, 15, NULL, '973.00', '2014-10-07 13:44:46', 1, 1, 0),
(203, 15, NULL, '973.00', '2014-10-07 13:44:57', 2, 1, 0),
(204, 16, NULL, '365.00', '2014-10-07 13:46:01', 1, 1, 0),
(205, 16, NULL, '365.00', '2014-10-07 13:46:13', 2, 1, 0),
(206, 16, 'Diversos', '365.00', '2014-10-07 13:46:53', 1, 1, 1),
(207, 16, 'Diversos', '365.00', '2014-10-07 13:47:12', 2, 1, 1),
(208, 15, 'Diversos', '973.00', '2014-10-07 13:47:47', 1, 1, 1),
(209, 15, 'Diversos', '973.00', '2014-10-07 13:48:07', 2, 1, 1),
(210, 17, 'Diversos', '339.00', '2014-10-07 13:48:37', 1, 1, 1),
(211, 17, 'Diversos', '339.00', '2014-10-07 13:48:57', 2, 1, 1),
(212, 18, 'Diversos', '406.00', '2014-10-07 13:49:49', 1, 1, 1),
(213, 18, 'Diversos', '406.00', '2014-10-07 13:50:06', 2, 1, 1),
(214, 19, 'Diversos', '331.00', '2014-10-07 13:50:27', 1, 1, 1),
(215, 19, 'Diversos', '331.00', '2014-10-07 13:50:38', 2, 1, 1),
(216, 20, 'Diversos', '71.00', '2014-10-07 13:50:54', 1, 1, 1),
(217, 20, 'Diversos', '71.00', '2014-10-07 13:51:06', 2, 1, 1),
(218, 15, NULL, '400.00', '2014-10-07 13:52:31', 2, 1, 1),
(219, 16, NULL, '148.00', '2014-10-07 13:53:19', 2, 1, 1),
(220, 17, NULL, '366.00', '2014-10-07 13:53:57', 2, 1, 1),
(221, 18, NULL, '205.00', '2014-10-07 13:55:55', 2, 1, 1),
(222, 19, NULL, '71.00', '2014-10-07 13:56:27', 2, 1, 1),
(223, 20, NULL, '15.00', '2014-10-07 13:56:58', 2, 1, 1),
(224, 6, 'Laje Terreo - LE', '30.00', '2014-10-07 14:24:45', 2, 1, 1),
(225, 6, 'Baldrame - LD', '33.00', '2014-10-07 14:25:06', 2, 1, 1),
(226, 4, 'Laje + Escada + Vigas - Tipo 2 - LE', '35.00', '2014-10-07 14:26:00', 2, 1, 1),
(227, 2, 'Lixeira - Piso', '9.00', '2014-10-07 14:26:38', 2, 1, 1),
(228, 2, 'Salao de Festas 02 - Piso', '20.00', '2014-10-07 14:27:41', 2, 1, 1),
(229, 29, '30/09', '20.00', '2014-10-07 17:20:32', 1, 1, 1),
(230, 29, '03/10', '210.00', '2014-10-07 17:20:59', 1, 1, 1),
(231, 2, 'Teste', '20.00', '2014-10-14 18:35:08', 2, 1, 1),
(232, 17, '', '300.00', '2014-11-07 12:51:04', 2, 64, 1),
(233, 18, '', '100.00', '2014-11-07 12:51:58', 2, 64, 1),
(234, 19, '', '100.00', '2014-11-07 12:52:33', 2, 64, 1),
(235, 15, '', '50.00', '2014-11-07 16:44:22', 2, 1, 1),
(236, 7, 'Teste', '11.00', '2014-11-10 15:07:08', 1, 1, 1),
(237, 7, '', '5.40', '2014-11-10 15:23:57', 1, 1, 1),
(238, 7, '', '3.00', '2014-11-10 15:24:32', 1, 1, 1),
(239, 8, 'Teste', '200.00', '2014-11-11 21:55:02', 1, 1, 1),
(240, 8, '', '265.00', '2014-11-11 21:55:16', 1, 1, 1),
(241, 8, '', '225.00', '2014-11-11 21:55:28', 2, 1, 1);

--
-- Dumping data for table `recibo`
--

INSERT INTO `recibo` (`id`, `empreiteiro`, `data`, `data_inicial`, `data_final`, `usuario`, `empreendimento`, `ativo`) VALUES
(37, 60, '2014-10-09 21:04:52', '2014-10-01 03:00:00', '2014-10-31 02:00:00', 1, 1, 1),
(38, 60, '2014-10-14 17:53:00', '2014-10-01 03:00:00', '2014-10-31 02:00:00', 1, 1, 1),
(39, 61, '2014-10-16 00:47:56', '2014-10-01 03:00:00', '2014-10-31 02:00:00', 1, 1, 1),
(40, 61, '2014-10-16 03:18:31', '2014-10-01 03:00:00', '2014-10-31 02:00:00', 1, 1, 1),
(41, 61, '2014-11-07 16:47:22', '2014-11-01 02:00:00', '2014-11-08 02:00:00', 1, 1, 1);

--
-- Dumping data for table `retencao`
--

INSERT INTO `retencao` (`id`, `valor`, `data`, `recibo`, `usuario`, `ativo`) VALUES
(11, 50, '2014-10-09 21:06:11', 37, 1, 1),
(12, 50, '2014-10-16 03:08:22', 39, 1, 1);

--
-- Dumping data for table `tipo_movimentacao`
--

INSERT INTO `tipo_movimentacao` (`id`, `descricao`, `ativo`) VALUES
(1, 'ENTRADA', 1),
(2, 'SAIDA', 1);

--
-- Dumping data for table `tipo_unidade_medida`
--

INSERT INTO `tipo_unidade_medida` (`id`, `tabela`, `ativo`) VALUES
(1, 'Empreendimento', 1),
(2, 'Bloco', 1),
(3, 'Apartamento', 1),
(4, 'Andar', 1);

--
-- Dumping data for table `unidade_medida`
--

INSERT INTO `unidade_medida` (`id`, `empreendimento`, `descricao`, `tipo_unidade_medida`, `ativo`) VALUES
(1, 1, 'Andar', 4, 1),
(2, 1, 'Bloco', 2, 1),
(3, 1, 'Apartamento', 3, 1),
(4, 1, 'Empreendimento', 1, 1);

--
-- Dumping data for table `usuario`
--

INSERT INTO `usuario` (`id`, `nome`, `email`, `senha`, `telefone`, `imobiliaria`, `perfil`, `corretor_chefe`, `ativo`) VALUES
(1, 'Wadis Dall''Oglio Neto', 'neto@dallconstrucoes.com.br', '$2a$13$uLMLzm5hERtpmDxD/wHoAeU6buPbpowFp7plchWHRa1DMqhXGuoO6', '(47)9911-9309', 1, 'master', 0, 1),
(2, 'Marcos Antonio Gerhardt', 'controladoria@dallconstrucoes.com.br', '$2a$13$Inw9uLBl7R3ywgHYfewCzOW/xCJLJDtzuLCZd8UFKn8aNaSDd1lSS', '(47)9923-6439', 1, 'admin', 1, 1),
(3, 'Corretor Normal', 'corretor@dallconstrucoes.com.br', '$2a$13$Inw9uLBl7R3ywgHYfewCzOW/xCJLJDtzuLCZd8UFKn8aNaSDd1lSS', '(41)9999-9999', 1, 'normal', 0, 0),
(4, 'Jessica DallOglio', 'jessica@dallconstrucoes.com.br', '$2a$13$HiNlon8ZcclYuWwa0FE.se06MCI8vVleg0ZD1cpxpTsQ5IiVL0mkO', '(47)9999-9999', 1, 'master', 0, 1),
(17, 'Cleide Trizotto', 'rh@dallconstrucoes.com.br', '$2a$13$FR6YwUFHIBjZjKdbofYZc.huLfbijZB/.VfGyRehYsKMw4nO42sJK', '(47)9936-5222', 1, 'admin', 1, 0),
(18, 'Paulo Sergio Chaves Junior', 'contato@popimoveis.com.br', '$2a$13$HB9v5yuLVVrinZvBwBPMtOsHUNdsgsdo4EKlGnqAhW4u/DoSslwLS', '(47)9973-6559', 2, 'normal', 1, 1),
(19, 'Evandra Schmietke Dias', 'imoveis@diasimoveis.com.br', '$2a$13$MIm1eOV/g9gUsDrNbaG6UuZKKH8ZbrkW646rpedtkP0k1b1oeuL42', '(47)9966-3484', 3, 'normal', 1, 1),
(20, 'Sandra Herbstrith', 'sandra@diasimoveis.com.br', '$2a$13$L7/3PIb.ME1IhY78mvc7UeWx3Y4GGTnt2N4cY8Im.PvHYs6HAwq6a', '(47)9952-1135', 3, 'normal', 0, 1),
(21, 'Robson Fernando Schumacker', 'robson@araujoimobiliaria.com.br', '$2a$13$SjMQDrnFid9jlEYaA3.uZOri.ygNeTfGfYFZEvcyM//OpxNfKrXSy', '(47)9932-0632', 10, 'normal', 1, 1),
(23, 'Cicero Egnaldo da Silva', 'corretorcicero@hotmail.com', '$2a$13$P.wX1dhbGEEvZ2AnXmZVjeOIMfN2Mq84oENq.WJqSi/oxxb6OZCMG', '(47)9626-3614', 10, 'normal', 0, 0),
(24, 'Flavio Bittencourt Barreto', 'flavio@sh2imoveis.com.br', '$2a$13$oBaV.8ahhGpGUIIu8/4ogefUWF2BeF0okLE4dKytpHIOAD0tFxx2O', '(47)8433-6565', 6, 'normal', 0, 0),
(25, 'Lidiane Antunes dos Santos', 'lidiane@sh2imoveis.com.br', '$2a$13$/9q3lVJeyjd45w8QiYtvCuqQjn.YnxwblZDWuGI4SY9RBImoX0RiK', '(47)1111-1111', 6, 'normal', 0, 0),
(26, 'Izaque Terres de Oliveira', 'izaque@amdgimoveis.com.br', '$2a$13$BnhUY0.0p8CQnbbEZfEZg.PQPwIxvKgSXqHbsjQTgsELNOsYcdV8i', '(47)9698-4884', 9, 'normal', 0, 1),
(27, 'Julien Janerson da Silva', 'julien@amdgimoveis.com.br', '$2a$13$E0Qnnf1gsirq9hRsL0kK5.S9eSQcgBsmGhM.NUoBAEsxd8SSYpXAW', '(47)9610-7007', 9, 'normal', 0, 1),
(28, 'Anelice Floriano', 'anelice@amdgimoveis.com.br', '$2a$13$t.oID.k03l1KkRgs9hli7eTPETaa.nE.KwRvVcan.B0V.lXgj.crm', '(47)9698-4114', 9, 'normal', 0, 1),
(29, 'Luana Martins', 'luana@amdgimoveis.com.br', '$2a$13$4A.FiOHWsHMVgjlbOKvu.erSbJ3o.MZ7/GZ5Mu4wyMhiF9ZJ3CAo6', '(47)9698-5111', 9, 'normal', 0, 1),
(30, 'Islan Nascimento', 'islan@amdgimoveis.com.br', '$2a$13$ppcyJ02dT./IxSqs1DmWBOsPU5Gis0j5EVxUg59kXLn.BEtD.Qfhq', '(47)9698-5352', 9, 'normal', 1, 1),
(31, 'Ederson de Oliveira Rodrigues', 'ederson@amdgimoveis.com.br', '$2a$13$CBeGjjjI3Hqun5wGdIYllu6mQWj3E1QOywcsOGx7llUAvp8tpRATi', '(47)9698-4400', 9, 'normal', 0, 1),
(32, 'Marcia Saueressig', 'marcia@amdgimoveis.com.br', '$2a$13$MgKj5HACxlJhxuJkx4mbqe0NFmqsRalDA2aN61tn0Q.xeJHpFn8jy', '(47)9698-4222', 9, 'normal', 0, 1),
(33, 'Rafael Nei', 'rafaelnei@amdgimoveis.com.br', '$2a$13$dl8.3mSJk1MmmhtKDBTD2OeHAIyNgcb.qSZGcvxW7Lo./QHbibBuG', '(47)9698-5200', 9, 'normal', 0, 1),
(34, 'Jorge Alberto Kerber', 'jorge@amdgimoveis.com.br', '$2a$13$2aNCzRRnFhln65GKzGXtau5axCPXF3izVKpzlEL.UXbZI8i9yOVbW', '(47)9698-5300', 9, 'normal', 0, 1),
(35, 'Gabriel Gregorio', 'gabriel@amdgimoveis.com.br', '$2a$13$BNqaavvR6XQMxyftJ53eaOxYUH3z/Jwo459hMrhYn3NKR15Tmb6Xq', '(47)9985-4931', 9, 'normal', 0, 1),
(36, 'Silvio Giraldi', 'silvio@giraldiimoveis.com.br', '$2a$13$EVEHSRjRPNVc0vLbJ5zw0.WJ96Ak1PvGCGaAsrQ8p6Q49Eq1nZ4tq', '(47)9615-5757', 8, 'normal', 1, 1),
(38, 'Jonathan Araujo', 'contato@araujoimobiliaria.com.br', '$2a$13$zd3rUomMurdC0YqGKUpU1uOTbjowgqBn2fJKM4zOJLUk8zfJZEqfy', '(47)9923-1332', 10, 'normal', 1, 1),
(39, 'Priscila Trindade', 'priscila@prinati.com.br', '$2a$13$9xwTwGPvpfMv/mbB4oeyvu0r4k3ILfUS4cz1wCUSJthTmj/dkBlvi', '(47)3268-1476', 11, 'normal', 0, 0),
(40, 'Cristiano Fernando', 'cristiano@araujoimobiliaria.com.br', '$2a$13$dgqzq27TI87MfD3M.1hWNOWNP7VBSnyYH1gPGQPfs1NCFfbTWppRS', '(47)9977-0700', 10, 'normal', 0, 1),
(41, 'Eder Slaviero', 'eder@slavieroimoveis.com.br', '$2a$13$xFjA7rYxSoeX.HfmK41w3eQCRkAHFJV2GIiEgDYVxv9F5FWBbovKe', '(47)9659-4082', 12, 'normal', 1, 1),
(42, 'Marcos Antonio Slaviero', 'marcos@slavieroimoveis.com.br', '$2a$13$NjqG/x4UOeEeEhXtwfkSYef2nJBe4LaGu9KR4WE2txnqmQaPhWlvy', '(48)9954-7001', 12, 'normal', 1, 1),
(43, 'Paulo H Demartini', 'demartini@slavieroimoveis.com.br', '$2a$13$H8ctHNFFPVcFjJBI7E9N3.cCyPcH6.O6eFk/Kx16ElkN3kWStslI.', '(47)9749-0254', 12, 'normal', 0, 1),
(44, 'Jezreel Gregorio', 'gregorio@amdgimoveis.com.br', '$2a$13$MYEIa/g4Iow5YxHqrRz18.PK7zPtYtN4sieMOx6Ou7pXyO/veJ.hq', '(47)9949-4077', 9, 'normal', 0, 1),
(45, 'Jeziel Santos', 'jeziel@amdgimoveis.com.br', '$2a$13$Ww5k9hiHEQRmNTWl9IRlMu/YZWIRg0wyXwWJbL3FRDaXVothCLM7K', '(47)9698-5150', 9, 'normal', 0, 1),
(46, 'Edivan Schmitz', 'edivan@giraldiimoveis.com.br', '$2a$13$PSNcYBY3UmeKSIW5XNNwqOS86ty3OidTRx59ZRjrRryWXy9wNMVqy', '(47)9999-9999', 8, 'normal', 0, 1),
(47, 'Romulo Matias', 'romulo@giraldiimoveis.com.br', '$2a$13$30b42a.RGwXofGZIA7yOVe29m8ht1RFArBDY4ytTo8bNAq1QMyaw2', '(47)9943-2680', 8, 'normal', 0, 1),
(48, 'Rodolfo Gabriel Filho', 'rodolfo@amdgimoveis.com.br', '$2a$13$97WT9z.c3FucpR3x4DmCiu8mLuapAD6LL3NHEuh4aDF1co1Mr23re', '(47)9698-5100', 9, 'normal', 0, 1),
(49, 'Priscila Trindade', 'priscila@prinati.com.br', '$2a$13$mQdc3JbLmwVSf/hTPlS9NuA3DMbDVp1xie387yYZoTIfvQDUddt5K', '(47)3268-1476', 11, 'normal', 0, 0),
(50, 'Alex Ayres', 'alex@araujoimobiliaria.com.br', '$2a$13$1en6PquzGWkJPv45YtgFNu7GU0BQZ2P9yYrtioWuuwoZw9k3TP1vG', '(47)9165-6367', 10, 'normal', 0, 1),
(51, 'Jocelia S Rey - AMDG', 'jo@amdgimoveis.com.br', '$2a$13$ghCcpTKr8fw17RYqG7aRaO7Jef2nZupq9PTC22PosGPLxGE4eNaPC', '(47)9698-5353', 9, 'normal', 0, 1),
(52, 'Priscila Trindade', 'priscila@prinati.com.br', '$2a$13$Xk1s.E7AY6Muu88I.QIYLOVl/V4tEWLhp0VuQY/hdqJrD/gnbvHdG', '(47)3246-1476', 11, 'normal', 0, 0),
(53, 'Priscila Trindade', 'priscila@prinati.com.br', '$2a$13$QVc7qcxaMeNnrqFcBtD5yuye5HeBzOvVaE58aW1qBs/lljuOfQtqS', '(47)3246-1476', 11, 'normal', 0, 0),
(54, 'Priscila Trindade', 'priscila1@prinati.com.br', '$2a$13$ySWi9.rBuJXSsMW8q2A8/uS4iFqTsPBbXjVcN/lQC5g5XvdvREbRy', '(47)3246-1476', 11, 'normal', 0, 1),
(55, 'Francisco Neckel', 'francisconeckel@gmail.com', '$2a$13$u1nIqHL54hs01GGpQN0HLurB/rs2CrHgvHOUFz329JASYHE4bhure', '(47)9728-0162', 12, 'normal', 0, 1),
(56, 'Caroline Pereira Azevedo', 'atendimento@araujoimobiliaria.com.br', '$2a$13$kQuoVchHVNJVFeak/ICEx.KCGVsgfr6h9wBJ0U6/14ysRwnc4m9Wa', '(47)9900-0671', 10, 'normal', 1, 1),
(57, 'Leonardo L Santos', 'leonardo@araujoimobiliaria.com.br', '$2a$13$Mj3yzj1fJqEzTcM1cUDjveGsesGH6nltj2NldrpYwhOxdRspLaVNG', '(47)9981-8620', 10, 'normal', 0, 1),
(58, 'Paim', 'engenharia@dallconstrucoes.com.br', '$2a$13$.W8ZlLxVrsvIAJK2tY2BbOcwRDbZVQ61Qy7HMuGoPfqnslQpeIUmm', '(47)9740-3007', 1, 'engenheiro', 0, 1),
(59, 'Rafael Paim', 'engenharia@dallconstrucoes.com.br', '$2a$13$axrbRtSJ3b8TM6T0UmWcxeXVsm4GT410NqOBoYpNCS/bOHE3yxBHG', '(47)9740-3007', 1, 'engenheiro', 0, 1),
(60, 'Teste Empreiteiro', 'teste@empreiteiro.com.br', '$2a$13$XIGXUW1dRBGorDPQSPWBn.DysANgDTb0Qaj2y76VnMYQVpaorswNq', '(11)1111-1111', NULL, 'empreiteiro', 0, 0),
(61, 'Teste Empreiteiro', 'empreiteiro@dall.com.br', '$2a$13$O8KW9UZpfYdV/2nF13/6Lebbx10p4JUi4ifIrk4h2fzVVpMHj8rGS', '(11)1111-1111', NULL, 'empreiteiro', 0, 1),
(62, 'Teste Engenheiro', 'engenheiro@dall.com.br', '$2a$13$rf4vLmsuhvUhINczMmJRY.zKfg7dGy9tUNY65TALgrHp/ygwhT9iO', '(11)2222-2222', NULL, 'engenheiro', 0, 1),
(63, 'Teste Engenheiro', 'engenharia@teste.com.br', '$2a$13$AqNbNDY17mSBVVqenysz2Opgua86qzUWcV.8X8BIqbjn4Fgnr.t5G', '(11)1111-1111', NULL, 'engenheiro', 0, 1),
(64, 'Teste Engenheiro', 'engenharia@dall.com.br', '$2a$13$l.ooQyEUTt3Re1OGD3RKO.SfWZ1.gaOrHPFhEnEBmKnERMvFXM5fm', '(11)1111-1111', NULL, 'engenheiro', 0, 1);

/*!40101 SET CHARACTER_SET_CLIENT=@OLD_CHARACTER_SET_CLIENT */;
/*!40101 SET CHARACTER_SET_RESULTS=@OLD_CHARACTER_SET_RESULTS */;
/*!40101 SET COLLATION_CONNECTION=@OLD_COLLATION_CONNECTION */;
